Name,SMILES,Molecular Weight (g/mol),nRot,score_available,scored_events,scored_poses,pb_valid_poses,selection_available,RMSD,LDDT_PLI,selected_event,selected_run,selected_energy,selected_pb_valid,PC1,PC2,cluster,minimum_RMSD,minimum_LDDT_PLI,minimum_event,minimum_run,delta_RMSD,energy_success,minimum_success,rescued
A71EV2A-x5747_A_4000_0_1_A71EV2A-x0526+A+147+0+1__LIG,C#C[C@@H]1CCCC[C@H]1OC(=O)N1CCC[C@H](C(N)=O)C1,278.35,4,TRUE,1,10,10,TRUE,0.563,0.967,A71EV2A-x5747a,3,-98.540,TRUE,0.118528519,-0.263792719,C029,0.500902772,0.973270416,A71EV2A-x5747a,9,0.062005222,TRUE,TRUE,FALSE
A71EV2A-x4426_A_201_0_1_A71EV2A-x0526+A+147+0+1__LIG,C#C[C@H](NCCC1=COC=N1)C1=NN(C)C2=C1C=CC=C2,280.33,5,TRUE,1,10,10,TRUE,1.538,0.824,A71EV2A-x4426a,4,-44.463,TRUE,-0.438560105,0.132015016,C007,0.835069239,0.898760319,A71EV2A-x4426a,2,0.702703536,TRUE,TRUE,FALSE
A71EV2A-x5466_A_201_0_1_A71EV2A-x0526+A+147+0+1__LIG,C#CC1=CC=C(C)C(OC(=O)N2CCC[C@H](C(N)=O)C2)=C1,286.33,4,TRUE,1,10,10,TRUE,0.491,0.985,A71EV2A-x5466a,9,-97.363,TRUE,0.036729528,-0.215470193,C015,0.292746335,0.997739613,A71EV2A-x5466a,10,0.19787693,TRUE,TRUE,FALSE
A71EV2A-x6027_A_4000_0_1_A71EV2A-x0526+A+147+0+1__LIG,C=C(C)C1=CC=CC(SC)=C1CC(=O)N1CCC[C@H](C(N)=O)C1,332.47,6,TRUE,1,10,10,TRUE,0.279,1.000,A71EV2A-x6027a,10,-109.025,TRUE,0.196983196,0.074816494,C001,0.262843162,1,A71EV2A-x6027a,6,0.016599566,TRUE,TRUE,FALSE
A71EV2A-x3408_A_201_0_1_A71EV2A-x0526+A+147+0+1__LIG,C=C[S@](=O)(=O)N1CCC[C@H](C(N)=O)C1,218.28,3,TRUE,1,10,10,TRUE,0.388,0.990,A71EV2A-x3408a,4,-41.138,TRUE,0.057020491,-0.200670924,C035,0.333469421,0.992937863,A71EV2A-x3408a,2,0.054749966,TRUE,TRUE,FALSE
A71EV2A-x5015_A_201_0_1_A71EV2A-x0526+A+147+0+1__LIG,C=CC1=CC=CC(CC(=O)N2CCC[C@H](C(N)=O)C2)=N1,273.34,5,TRUE,2,20,20,TRUE,0.562,0.975,A71EV2A-x5015b,2,-110.651,TRUE,0.174353096,-0.12229469,C001,0.37520504,0.991023362,A71EV2A-x5015a,8,0.18629545,TRUE,TRUE,FALSE
A71EV2A-x5359_A_201_0_1_A71EV2A-x0526+A+147+0+1__LIG,C=CC1=CC=CC=C1C[S@](=O)(=O)N1CCC[C@H](C(N)=O)C1,308.4,5,TRUE,1,10,10,TRUE,0.262,1.000,A71EV2A-x5359a,7,-99.277,TRUE,-0.052699468,-0.15576158,C035,0.242381573,1,A71EV2A-x5359a,1,0.019763857,TRUE,TRUE,FALSE
A71EV2A-x5016_A_201_0_1_A71EV2A-x0526+A+147+0+1__LIG,C=CC1=NC=CC=C1CC(=O)N1CCC[C@H](C(N)=O)C1,273.34,5,TRUE,1,10,10,TRUE,0.382,0.980,A71EV2A-x5016a,7,-110.298,TRUE,0.193494776,-0.073350188,C001,0.360884339,0.985321105,A71EV2A-x5016a,6,0.02088511,TRUE,TRUE,FALSE
A71EV2A-x4836_A_201_0_1_A71EV2A-x0526+A+147+0+1__LIG,CC(=O)N1C2=CC=CC=C2C[C@@H]1C(=O)N1CCC[C@H](C(N)=O)C1,315.37,4,TRUE,1,10,10,TRUE,0.751,0.942,A71EV2A-x4836a,9,-111.502,TRUE,0.02771502,-0.2539013,C009,0.743363023,0.943221807,A71EV2A-x4836a,2,0.007591605,TRUE,TRUE,FALSE
A71EV2A-x4322_A_201_0_1_A71EV2A-x0526+A+147+0+1__LIG,CC(=O)NC1=C(CC(=O)N2CCC[C@H](C(N)=O)C2)C=CC=C1,303.36,6,TRUE,1,10,10,TRUE,3.007,0.722,A71EV2A-x4322a,6,-115.487,TRUE,0.146291496,-0.150158659,C001,0.327698737,0.994573653,A71EV2A-x4322a,1,2.679217309,FALSE,TRUE,TRUE
A71EV2A-x4311_A_201_0_1_A71EV2A-x0526+A+147+0+1__LIG,C[C@@](C)(C)C1=CC=CC=C1NC(=O)N1CCC[C@H](C(N)=O)C1,303.41,5,TRUE,1,10,10,TRUE,0.721,0.940,A71EV2A-x4311a,4,-116.787,TRUE,0.027688048,-0.3083263,C003,0.368255526,0.994464934,A71EV2A-x4311a,7,0.352264851,TRUE,TRUE,FALSE
A71EV2A-x4305_A_201_0_1_A71EV2A-x0526+A+147+0+1__LIG,C[C@@H](C)OC1=C(NC(=O)N2CCC[C@H](C(N)=O)C2)C=CC=C1,305.38,6,TRUE,1,10,10,TRUE,0.256,0.997,A71EV2A-x4305a,8,-133.141,TRUE,-0.003045079,-0.322276928,C003,0.187828213,1,A71EV2A-x4305a,10,0.068288147,TRUE,TRUE,FALSE
A71EV2A-x5868_A_4000_0_1_A71EV2A-x0526+A+147+0+1__LIG,C[C@H](C)[C@@H](C1=CC(Cl)=CC(Br)=C1)N1C[C@@H](C(N)=O)CCC1=O,387.71,4,TRUE,1,10,10,TRUE,2.019,0.817,A71EV2A-x5868a,9,-114.054,TRUE,-0.210539619,-0.103190039,C016,1.980942726,0.821641803,A71EV2A-x5868a,2,0.037816525,FALSE,TRUE,TRUE
A71EV2A-x6853_A_4000_0_1_A71EV2A-x0526+A+147+0+1__LIG,CCC(=O)N[C@@H](C(=O)N1CC[C@H](C(N)=O)C1)C1=CC=CC=C1SC,349.46,8,TRUE,1,10,10,TRUE,0.240,0.995,A71EV2A-x6853a,4,-152.636,TRUE,-0.154313164,0.009094191,C006,0.204026774,1,A71EV2A-x6853a,3,0.035831124,TRUE,TRUE,FALSE
A71EV2A-x6738_A_201_0_1_A71EV2A-x0526+A+147+0+1__LIG,CC[C@]1(CC)CCN(C2=C(CC(=O)N3CCC[C@H](C(N)=O)C3)C(SC)=NC=N2)C1,419.6,8,TRUE,1,10,10,TRUE,1.662,0.912,A71EV2A-x6738a,8,-109.074,TRUE,0.36972805,0.241746583,C002,1.070554495,0.96752739,A71EV2A-x6738a,3,0.591863632,TRUE,TRUE,FALSE
A71EV2A-x7169_A_4000_0_1_A71EV2A-x0526+A+147+0+1__LIG,CC[C@]1(CC)CN(C2=NC=NC(SC)=C2CC(=O)N2CCC[C@H](C(N)=O)C2)CC[S@@]1(=O)=O,483.66,8,TRUE,1,10,10,TRUE,0.284,0.999,A71EV2A-x7169a,6,-118.364,TRUE,0.345554569,0.236426307,C002,0.273958772,1,A71EV2A-x7169a,5,0.010311544,TRUE,TRUE,FALSE
A71EV2A-x5288_A_201_0_1_A71EV2A-x0526+A+147+0+1__LIG,CCCSC1=C(NC(=O)N2CCC[C@H](C(N)=O)C2)C(OC)=CC=C1,351.47,8,TRUE,2,20,20,TRUE,1.399,0.957,A71EV2A-x5288b,7,-132.409,TRUE,-0.007831709,-0.220896112,C003,1.127477407,0.979487181,A71EV2A-x5288b,2,0.271724939,TRUE,TRUE,FALSE
A71EV2A-x3944_A_201_0_1_A71EV2A-x0526+A+147+0+1__LIG,CCN(C[C@@H]1CC1)C(=O)C1=CC=CC(CC(=O)N2CCC[C@H](C(N)=O)C2)=C1,371.48,9,TRUE,1,10,10,TRUE,2.817,0.837,A71EV2A-x3944a,1,-96.621,TRUE,0.113072538,-0.103809866,C046,2.483652353,0.894455254,A71EV2A-x3944a,10,0.333665133,FALSE,FALSE,FALSE
A71EV2A-x7432_A_4000_0_1_A71EV2A-x0526+A+147+0+1__LIG,CCN(C1=NC=NC(SC)=C1CC(=O)N1CCC[C@H](C(N)=O)C1)[C@@H](C)C,379.53,8,TRUE,1,10,10,TRUE,0.835,0.977,A71EV2A-x7432a,7,-105.430,TRUE,0.335213788,0.193127847,C002,0.826901257,0.967728734,A71EV2A-x7432a,8,0.00780803,TRUE,TRUE,FALSE
A71EV2A-x3618_A_201_A_1_A71EV2A-x0526+A+147+0+1_ALIG,CCNC(=O)C1=CC=CC(NC(=O)N2CCC[C@H](C(N)=O)C2)=C1,318.38,7,TRUE,2,20,20,TRUE,0.308,0.995,A71EV2A-x3618a,4,-156.209,TRUE,0.007923052,-0.244592581,C003,0.277836055,0.99636364,A71EV2A-x3618a,3,0.030373901,TRUE,TRUE,FALSE
A71EV2A-x6841_A_4000_0_1_A71EV2A-x0526+A+147+0+1__LIG,CCOC(=O)N[C@@H](C(=O)N1CC[C@H](C(N)=O)C1)C1=CC=CC=C1SC,365.45,9,TRUE,1,10,10,TRUE,0.243,1.000,A71EV2A-x6841a,9,-156.430,TRUE,-0.164086099,0.001377774,C006,0.191421241,1,A71EV2A-x6841a,8,0.051274136,TRUE,TRUE,FALSE
A71EV2A-x6844_A_4000_0_1_A71EV2A-x0526+A+147+0+1__LIG,CCOC(=O)N[C@H](C(=O)N1CC[C@H](C(N)=O)C1)C1=CC=CC=C1SC,365.45,9,TRUE,1,10,10,TRUE,0.233,1.000,A71EV2A-x6844a,4,-144.915,TRUE,-0.164086099,0.001377774,C006,0.23331213,1,A71EV2A-x6844a,4,0,TRUE,TRUE,FALSE
A71EV2A-x7446_A_201_0_1_A71EV2A-x0526+A+147+0+1__LIG,CC[S@](=O)(=O)N1CCN(C2=NC=NC(SC)=C2CC(=O)N2CCC[C@H](C(N)=O)C2)[C@H](C)C1,484.65,8,TRUE,1,10,10,TRUE,2.341,0.868,A71EV2A-x7446a,4,-122.436,TRUE,0.347381422,0.242843293,C002,0.483120769,0.98845005,A71EV2A-x7446a,10,1.857684046,FALSE,TRUE,TRUE
A71EV2A-x4309_A_201_0_1_A71EV2A-x0526+A+147+0+1__LIG,CC[S@@](=O)(=O)C1=CC=C(OC)C(NC(=O)N2CCC[C@H](C(N)=O)C2)=C1,369.44,7,TRUE,2,20,20,TRUE,0.496,0.986,A71EV2A-x4309b,1,-147.113,TRUE,0.014790268,-0.277085858,C003,0.221984789,1,A71EV2A-x4309b,7,0.273708478,TRUE,TRUE,FALSE
A71EV2A-x5539_A_201_0_1_A71EV2A-x0526+A+147+0+1__LIG,CCSC1=C(OC(=O)N2CCC[C@H](C(N)=O)C2)C=CC=C1,308.4,6,TRUE,2,20,20,TRUE,0.643,0.943,A71EV2A-x5539b,4,-112.496,TRUE,0.018757414,-0.1579018,C001,0.209483355,0.995404422,A71EV2A-x5539b,1,0.433539063,TRUE,TRUE,FALSE
A71EV2A-x5699_A_4000_0_1_A71EV2A-x0526+A+147+0+1__LIG,CC[C@@H](C1=CC(F)=CC(Br)=C1)N1C[C@@H](C(N)=O)CCC1=O,357.22,4,TRUE,1,10,10,TRUE,1.945,0.816,A71EV2A-x5699a,1,-97.738,TRUE,-0.20035046,-0.062633963,C016,0.77212894,0.924914658,A71EV2A-x5699a,9,1.17315793,TRUE,TRUE,FALSE
A71EV2A-x5676_A_204_0_1_A71EV2A-x0526+A+147+0+1__LIG,CC[C@@H](C1=CC=C(Cl)C(Cl)=C1)N1C[C@@H](C(N)=O)CCC1=O,329.23,4,TRUE,1,10,10,TRUE,1.597,0.850,A71EV2A-x5676a,1,-96.103,TRUE,-0.218786335,-0.093228962,C016,0.610635161,0.979681969,A71EV2A-x5676a,3,0.986498356,TRUE,TRUE,FALSE
A71EV2A-x5381_A_201_0_1_A71EV2A-x0526+A+147+0+1__LIG,CC[C@@H](C1=C2NC=CC2=CC=C1)N1C[C@@H](C(N)=O)CCC1=O,299.37,4,TRUE,2,20,20,TRUE,0.201,1.000,A71EV2A-x5381a,10,-92.724,TRUE,-0.251345262,-0.098374183,C016,0.146090671,1,A71EV2A-x5381a,3,0.054619953,TRUE,TRUE,FALSE
A71EV2A-x7510_A_207_0_1_A71EV2A-x0526+A+147+0+1__LIG,CC[C@@H]1CCCN1C1=C(CC(=O)N2CCC[C@H](C(N)=O)C2)C(SC)=NC=N1,391.54,7,TRUE,2,20,20,TRUE,0.694,0.973,A71EV2A-x7510b,4,-114.124,TRUE,0.387329582,0.251771954,C002,0.693837762,0.972602725,A71EV2A-x7510b,4,0,TRUE,TRUE,FALSE
A71EV2A-x7613_A_4000_0_1_A71EV2A-x0526+A+147+0+1__LIG,CC[C@@H]1CS[C@H](C(N)=O)CN1C(=O)OC1=CC(Br)=CC=C1SC,419.37,6,TRUE,1,10,10,TRUE,0.274,0.999,A71EV2A-x7613a,7,-115.385,TRUE,-0.254308833,0.266943348,C005,0.236102134,1,A71EV2A-x7613a,8,0.037612647,TRUE,TRUE,FALSE
A71EV2A-x7011_A_4000_0_1_A71EV2A-x0526+A+147+0+1__LIG,CC[C@H]1CCCN1C1=NC=NC(SC)=C1CC(=O)N1CCC[C@H](C(N)=O)C1,391.54,7,TRUE,1,10,10,TRUE,1.573,0.946,A71EV2A-x7011a,6,-111.109,TRUE,0.387329582,0.251771954,C002,0.726927936,0.990338147,A71EV2A-x7011a,10,0.845637858,TRUE,TRUE,FALSE
A71EV2A-x7321_A_4000_0_1_A71EV2A-x0526+A+147+0+1__LIG,CC[C@H]1CS[C@H](C(N)=O)CN1C(=O)OC1=CC(Br)=CC=C1SC,419.37,6,TRUE,1,10,10,TRUE,0.885,0.949,A71EV2A-x7321a,3,-109.852,TRUE,-0.254308833,0.266943348,C005,0.229636639,0.995974243,A71EV2A-x7321a,7,0.655647486,TRUE,TRUE,FALSE
A71EV2A-x4331_A_201_0_1_A71EV2A-x0526+A+147+0+1__LIG,CCC1=CC=CC=C1CC(=O)N1CCC[C@H](C(N)=O)C1,274.36,5,TRUE,2,20,20,TRUE,0.284,0.998,A71EV2A-x4331a,4,-108.590,TRUE,0.192997565,-0.120640275,C001,0.230515093,1,A71EV2A-x4331a,1,0.053975552,TRUE,TRUE,FALSE
A71EV2A-x4954_A_201_0_1_A71EV2A-x0526+A+147+0+1__LIG,CCC1=C(CN2C[C@@H](C(N)=O)CCC2=O)SC=C1,266.37,4,TRUE,1,10,10,TRUE,0.438,0.989,A71EV2A-x4954a,5,-99.974,TRUE,-0.256594344,-0.11636619,C004,0.3550165,0.996641099,A71EV2A-x4954a,8,0.082523286,TRUE,TRUE,FALSE
A71EV2A-x6797_A_4000_0_1_A71EV2A-x0526+A+147+0+1__LIG,CCN1C=C(C(=O)N[C@H](C(=O)N2CC[C@H](C(N)=O)C2)C2=CC=CC=C2SC)C=N1,415.52,9,TRUE,1,10,10,TRUE,0.513,0.987,A71EV2A-x6797a,1,-131.892,TRUE,-0.169029948,0.0395148,C006,0.498207927,0.982192755,A71EV2A-x6797a,6,0.014592469,TRUE,TRUE,FALSE
A71EV2A-x5753_A_4000_0_1_A71EV2A-x0526+A+147+0+1__LIG,CCN1N=CC2=C1C[C@@H](C(=O)N1CC[C@H](C(N)=O)C1)CC2,290.37,4,TRUE,1,10,10,TRUE,0.412,0.994,A71EV2A-x5753a,10,-95.453,TRUE,-0.082739695,-0.103876882,C047,0.26604405,0.999122798,A71EV2A-x5753a,3,0.146063864,TRUE,TRUE,FALSE
A71EV2A-x6945_A_1001_0_1_A71EV2A-x0526+A+147+0+1__LIG,CCN1N=CC=C1C(=O)N[C@@H](C(=O)N1CC[C@H](C(N)=O)C1)C1=CC=CC=C1SC,415.52,9,TRUE,1,10,10,TRUE,0.368,0.992,A71EV2A-x6945a,3,-131.322,TRUE,-0.174661183,0.03846387,C006,0.368157506,0.992052972,A71EV2A-x6945a,3,0,TRUE,TRUE,FALSE
A71EV2A-x5497_A_4000_0_1_A71EV2A-x0526+A+147+0+1__LIG,CN(C)C(=O)[C@@H](C1=CC=CC=C1)N1C[C@@H](C(N)=O)CC1=O,289.34,5,TRUE,1,10,10,TRUE,0.291,0.999,A71EV2A-x5497a,10,-117.402,TRUE,-0.266983459,-0.060649605,C030,0.252841085,0.999140918,A71EV2A-x5497a,5,0.037924111,TRUE,TRUE,FALSE
A71EV2A-x5949_A_4000_0_1_A71EV2A-x0526+A+147+0+1__LIG,CN(C)C1=CC=CC2=C1C[C@@H](C(=O)N1CC[C@H](C(N)=O)C1)S2,319.43,4,TRUE,1,10,10,TRUE,0.442,0.991,A71EV2A-x5949a,8,-100.073,TRUE,-0.1043812,-0.161152339,C048,0.274578631,0.991228044,A71EV2A-x5949a,4,0.167648375,TRUE,TRUE,FALSE
A71EV2A-x5584_A_201_0_1_A71EV2A-x0526+A+147+0+1__LIG,CN1CCC2=C(C=C(OC(=O)N3CCC[C@H](C(N)=O)C3)C(F)=C2)C1,335.38,4,TRUE,2,20,20,TRUE,0.848,0.967,A71EV2A-x5584a,7,-102.463,TRUE,0.0224877,-0.181992953,C015,0.232500449,1,A71EV2A-x5584a,9,0.615704522,TRUE,TRUE,FALSE
A71EV2A-x4583_A_201_0_1_A71EV2A-x0526+A+147+0+1__LIG,CN1C2=CC=CC=C2C[C@@H]1C(=O)N1CCC[C@H](C(N)=O)C1,287.36,3,TRUE,2,20,20,TRUE,0.305,0.999,A71EV2A-x4583b,4,-91.647,TRUE,0.031384197,-0.251303063,C009,0.223573908,1,A71EV2A-x4583b,6,0.081839725,TRUE,TRUE,FALSE
A71EV2A-x5317_A_201_0_1_A71EV2A-x0526+A+147+0+1__LIG,CNC(=O)[C@@H](C1=CC=CC(C)=C1)N1C[C@@H](C(N)=O)CC1=O,289.34,5,TRUE,1,10,10,TRUE,0.198,1.000,A71EV2A-x5317a,4,-132.472,TRUE,-0.292939052,-0.070047919,C049,0.192923099,1,A71EV2A-x5317a,5,0.00497584,TRUE,TRUE,FALSE
A71EV2A-x7297_A_4000_0_1_A71EV2A-x0526+A+147+0+1__LIG,CNC(=O)[C@@H]1CCN1C1=NC=NC(SC)=C1CC(=O)N1CCC[C@H](C(N)=O)C1,406.51,8,TRUE,1,10,10,TRUE,2.425,0.884,A71EV2A-x7297a,10,-121.436,TRUE,0.356079808,0.225408339,C002,0.285659075,1,A71EV2A-x7297a,1,2.138908625,FALSE,TRUE,TRUE
A71EV2A-x2290_F_301_0_1_A71EV2A-x0526+A+147+0+1__LIG,CNC(=O)C1=NN(C)C2=CC=CC=C21,189.22,2,TRUE,1,10,10,TRUE,0.279,1.000,A71EV2A-x2290a,10,-46.896,TRUE,-0.496510209,0.109818734,C007,0.260591894,0.998876393,A71EV2A-x2290a,3,0.018045813,TRUE,TRUE,FALSE
A71EV2A-x5226_A_4000_0_1_A71EV2A-x0526+A+147+0+1__LIG,CNC(=O)C1=C(CN2C[C@@H](C(N)=O)CCC2=O)C2=CC=CC=C2O1,329.36,5,TRUE,1,10,10,TRUE,0.196,1.000,A71EV2A-x5226a,6,-119.770,TRUE,-0.322558162,-0.10262132,C004,0.196261883,1,A71EV2A-x5226a,6,0,TRUE,TRUE,FALSE
A71EV2A-x6021_A_201_0_1_A71EV2A-x0526+A+147+0+1__LIG,CNC1=NC=NC(SC)=C1CC(=O)N1CCC[C@H](C(N)=O)C1,323.42,6,TRUE,1,10,10,TRUE,0.249,0.999,A71EV2A-x6021a,5,-127.544,TRUE,0.357889077,0.191323527,C001,0.239512518,1,A71EV2A-x6021a,3,0.009764701,TRUE,TRUE,FALSE
A71EV2A-x7018_A_4000_0_1_A71EV2A-x0526+A+147+0+1__LIG,COC(=O)N1CCCN(C2=NC=NC(SC)=C2CC(=O)N2CCC[C@H](C(N)=O)C2)CC1,450.57,8,TRUE,1,10,10,TRUE,0.375,0.995,A71EV2A-x7018a,9,-145.033,TRUE,0.345364405,0.212460264,C002,0.272350758,1,A71EV2A-x7018a,2,0.102569133,TRUE,TRUE,FALSE
A71EV2A-x7589_A_201_0_1_A71EV2A-x0526+A+147+0+1__LIG,COC(=O)N[C@H]1CCN(C2=NC=NC(SC)=C2CC(=O)N2CCC[C@H](C(N)=O)C2)C1,436.54,9,TRUE,1,10,10,TRUE,0.494,0.990,A71EV2A-x7589a,5,-147.754,TRUE,0.336793209,0.217111276,C002,0.49403137,0.98989898,A71EV2A-x7589a,5,0,TRUE,TRUE,FALSE
A71EV2A-x6973_A_4000_0_1_A71EV2A-x0526+A+147+0+1__LIG,CO[C@@](C)(C)C(=O)N[C@@H](C(=O)N1CC[C@H](C(N)=O)C1)C1=CC=CC=C1SC,393.51,9,TRUE,1,10,10,TRUE,0.207,1.000,A71EV2A-x6973a,6,-152.243,TRUE,-0.171672739,-0.027402554,C006,0.207110867,1,A71EV2A-x6973a,6,0,TRUE,TRUE,FALSE
A71EV2A-x3522_A_201_A_1_A71EV2A-x0526+A+147+0+1_ALIG,COCC(=O)NC1=C(Cl)C=C(C)C=C1OCC1=NC=CC=N1,321.76,7,TRUE,2,20,20,TRUE,0.559,0.978,A71EV2A-x3522b,1,-86.148,TRUE,-0.332435132,0.091677334,C036,0.548087299,0.976480842,A71EV2A-x3522b,6,0.011401176,TRUE,TRUE,FALSE
A71EV2A-x3488_A_201_0_1_A71EV2A-x0526+A+147+0+1__LIG,COCC(=O)NC1=C(OC2=CC(C(N)=O)=CC=C2)C=C(C)C=C1Cl,348.79,7,TRUE,1,10,10,TRUE,0.773,0.972,A71EV2A-x3488a,3,-104.710,TRUE,-0.364566209,0.008904482,C036,0.446380705,0.977919161,A71EV2A-x3488a,9,0.326584011,TRUE,TRUE,FALSE
A71EV2A-x7161_A_4000_0_1_A71EV2A-x0526+A+147+0+1__LIG,COC[C@@H]1CCCN1C1=NC=NC(SC)=C1CC(=O)N1CCC[C@H](C(N)=O)C1,407.54,8,TRUE,1,10,10,TRUE,1.453,0.929,A71EV2A-x7161a,8,-113.983,TRUE,0.371273192,0.226905862,C002,0.992776096,0.927934647,A71EV2A-x7161a,1,0.460522234,TRUE,TRUE,FALSE
A71EV2A-x7353_A_4000_A_1_A71EV2A-x0526+A+147+0+1_ALIG,COC[C@@H]1CCN1C1=NC=NC(SC)=C1CC(=O)N1CCC[C@H](C(N)=O)C1,393.51,8,TRUE,2,20,20,TRUE,1.457,0.939,A71EV2A-x7353b,8,-103.961,TRUE,0.365546046,0.221411048,C002,0.607245028,0.989353299,A71EV2A-x7353b,9,0.84928447,TRUE,TRUE,FALSE
A71EV2A-x3176_A_201_0_1_A71EV2A-x0526+A+147+0+1__LIG,COC[C@H](C)NC(=O)C1=NN(C)C2=CC=CC=C21,247.3,5,TRUE,1,10,10,TRUE,1.469,0.815,A71EV2A-x3176a,5,-75.826,TRUE,-0.47774,0.100331638,C024,0.178764597,1,A71EV2A-x3176a,10,1.289831385,TRUE,TRUE,FALSE
A71EV2A-x7175_A_201_0_1_A71EV2A-x0526+A+147+0+1__LIG,COC[C@H]1CCCN1C1=C(CC(=O)N2CCC[C@H](C(N)=O)C2)C(SC)=NC=N1,407.54,8,TRUE,1,10,10,TRUE,0.305,1.000,A71EV2A-x7175a,1,-117.790,TRUE,0.371273192,0.226905862,C002,0.288754225,0.997213364,A71EV2A-x7175a,7,0.016204536,TRUE,TRUE,FALSE
A71EV2A-x5488_A_201_0_1_A71EV2A-x0526+A+147+0+1__LIG,COC[C@H]1CC[C@H](C(N)=O)CN1C(=O)CC1=CC=CC=C1SC,336.46,7,TRUE,1,10,10,TRUE,1.424,0.832,A71EV2A-x5488a,1,-99.957,TRUE,-0.164144391,0.18985211,C001,1.199073911,0.909624398,A71EV2A-x5488a,10,0.225055933,TRUE,TRUE,FALSE
A71EV2A-x3936_A_201_0_1_A71EV2A-x0526+A+147+0+1__LIG,COC[C@]1(C(=O)N2CCC[C@H](C(N)=O)C2)CCCCO1,284.36,5,TRUE,1,10,10,TRUE,3.069,0.683,A71EV2A-x3936a,5,-96.949,TRUE,0.102205956,-0.196705485,C032,0.65576303,0.96654278,A71EV2A-x3936a,3,2.413237691,FALSE,TRUE,TRUE
A71EV2A-x5398_A_4000_0_1_A71EV2A-x0526+A+147+0+1__LIG,COC[C@]1(C)C[C@H](C(N)=O)CN1C(=O)CC1=CC(Br)=CC=C1SC,415.35,7,TRUE,1,10,10,TRUE,0.244,1.000,A71EV2A-x5398a,5,-108.381,TRUE,-0.186740927,0.253071421,C011,0.244388923,1,A71EV2A-x5398a,5,0,TRUE,TRUE,FALSE
A71EV2A-x4963_A_201_0_1_A71EV2A-x0526+A+147+0+1__LIG,COC[C@@]12C[C@@](C(N)=O)(CN1C(=O)CC1=CC=CC=C1OC)C2,318.37,7,TRUE,2,20,20,TRUE,0.298,1.000,A71EV2A-x4963b,5,-70.431,TRUE,-0.295580933,0.069779787,C050,0.270089626,1,A71EV2A-x4963b,1,0.027992189,TRUE,TRUE,FALSE
A71EV2A-x4368_A_201_0_1_A71EV2A-x0526+A+147+0+1__LIG,COCC1=C(CC(=O)N2CCC[C@H](C(N)=O)C2)C=CC=C1,290.36,6,TRUE,1,10,10,TRUE,0.411,0.992,A71EV2A-x4368a,7,-111.726,TRUE,0.161507535,-0.128625182,C001,0.342662424,0.997803152,A71EV2A-x4368a,2,0.068334192,TRUE,TRUE,FALSE
A71EV2A-x3483_A_201_0_1_A71EV2A-x0526+A+147+0+1__LIG,COCC1=C(NC(=O)N2CCC[C@H](C(N)=O)C2)C=CC=C1,291.35,6,TRUE,1,10,10,TRUE,0.437,0.980,A71EV2A-x3483a,3,-119.997,TRUE,0.020191935,-0.282338361,C001,0.366564184,0.988636374,A71EV2A-x3483a,8,0.070782959,TRUE,TRUE,FALSE
A71EV2A-x3939_A_201_0_1_A71EV2A-x0526+A+147+0+1__LIG,CO[C@@H](C(=O)N1CCC[C@H](C(N)=O)C1)C1=CC=CC=C1C,290.36,5,TRUE,1,10,10,TRUE,2.186,0.798,A71EV2A-x3939a,2,-96.942,TRUE,0.008786742,-0.279007401,C003,1.594399929,0.854495287,A71EV2A-x3939a,4,0.591799736,FALSE,TRUE,TRUE
A71EV2A-x3937_A_201_0_1_A71EV2A-x0526+A+147+0+1__LIG,CO[C@@H](C(=O)N1CCC[C@H](C(N)=O)C1)C1=CC=CN=C1,277.32,5,TRUE,1,10,10,TRUE,0.770,0.939,A71EV2A-x3937a,6,-97.627,TRUE,0.035963512,-0.234996121,C008,0.470835835,0.983962238,A71EV2A-x3937a,2,0.299417824,TRUE,TRUE,FALSE
A71EV2A-x7238_A_201_0_1_A71EV2A-x0526+A+147+0+1__LIG,CO[C@@H]1CCCN(C2=NC=NC(SC)=C2CC(=O)N2CCC[C@H](C(N)=O)C2)C1,407.54,7,TRUE,1,10,10,TRUE,1.622,0.920,A71EV2A-x7238a,8,-109.788,TRUE,0.366545641,0.239793102,C002,1.395902395,0.936733127,A71EV2A-x7238a,1,0.225891352,TRUE,TRUE,FALSE
A71EV2A-x3575_A_201_0_1_A71EV2A-x0526+A+147+0+1__LIG,COC1=C(C#N)C=CC=C1CC(=O)N1CCC[C@H](C(N)=O)C1,301.35,5,TRUE,1,10,10,TRUE,0.798,0.926,A71EV2A-x3575a,2,-100.829,TRUE,0.146355416,-0.132692268,C001,0.523772717,0.974662185,A71EV2A-x3575a,9,0.274632454,TRUE,TRUE,FALSE
A71EV2A-x4310_A_201_0_1_A71EV2A-x0526+A+147+0+1__LIG,COC1=C(NC(=O)N2CCC[C@H](C(N)=O)C2)C=CC=C1[C@](F)(F)F,345.32,6,TRUE,2,20,20,TRUE,0.353,0.990,A71EV2A-x4310a,7,-126.737,TRUE,0.01575602,-0.314560238,C003,0.254645795,1,A71EV2A-x4310b,3,0.098275065,TRUE,TRUE,FALSE
A71EV2A-x4845_A_201_0_1_A71EV2A-x0526+A+147+0+1__LIG,COC1=C(OC)C=C(CC(=O)N2CCC[C@H](C(N)=O)C2)C(Br)=C1,385.26,6,TRUE,1,10,10,TRUE,0.759,0.951,A71EV2A-x4845a,5,-103.285,TRUE,0.198563218,-0.078000487,C001,0.754172921,0.940878391,A71EV2A-x4845a,6,0.004903615,TRUE,TRUE,FALSE
A71EV2A-x4203_A_201_0_1_A71EV2A-x0526+A+147+0+1__LIG,COC1=CC(Cl)=CC=C1CC(=O)N1CCC[C@H](C(N)=O)C1,310.78,5,TRUE,1,10,10,TRUE,0.243,1.000,A71EV2A-x4203a,8,-104.202,TRUE,0.157614065,-0.142302951,C001,0.242887929,1,A71EV2A-x4203a,8,0,TRUE,TRUE,FALSE
A71EV2A-x1445_B_201_0_1_A71EV2A-x0526+A+147+0+1__LIG,COC1=NN(C)C(NC(=O)C[C@@H](C)[C@](F)(F)F)=C1,265.23,6,TRUE,2,20,20,TRUE,1.757,0.872,A71EV2A-x1445a,3,-58.903,TRUE,-0.349964024,0.090556062,C051,0.979359269,0.949660659,A71EV2A-x1445a,10,0.77791965,TRUE,TRUE,FALSE
A71EV2A-x4415_A_201_0_1_A71EV2A-x0526+A+147+0+1__LIG,COC1=CC=C(C#N)C=C1NC(=O)N1CCC[C@H](C(N)=O)C1,302.33,5,TRUE,1,10,10,TRUE,0.300,0.998,A71EV2A-x4415a,1,-127.727,TRUE,0.01109249,-0.291200615,C003,0.270982742,0.997418225,A71EV2A-x4415a,9,0.029270083,TRUE,TRUE,FALSE
A71EV2A-x4028_A_201_0_1_A71EV2A-x0526+A+147+0+1__LIG,COC1=CC=C([C@](F)(F)F)C=C1CC(=O)N1CCC[C@H](C(N)=O)C1,344.33,6,TRUE,1,10,10,TRUE,0.326,0.994,A71EV2A-x4028a,1,-100.805,TRUE,0.16305024,-0.115798948,C001,0.326232165,0.993720591,A71EV2A-x4028a,1,0,TRUE,TRUE,FALSE
A71EV2A-x4777_A_201_0_1_A71EV2A-x0526+A+147+0+1__LIG,COC1=CC=C([C@](F)(F)F)C=C1CC(=O)N1CCS[C@@H](C(N)=O)C1,362.37,6,TRUE,1,10,10,TRUE,0.531,0.989,A71EV2A-x4777a,4,-109.649,TRUE,-0.082876939,0.048775524,C033,0.433344454,0.996290803,A71EV2A-x4777a,1,0.097438306,TRUE,TRUE,FALSE
A71EV2A-x4778_A_201_0_1_A71EV2A-x0526+A+147+0+1__LIG,COC1=CC=C([C@](F)(F)F)C=C1CC(=O)N1CCS[C@H](C(N)=O)C1,362.37,6,TRUE,1,10,10,TRUE,0.516,0.982,A71EV2A-x4778a,8,-113.161,TRUE,-0.082876939,0.048775524,C033,0.33885926,0.998150885,A71EV2A-x4778a,4,0.177470922,TRUE,TRUE,FALSE
A71EV2A-x4843_A_201_0_1_A71EV2A-x0526+A+147+0+1__LIG,COC1=CC=C([C@@](F)(F)F)C=C1N(C)C(=O)N1CCC[C@H](C(N)=O)C1,359.35,6,TRUE,1,10,10,TRUE,1.308,0.853,A71EV2A-x4843a,4,-101.397,TRUE,0.04825013,-0.222884653,C052,0.614418149,0.949615359,A71EV2A-x4843a,7,0.693176508,TRUE,TRUE,FALSE
A71EV2A-x4429_A_201_0_1_A71EV2A-x0526+A+147+0+1__LIG,COC1=CC=C([C@@](F)(F)F)C=C1NC(=O)N1CCC[C@H](C(N)=O)C1,345.32,6,TRUE,1,10,10,TRUE,0.332,0.994,A71EV2A-x4429a,7,-127.301,TRUE,0.036323625,-0.290886312,C003,0.241883889,1,A71EV2A-x4429a,9,0.08965297,TRUE,TRUE,FALSE
A71EV2A-x3557_A_201_0_1_A71EV2A-x0526+A+147+0+1__LIG,COC1=CC(OC)=C(CC(=O)N2CCC[C@H](C(N)=O)C2)C=C1,306.36,6,TRUE,2,20,20,TRUE,0.280,1.000,A71EV2A-x3557a,6,-113.152,TRUE,0.159795186,-0.130845514,C001,0.280451924,0.999590814,A71EV2A-x3557a,6,0,TRUE,TRUE,FALSE
A71EV2A-x2513_D_301_0_1_A71EV2A-x0526+A+147+0+1__LIG,COC1=CC=C(Cl)C2=C1C(=O)C(=O)N2,211.6,1,TRUE,1,10,10,TRUE,4.474,0.364,A71EV2A-x2513a,8,-38.665,TRUE,-0.377913099,0.018172269,C053,4.42112112,0.366822422,A71EV2A-x2513a,6,0.05288744,FALSE,FALSE,FALSE
A71EV2A-x3940_A_201_0_1_A71EV2A-x0526+A+147+0+1__LIG,COC1=CC=C(Cl)C=C1CC(=O)N1CCC[C@H](C(N)=O)C1,310.78,5,TRUE,1,10,10,TRUE,0.412,0.997,A71EV2A-x3940a,6,-94.040,TRUE,0.154933707,-0.145527287,C001,0.41193226,0.997148275,A71EV2A-x3940a,6,0,TRUE,TRUE,FALSE
A71EV2A-x5278_A_201_0_1_A71EV2A-x0526+A+147+0+1__LIG,COC1=CC=C(Cl)C=C1N[S@@](=O)(=O)N1CCC[C@H](C(N)=O)C1,347.82,5,TRUE,1,10,10,TRUE,2.593,0.758,A71EV2A-x5278a,9,-91.257,TRUE,-0.086113568,-0.212099145,C021,0.332226038,0.997822285,A71EV2A-x5278a,5,2.260776997,FALSE,TRUE,TRUE
A71EV2A-x4829_A_201_0_1_A71EV2A-x0526+A+147+0+1__LIG,COC1=CC=C(Cl)C=C1OC(=O)N1CCC[C@H](C(N)=O)C1,312.75,5,TRUE,4,40,40,TRUE,0.290,0.997,A71EV2A-x4829a,5,-117.643,TRUE,0.038644976,-0.266437403,C003,0.157695293,1,A71EV2A-x4903b,6,0.132477522,TRUE,TRUE,FALSE
A71EV2A-x3546_A_201_0_1_A71EV2A-x0526+A+147+0+1__LIG,COC1=CC=C(F)C=C1CC(=O)N1CCC[C@H](C(N)=O)C1,294.33,5,TRUE,1,10,10,TRUE,0.196,1.000,A71EV2A-x3546a,5,-107.062,TRUE,0.168017917,-0.134376087,C001,0.195886165,1,A71EV2A-x3546a,5,0,TRUE,TRUE,FALSE
A71EV2A-x4304_A_201_0_1_A71EV2A-x0526+A+147+0+1__LIG,COC1=CC=C(N[S@](C)(=O)=O)C=C1NC(=O)N1CCC[C@H](C(N)=O)C1,370.43,7,TRUE,1,10,10,TRUE,0.857,0.968,A71EV2A-x4304a,10,-119.101,TRUE,0.001590882,-0.301946719,C003,0.484460503,0.989370108,A71EV2A-x4304a,9,0.372421473,TRUE,TRUE,FALSE
A71EV2A-x4303_A_201_0_1_A71EV2A-x0526+A+147+0+1__LIG,COC1=CC=C([S@](C)(=O)=O)C=C1NC(=O)N1CCC[C@H](C(N)=O)C1,355.42,6,TRUE,2,20,20,TRUE,0.273,1.000,A71EV2A-x4303b,1,-139.171,TRUE,0.013932942,-0.304117743,C003,0.204303473,1,A71EV2A-x4303b,3,0.068498492,TRUE,TRUE,FALSE
A71EV2A-x3954_A_201_0_1_A71EV2A-x0526+A+147+0+1__LIG,COC1=NC2=C(C=C1)CC[C@@H]2C(=O)N1CCC[C@H](C(N)=O)C1,303.36,4,TRUE,1,10,10,TRUE,0.338,1.000,A71EV2A-x3954a,8,-88.027,TRUE,0.055415847,-0.202736845,C054,0.248502344,0.999552786,A71EV2A-x3954a,5,0.089030147,TRUE,TRUE,FALSE
A71EV2A-x5036_A_201_0_1_A71EV2A-x0526+A+147+0+1__LIG,COC1=CC=CC(CN2C[C@@H](C(N)=O)CCC2=O)=C1,262.31,4,TRUE,2,20,20,TRUE,0.318,0.996,A71EV2A-x5036b,1,-106.809,TRUE,-0.312284966,-0.16483846,C004,0.267932355,0.997153699,A71EV2A-x5036b,9,0.05047521,TRUE,TRUE,FALSE
A71EV2A-x3858_A_201_0_1_A71EV2A-x0526+A+147+0+1__LIG,COC1=CC=CC(Cl)=C1CC(=O)N1CCC[C@@H](C(N)=O)C1,310.78,5,TRUE,2,20,20,TRUE,0.249,1.000,A71EV2A-x3858b,10,-106.672,TRUE,0.171317473,-0.156484292,C001,0.247496828,1,A71EV2A-x3858b,3,0.001164898,TRUE,TRUE,FALSE
A71EV2A-x3942_A_201_0_1_A71EV2A-x0526+A+147+0+1__LIG,COC1=CC=CC(Cl)=C1CC(=O)N1CCC[C@H](C(N)=O)C1,310.78,5,TRUE,2,20,20,TRUE,0.663,0.961,A71EV2A-x3942a,6,-105.279,TRUE,0.171317473,-0.156484292,C001,0.566068053,0.975570023,A71EV2A-x3942a,5,0.097295642,TRUE,TRUE,FALSE
A71EV2A-x3993_A_201_0_1_A71EV2A-x0526+A+147+0+1__LIG,COC1=CC=CC(Cl)=C1CC(=O)N1C[C@H](C(N)=O)C[C@H](C(=O)N[C@@H]2CC2)C1,393.87,8,TRUE,2,20,20,TRUE,0.322,0.994,A71EV2A-x3993a,6,-125.936,TRUE,-0.104698,-0.023099709,C037,0.308932632,0.999291778,A71EV2A-x3993a,7,0.012856245,TRUE,TRUE,FALSE
A71EV2A-x4239_A_201_0_1_A71EV2A-x0526+A+147+0+1__LIG,COC1=CC=CC(Cl)=C1CC(=O)N1C[C@H](C(N)=O)[C@H]2CCC[C@H]21,336.82,5,TRUE,1,10,10,TRUE,0.296,0.997,A71EV2A-x4239a,9,-110.586,TRUE,-0.16499361,0.015273982,C037,0.214412287,1,A71EV2A-x4239a,2,0.08208324,TRUE,TRUE,FALSE
A71EV2A-x4035_A_201_0_1_A71EV2A-x0526+A+147+0+1__LIG,COC1=CC=CC(Cl)=C1NC(=O)N1CCC[C@H](C(N)=O)C1,311.77,5,TRUE,2,20,20,TRUE,0.295,0.998,A71EV2A-x4035a,5,-126.573,TRUE,0.008988904,-0.339513057,C003,0.250143439,1,A71EV2A-x4035a,1,0.045302451,TRUE,TRUE,FALSE
A71EV2A-x3992_A_201_0_1_A71EV2A-x0526+A+147+0+1__LIG,COC1=CC=CC(Cl)=C1NC(=O)N1CC[C@H](C(N)=O)C1,297.74,5,TRUE,2,20,20,TRUE,0.272,0.995,A71EV2A-x3992a,1,-116.156,TRUE,-0.141789504,-0.275668537,C003,0.1970018,1,A71EV2A-x3992b,9,0.074939564,TRUE,TRUE,FALSE
A71EV2A-x3485_A_201_0_1_A71EV2A-x0526+A+147+0+1__LIG,COC1=CC=CC(NC(=O)N2CCC[C@H](C(N)=O)C2)=C1,277.32,5,TRUE,1,10,10,TRUE,0.271,0.997,A71EV2A-x3485a,1,-125.103,TRUE,0.006511955,-0.322916733,C003,0.245157167,0.998239458,A71EV2A-x3485a,5,0.026205584,TRUE,TRUE,FALSE
A71EV2A-x4524_A_201_0_1_A71EV2A-x0526+A+147+0+1__LIG,COC1=CC=CC(NC(=O)N2CCC[C@H](C(N)=O)C2)=C1Cl,311.77,5,TRUE,3,30,30,TRUE,0.674,0.945,A71EV2A-x4873b,6,-123.272,TRUE,0.007205617,-0.354979602,C003,0.266148716,1,A71EV2A-x4524a,8,0.408288449,TRUE,TRUE,FALSE
A71EV2A-x4298_A_201_0_1_A71EV2A-x0526+A+147+0+1__LIG,COC1=CC=CC(NC(=O)N2CCC[C@H](C(N)=O)C2)=N1,278.31,5,TRUE,1,10,10,TRUE,0.223,1.000,A71EV2A-x4298a,2,-125.666,TRUE,0.045886351,-0.26572454,C003,0.190385044,1,A71EV2A-x4298a,3,0.032350302,TRUE,TRUE,FALSE
A71EV2A-x5289_A_201_0_1_A71EV2A-x0526+A+147+0+1__LIG,COC1=CC=CC(S[C@H](C)C)=C1NC(=O)N1CCC[C@H](C(N)=O)C1,351.47,7,TRUE,2,20,20,TRUE,0.772,0.984,A71EV2A-x5289a,3,-127.637,TRUE,-0.01274193,-0.250316507,C003,0.621707976,0.980670094,A71EV2A-x5289a,9,0.150254965,TRUE,TRUE,FALSE
A71EV2A-x4554_A_201_0_1_A71EV2A-x0526+A+147+0+1__LIG,COC1=CC=CC(SC)=C1NC(=O)N1CCC[C@H](C(N)=O)C1,323.42,6,TRUE,1,10,10,TRUE,2.816,0.691,A71EV2A-x4554a,6,-109.830,TRUE,0.012901454,-0.157941128,C001,1.10291934,0.876527071,A71EV2A-x4554a,8,1.713370323,FALSE,TRUE,TRUE
A71EV2A-x4316_A_201_0_1_A71EV2A-x0526+A+147+0+1__LIG,COC1=CC=CC2=C1CC[C@H]2N1C[C@@H](C(N)=O)CCC1=O,288.35,3,TRUE,1,10,10,TRUE,0.766,0.933,A71EV2A-x4316a,2,-79.660,TRUE,-0.286705609,-0.179505865,C004,0.393600971,0.991992891,A71EV2A-x4316a,1,0.372436851,TRUE,TRUE,FALSE
A71EV2A-x5389_A_201_0_1_A71EV2A-x0526+A+147+0+1__LIG,COC1=CC=CC2=C1N(C(=O)N1CCC[C@H](C(N)=O)C1)CCS2,335.43,4,TRUE,1,10,10,TRUE,0.157,1.000,A71EV2A-x5389a,6,-110.303,TRUE,0.012093269,-0.27882851,C003,0.127518609,1,A71EV2A-x5389a,3,0.029118299,TRUE,TRUE,FALSE
A71EV2A-x3977_A_201_0_1_A71EV2A-x0526+A+147+0+1__LIG,COC1=CC=CC=C1CC(=O)N(C)CCC(N)=O,250.3,7,TRUE,1,10,10,TRUE,0.231,1.000,A71EV2A-x3977a,5,-104.756,TRUE,-0.326213929,0.030383575,C055,0.230707079,1,A71EV2A-x3977a,5,0,TRUE,TRUE,FALSE
A71EV2A-x3571_A_201_0_1_A71EV2A-x0526+A+147+0+1__LIG,COC1=CC=CC=C1CC(=O)N1CCCC[C@H](C(N)=O)C1,290.36,5,TRUE,2,20,20,TRUE,0.173,1.000,A71EV2A-x3571b,1,-111.592,TRUE,0.098162198,-0.147413402,C001,0.145342335,1,A71EV2A-x3571a,9,0.027669683,TRUE,TRUE,FALSE
A71EV2A-x3186_D_245_0_1_A71EV2A-x0526+A+147+0+1__LIG,COC1=CC=CC=C1CC(=O)N1CCC[C@H](C(N)=O)C1,276.34,5,TRUE,1,10,10,TRUE,0.697,0.943,A71EV2A-x3186a,4,-98.610,TRUE,0.138468615,-0.169231459,C001,0.604303241,0.957179904,A71EV2A-x3186a,2,0.09255296,TRUE,TRUE,FALSE
A71EV2A-x4018_A_201_0_1_A71EV2A-x0526+A+147+0+1__LIG,COC1=CC=CC=C1CC(=O)N1CCC[C@H](C(N)=O)CC1,290.36,5,TRUE,2,20,20,TRUE,0.461,0.984,A71EV2A-x4018a,3,-98.540,TRUE,0.029368611,-0.127105922,C001,0.209972844,1,A71EV2A-x4018b,10,0.250921384,TRUE,TRUE,FALSE
A71EV2A-x3901_A_201_0_1_A71EV2A-x0526+A+147+0+1__LIG,COC1=CC=CC=C1CC(=O)N1CCN[C@H](C(N)=O)C1,277.32,5,TRUE,1,10,10,TRUE,0.311,0.995,A71EV2A-x3901a,6,-113.098,TRUE,-0.130201202,0.016399241,C010,0.256527007,1,A71EV2A-x3901a,1,0.054539055,TRUE,TRUE,FALSE
A71EV2A-x3663_A_201_0_1_A71EV2A-x0526+A+147+0+1__LIG,COC1=CC=CC=C1CC(=O)N1CCO[C@@H](C(N)=O)C1,278.31,5,TRUE,1,10,10,TRUE,0.348,0.992,A71EV2A-x3663a,1,-104.552,TRUE,-0.134396012,0.01718218,C010,0.248064622,0.995967746,A71EV2A-x3663a,8,0.100250855,TRUE,TRUE,FALSE
A71EV2A-x3694_A_201_0_1_A71EV2A-x0526+A+147+0+1__LIG,COC1=CC=CC=C1CC(=O)N1CC[C@@H](CC(N)=O)C1,276.34,6,TRUE,4,40,40,TRUE,0.323,1.000,A71EV2A-x3694b,5,-112.275,TRUE,-0.122141796,0.00308736,C010,0.232379004,1,A71EV2A-x4032a,5,0.090362921,TRUE,TRUE,FALSE
A71EV2A-x3685_A_201_0_1_A71EV2A-x0526+A+147+0+1__LIG,COC1=CC=CC=C1CC(=O)N1CC[C@@H](NC(N)=O)C1,277.32,6,TRUE,1,10,10,TRUE,0.303,0.997,A71EV2A-x3685a,9,-135.579,TRUE,-0.135404304,-0.003363882,C010,0.206094071,1,A71EV2A-x3685a,2,0.097194716,TRUE,TRUE,FALSE
A71EV2A-x3621_A_201_0_1_A71EV2A-x0526+A+147+0+1__LIG,COC1=CC=CC=C1CC(=O)N1CC[C@@H](O)C1,235.28,4,TRUE,1,10,10,TRUE,0.481,0.970,A71EV2A-x3621a,7,-89.074,TRUE,-0.129408647,0.025326883,C010,0.393240452,0.996753275,A71EV2A-x3621a,5,0.088249654,TRUE,TRUE,FALSE
A71EV2A-x3581_A_201_0_1_A71EV2A-x0526+A+147+0+1__LIG,COC1=CC=CC=C1CC(=O)N1CC[C@H](C(N)=O)C1,262.31,5,TRUE,1,10,10,TRUE,0.170,1.000,A71EV2A-x3581a,5,-108.247,TRUE,-0.014381504,-0.099336205,C001,0.12854214,1,A71EV2A-x3581a,8,0.041901231,TRUE,TRUE,FALSE
A71EV2A-x3665_A_201_0_1_A71EV2A-x0526+A+147+0+1__LIG,COC1=CC=CC=C1CC(=O)N1C[C@@H](C(N)=O)C[C@@](F)(F)C1,312.32,5,TRUE,1,10,10,TRUE,0.281,1.000,A71EV2A-x3665a,6,-103.345,TRUE,-0.148746867,-0.021651461,C010,0.220879331,1,A71EV2A-x3665a,2,0.060128257,TRUE,TRUE,FALSE
A71EV2A-x4317_A_201_0_1_A71EV2A-x0526+A+147+0+1__LIG,COC1=CC=CC=C1CC(=O)N1C[C@@H](C(N)=O)C[C@]12CC2,288.35,5,TRUE,1,10,10,TRUE,0.133,1.000,A71EV2A-x4317a,9,-97.604,TRUE,-0.235433784,-0.012285947,C004,0.132959515,1,A71EV2A-x4317a,9,0,TRUE,TRUE,FALSE
A71EV2A-x3550_A_203_0_1_A71EV2A-x0526+A+147+0+1__LIG,COC1=CC=CC=C1CC(=O)N1C[C@@H](C(N)=O)CC[C@@H]1C,290.36,5,TRUE,1,10,10,TRUE,2.318,0.759,A71EV2A-x3550a,9,-101.549,TRUE,-0.20810499,-0.024298447,C004,0.892534256,0.953045666,A71EV2A-x3550a,5,1.425759077,FALSE,TRUE,TRUE
A71EV2A-x3990_A_201_0_1_A71EV2A-x0526+A+147+0+1__LIG,COC1=CC=CC=C1CC(=O)N1C[C@H](C(N)=O)[C@@H]([C@](F)(F)F)C1,330.31,6,TRUE,1,10,10,TRUE,0.321,0.997,A71EV2A-x3990a,7,-97.019,TRUE,-0.19222702,0.0175767,C010,0.243907213,1,A71EV2A-x3990a,8,0.076995879,TRUE,TRUE,FALSE
A71EV2A-x3634_A_201_0_1_A71EV2A-x0526+A+147+0+1__LIG,COC1=CC=CC=C1CC(=O)N1C[C@H](C(N)=O)[C@@H](C)C1,276.34,5,TRUE,1,10,10,TRUE,0.362,0.992,A71EV2A-x3634a,8,-103.925,TRUE,-0.203624606,0.041551034,C010,0.316395044,0.995769858,A71EV2A-x3634a,5,0.045362532,TRUE,TRUE,FALSE
A71EV2A-x4476_A_201_0_1_A71EV2A-x0526+A+147+0+1__LIG,COC1=CC=CC=C1CC(=O)N1C[C@]2(C(N)=O)CC[C@H]1C2,288.35,5,TRUE,1,10,10,TRUE,0.397,0.988,A71EV2A-x4476a,3,-72.618,TRUE,-0.274321877,0.04828587,C010,0.341418445,0.995192289,A71EV2A-x4476a,1,0.055684775,TRUE,TRUE,FALSE
A71EV2A-x3956_A_201_0_1_A71EV2A-x0526+A+147+0+1__LIG,COC1=CC=CC=C1CCN1C[C@@H](C(N)=O)CC1=O,262.31,5,TRUE,1,10,10,TRUE,0.730,0.941,A71EV2A-x3956a,8,-98.000,TRUE,-0.347304741,-0.101877452,C004,0.729763091,0.94077903,A71EV2A-x3956a,8,0,TRUE,TRUE,FALSE
A71EV2A-x4390_A_201_0_1_A71EV2A-x0526+A+147+0+1__LIG,COC1=CC=CC=C1CCN1C[C@H](C(N)=O)CCC1=O,276.34,5,TRUE,1,10,10,TRUE,0.626,0.960,A71EV2A-x4390a,7,-104.302,TRUE,-0.329453034,-0.168747629,C004,0.349957764,0.980613887,A71EV2A-x4390a,5,0.276530027,TRUE,TRUE,FALSE
A71EV2A-x3895_A_201_0_1_A71EV2A-x0526+A+147+0+1__LIG,COC1=CC=CC=C1CN1C[C@@H](C(N)=O)CC1=O,248.28,4,TRUE,1,10,10,TRUE,0.296,0.998,A71EV2A-x3895a,5,-88.637,TRUE,-0.347253977,-0.118527399,C004,0.202756122,1,A71EV2A-x3895a,3,0.09323664,TRUE,TRUE,FALSE
A71EV2A-x3579_A_201_0_1_A71EV2A-x0526+A+147+0+1__LIG,COC1=CC=CC=C1CN1C[C@@H](C(N)=O)CCC1=O,262.31,4,TRUE,2,20,20,TRUE,0.240,1.000,A71EV2A-x3579a,8,-106.204,TRUE,-0.328938646,-0.186463532,C004,0.213694394,1,A71EV2A-x3579a,7,0.026463047,TRUE,TRUE,FALSE
A71EV2A-x3868_A_201_0_1_A71EV2A-x0526+A+147+0+1__LIG,COC1=CC=CC=C1N(C)C(=O)N1CCC[C@H](C(N)=O)C1,291.35,5,TRUE,1,10,10,TRUE,1.268,0.899,A71EV2A-x3868a,4,-97.365,TRUE,0.018164484,-0.284615626,C003,0.266282082,0.997799277,A71EV2A-x3868a,8,1.001962781,TRUE,TRUE,FALSE
A71EV2A-x4012_A_201_0_1_A71EV2A-x0526+A+147+0+1__LIG,COC1=CC=CC=C1NC(=O)N1CCC[C@H](C(N)=O)C1,277.32,5,TRUE,2,20,20,TRUE,0.227,0.998,A71EV2A-x4012a,10,-130.179,TRUE,-4.32E-05,-0.362898606,C003,0.17507188,1,A71EV2A-x4012b,7,0.051767558,TRUE,TRUE,FALSE
A71EV2A-x2629_D_246_0_1_A71EV2A-x0526+A+147+0+1__LIG,COC1=C(NC(=O)NC2=CC=CN=C2)C=CC=C1,243.27,5,TRUE,1,10,10,TRUE,1.153,0.893,A71EV2A-x2629a,2,-103.131,TRUE,-0.40766297,-0.026296686,C056,0.279911071,1,A71EV2A-x2629a,10,0.873538226,TRUE,TRUE,FALSE
A71EV2A-x4214_A_201_0_1_A71EV2A-x0526+A+147+0+1__LIG,COC1=CC=CC=C1[S@@](=O)(=O)N1CCC[C@H](C(N)=O)C1,298.36,4,TRUE,2,20,20,TRUE,0.355,0.999,A71EV2A-x4214a,3,-79.852,TRUE,-0.105047154,-0.23751301,C003,0.302189767,0.997654796,A71EV2A-x4214a,8,0.052988529,TRUE,TRUE,FALSE
A71EV2A-x4207_A_201_0_1_A71EV2A-x0526+A+147+0+1__LIG,COC1=CC=CC=C1[C@@H](NC(C)=O)C(=O)N1CCC[C@H](C(N)=O)C1,333.39,7,TRUE,2,20,20,TRUE,0.680,0.940,A71EV2A-x4207a,6,-141.431,TRUE,-0.035033829,-0.306880279,C003,0.209839225,1,A71EV2A-x4207b,6,0.470096171,TRUE,TRUE,FALSE
A71EV2A-x4295_A_201_0_1_A71EV2A-x0526+A+147+0+1__LIG,COC1=CC=CC=C1[C@@H](O)CN1C[C@@H](C(N)=O)CC1=O,278.31,5,TRUE,1,10,10,TRUE,0.306,1.000,A71EV2A-x4295a,5,-98.997,TRUE,-0.343950023,-0.124801717,C004,0.286885023,0.997278392,A71EV2A-x4295a,10,0.019148797,TRUE,TRUE,FALSE
A71EV2A-x3862_A_201_0_1_A71EV2A-x0526+A+147+0+1__LIG,COC1=CC=CC=C1[C@@H](OC)C(=O)N1CCC[C@H](C(N)=O)C1,306.36,6,TRUE,1,10,10,TRUE,0.497,0.982,A71EV2A-x3862a,9,-96.790,TRUE,-0.002947715,-0.312149008,C003,0.496930271,0.982177258,A71EV2A-x3862a,9,0,TRUE,TRUE,FALSE
A71EV2A-x4445_A_201_0_1_A71EV2A-x0526+A+147+0+1__LIG,COC1=CC=CC=C1[C@H](C)C(=O)N1CCC[C@H](C(N)=O)C1,290.36,5,TRUE,2,20,20,TRUE,3.567,0.652,A71EV2A-x4445a,4,-97.655,TRUE,-0.001858483,-0.317479894,C003,0.653411865,0.95588237,A71EV2A-x4445b,3,2.913199902,FALSE,TRUE,TRUE
A71EV2A-x4313_A_201_0_1_A71EV2A-x0526+A+147+0+1__LIG,COC1=CC=CC=C1[C@H](C)CN1C[C@@H](C(N)=O)CC1=O,276.34,5,TRUE,1,10,10,TRUE,0.322,0.987,A71EV2A-x4313a,1,-97.741,TRUE,-0.343781775,-0.124888825,C004,0.30131346,0.993531227,A71EV2A-x4313a,2,0.020878881,TRUE,TRUE,FALSE
A71EV2A-x4661_A_4000_0_1_A71EV2A-x0526+A+147+0+1__LIG,COC1=CC=CC=C1[C@H](C)N1C[C@@H](C(N)=O)CCC1=O,276.34,4,TRUE,1,10,10,TRUE,0.275,1.000,A71EV2A-x4661a,10,-85.339,TRUE,-0.2898799,-0.190636068,C004,0.274673373,1,A71EV2A-x4661a,10,0,TRUE,TRUE,FALSE
A71EV2A-x3890_A_201_0_1_A71EV2A-x0526+A+147+0+1__LIG,COC1=CC=CC=C1[C@H](N)C(=O)N1CCC[C@H](C(N)=O)C1,291.35,5,TRUE,1,10,10,TRUE,0.194,1.000,A71EV2A-x3890a,6,-101.079,TRUE,-0.001822109,-0.31914143,C003,0.191722229,1,A71EV2A-x3890a,4,0.002140433,TRUE,TRUE,FALSE
A71EV2A-x3884_A_201_0_1_A71EV2A-x0526+A+147+0+1__LIG,COC1=CC=CC=C1[C@H](NC(=O)O[C@@](C)(C)C)C(=O)N1CCC[C@H](C(N)=O)C1,391.47,9,TRUE,2,20,20,TRUE,0.466,0.978,A71EV2A-x3884b,3,-141.939,TRUE,-0.05111615,-0.288918674,C003,0.312724233,0.997916639,A71EV2A-x3884b,5,0.153492302,TRUE,TRUE,FALSE
A71EV2A-x4449_A_201_0_1_A71EV2A-x0526+A+147+0+1__LIG,COC1=CC=CC=C1[C@H](NC(C)=O)C(=O)N1CCC[C@H](C(N)=O)C1,333.39,7,TRUE,2,20,20,TRUE,0.271,1.000,A71EV2A-x4449a,10,-136.261,TRUE,-0.035033829,-0.306880279,C003,0.232991576,1,A71EV2A-x4449b,8,0.037753463,TRUE,TRUE,FALSE
A71EV2A-x4406_A_201_0_1_A71EV2A-x0526+A+147+0+1__LIG,COC1=CC=CC=C1[C@H](O)CN1C[C@@H](C(N)=O)CCC1=O,292.34,5,TRUE,1,10,10,TRUE,0.624,0.960,A71EV2A-x4406a,2,-115.876,TRUE,-0.326393681,-0.190458253,C004,0.513842344,0.979651153,A71EV2A-x4406a,5,0.110654116,TRUE,TRUE,FALSE
A71EV2A-x3883_A_201_0_1_A71EV2A-x0526+A+147+0+1__LIG,COC1=CC=CC=C1[C@H](OC)C(=O)N1CCC[C@H](C(N)=O)C1,306.36,6,TRUE,1,10,10,TRUE,0.244,1.000,A71EV2A-x3883a,2,-110.850,TRUE,-0.002947715,-0.312149008,C003,0.228069246,1,A71EV2A-x3883a,4,0.015574232,TRUE,TRUE,FALSE
A71EV2A-x4283_A_201_0_1_A71EV2A-x0526+A+147+0+1__LIG,COC1=CC=CN=C1CC(=O)N1CCC[C@H](C(N)=O)C1,277.32,5,TRUE,2,20,20,TRUE,0.239,1.000,A71EV2A-x4283b,10,-111.810,TRUE,0.155270325,-0.123281395,C001,0.225024149,1,A71EV2A-x4283b,6,0.014297396,TRUE,TRUE,FALSE
A71EV2A-x4274_A_201_0_1_A71EV2A-x0526+A+147+0+1__LIG,COC1=CC=CN=C1CN1CCC[C@H](C(N)=O)C1,249.31,4,TRUE,2,20,20,TRUE,0.236,0.998,A71EV2A-x4274a,8,-79.595,TRUE,-0.054108471,-0.162116141,C057,0.211864248,1,A71EV2A-x4274b,5,0.024330094,TRUE,TRUE,FALSE
A71EV2A-x3897_A_201_0_1_A71EV2A-x0526+A+147+0+1__LIG,COC1=CC=NC=C1CC(=O)N1CCC[C@@H](C(N)=O)C1,277.32,5,TRUE,1,10,10,TRUE,0.258,1.000,A71EV2A-x3897a,3,-102.328,TRUE,0.169569524,-0.109600357,C001,0.230368957,1,A71EV2A-x3897a,9,0.027412966,TRUE,TRUE,FALSE
A71EV2A-x3229_A_201_0_1_A71EV2A-x0526+A+147+0+1__LIG,COC1=CC=NC=C1CC(=O)N1CCC[C@H](C(N)=O)C1,277.32,5,TRUE,2,20,20,TRUE,0.314,0.996,A71EV2A-x3229a,8,-104.312,TRUE,0.169569524,-0.109600357,C001,0.193746582,1,A71EV2A-x3548a,2,0.1206332,TRUE,TRUE,FALSE
A71EV2A-x4423_A_201_0_1_A71EV2A-x0526+A+147+0+1__LIG,COC1=CC=NC=C1CC(=O)N1CCC[C@H](CCO)C1,278.35,6,TRUE,1,10,10,TRUE,0.380,0.999,A71EV2A-x4423a,9,-90.866,TRUE,0.012245872,0.025237592,C025,0.276879072,1,A71EV2A-x4423a,6,0.102736741,TRUE,TRUE,FALSE
A71EV2A-x4421_A_201_0_1_A71EV2A-x0526+A+147+0+1__LIG,COC1=CC=NC=C1CC(=O)N1CC[C@H](C(N)=O)C1,263.3,5,TRUE,1,10,10,TRUE,0.226,1.000,A71EV2A-x4421a,5,-110.693,TRUE,0.023938114,-0.041312271,C025,0.153349504,1,A71EV2A-x4421a,1,0.072269782,TRUE,TRUE,FALSE
A71EV2A-x4967_A_201_0_1_A71EV2A-x0526+A+147+0+1__LIG,COC1=CC=NC=C1CC(=O)N1C[C@@H](C(N)=O)C[C@@H]2CCCC[C@H]21,331.42,5,TRUE,3,30,30,TRUE,1.986,0.803,A71EV2A-x4967a,2,-91.464,TRUE,-0.172882439,0.092438885,C025,0.241286755,1,A71EV2A-x4967b,6,1.744544029,TRUE,TRUE,FALSE
A71EV2A-x5877_A_4000_0_1_A71EV2A-x0526+A+147+0+1__LIG,COC1=NC=C(C2=CC=C(SC)C(CC(=O)N3CCC[C@H](C(N)=O)C3)=C2)C=C1C#N,424.53,7,TRUE,1,10,10,TRUE,0.431,0.987,A71EV2A-x5877a,2,-111.409,TRUE,0.141537068,0.135186531,C001,0.373740047,0.991960168,A71EV2A-x5877a,10,0.057424456,TRUE,TRUE,FALSE
A71EV2A-x4388_A_201_0_1_A71EV2A-x0526+A+147+0+1__LIG,COC1=NC=C(Br)C=C1CC(=O)N1CCC[C@H](C(N)=O)C1,356.22,5,TRUE,1,10,10,TRUE,0.249,0.998,A71EV2A-x4388a,9,-112.646,TRUE,0.195770226,-0.052132345,C001,0.210312724,1,A71EV2A-x4388a,1,0.038438439,TRUE,TRUE,FALSE
A71EV2A-x6736_A_4000_0_1_A71EV2A-x0526+A+147+0+1__LIG,COC1=NC=CC=C1C1=CC=C(SC)C(CC(=O)N2CCC[C@H](C(N)=O)C2)=C1,399.52,7,TRUE,1,10,10,TRUE,0.486,0.983,A71EV2A-x6736a,7,-115.546,TRUE,0.12884617,0.124065075,C001,0.338520318,0.993599415,A71EV2A-x6736a,9,0.14728874,TRUE,TRUE,FALSE
A71EV2A-x3849_A_201_0_1_A71EV2A-x0526+A+147+0+1__LIG,COC1=NC=CC=C1CC(=O)N1CCC[C@@H](C(N)=O)C1,277.32,5,TRUE,2,20,20,TRUE,0.172,1.000,A71EV2A-x3849a,4,-111.313,TRUE,0.175683536,-0.083513597,C001,0.139630973,1,A71EV2A-x3849a,1,0.031917825,TRUE,TRUE,FALSE
A71EV2A-x3201_A_201_0_1_A71EV2A-x0526+A+147+0+1__LIG,COC1=NC=CC=C1CC(=O)N1CCC[C@H](C(N)=O)C1,277.32,5,TRUE,3,30,30,TRUE,0.282,1.000,A71EV2A-x4347a,10,-110.017,TRUE,0.175683536,-0.083513597,C001,0.242205307,1,A71EV2A-x4347a,9,0.040091768,TRUE,TRUE,FALSE
A71EV2A-x4031_A_201_0_1_A71EV2A-x0526+A+147+0+1__LIG,COC1=NC=CC=C1NC(=O)N1CCC[C@H](C(N)=O)C1,278.31,5,TRUE,2,20,20,TRUE,0.216,1.000,A71EV2A-x4031a,1,-131.753,TRUE,0.042844851,-0.270956084,C003,0.204435706,1,A71EV2A-x4031b,9,0.01109843,TRUE,TRUE,FALSE
A71EV2A-x4418_A_201_0_1_A71EV2A-x0526+A+147+0+1__LIG,COC1=NC=CC=C1NC(=O)N1CC[C@H](C(N)=O)C1,264.28,5,TRUE,1,10,10,TRUE,0.781,0.935,A71EV2A-x4418a,5,-125.632,TRUE,-0.105572049,-0.206214701,C003,0.723959804,0.934300363,A71EV2A-x4418a,2,0.05714947,TRUE,TRUE,FALSE
A71EV2A-x4899_A_201_0_1_A71EV2A-x0526+A+147+0+1__LIG,COC1=NC=CC=C1N[S@@](=O)(=O)N1CCC[C@H](C(N)=O)C1,314.37,5,TRUE,2,20,20,TRUE,0.241,1.000,A71EV2A-x4899b,2,-108.010,TRUE,-0.070202565,-0.156134828,C021,0.194738835,1,A71EV2A-x4899b,1,0.045825467,TRUE,TRUE,FALSE
A71EV2A-x4544_A_201_0_1_A71EV2A-x0526+A+147+0+1__LIG,C[S@](=O)(=O)C1=CC=C(Br)C=C1CC(=O)N1CCC[C@H](C(N)=O)C1,403.3,5,TRUE,1,10,10,TRUE,3.217,0.700,A71EV2A-x4544a,7,-103.370,TRUE,0.171223084,-0.063681375,C001,3.145531893,0.708458066,A71EV2A-x4544a,4,0.071909189,FALSE,FALSE,FALSE
A71EV2A-x4675_A_201_0_1_A71EV2A-x0526+A+147+0+1__LIG,C[S@@](=O)(=O)C1=CC=CC=C1CC(=O)N1CCC[C@H](C(N)=O)C1,324.4,5,TRUE,1,10,10,TRUE,2.721,0.742,A71EV2A-x4675a,5,-97.328,TRUE,0.167567962,-0.110529301,C001,2.692643166,0.740573168,A71EV2A-x4675a,6,0.028729677,FALSE,FALSE,FALSE
A71EV2A-x4701_A_201_0_1_A71EV2A-x0526+A+147+0+1__LIG,CSC[C@@]1(CC(=O)N2CCC[C@H](C(N)=O)C2)CC1,270.4,6,TRUE,1,10,10,TRUE,0.335,0.997,A71EV2A-x4701a,8,-91.930,TRUE,0.224905432,-0.062291537,C058,0.285783291,0.999058366,A71EV2A-x4701a,7,0.048864514,TRUE,TRUE,FALSE
A71EV2A-x4736_A_201_0_1_A71EV2A-x0526+A+147+0+1__LIG,CSC[C@@H]1C[C@@H]1C(=O)N1CCC[C@H](C(N)=O)C1,256.37,5,TRUE,1,10,10,TRUE,0.636,0.956,A71EV2A-x4736a,9,-80.215,TRUE,0.16354352,-0.111684048,C014,0.604132354,0.962394059,A71EV2A-x4736a,5,0.03216511,TRUE,TRUE,FALSE
A71EV2A-x5231_A_201_0_1_A71EV2A-x0526+A+147+0+1__LIG,CS[C@@H]1CCCC[C@H]1OC(=O)N1CCC[C@H](C(N)=O)C1,300.42,5,TRUE,1,10,10,TRUE,0.557,0.958,A71EV2A-x5231a,4,-109.965,TRUE,0.13462089,-0.155922084,C029,0.450123906,0.9723382,A71EV2A-x5231a,10,0.107040286,TRUE,TRUE,FALSE
A71EV2A-x4290_A_201_0_1_A71EV2A-x0526+A+147+0+1__LIG,CSC1=C(Br)C=CC=C1CC(=O)N1CCC[C@H](C(N)=O)C1,371.3,5,TRUE,1,10,10,TRUE,0.546,0.971,A71EV2A-x4290a,1,-96.701,TRUE,0.198471443,0.014513548,C001,0.449365079,0.986363649,A71EV2A-x4290a,3,0.09677434,TRUE,TRUE,FALSE
A71EV2A-x4851_A_4000_0_1_A71EV2A-x0526+A+147+0+1__LIG,CSC1=C(F)C=CC=C1NC(=O)N1CCC[C@H](C(N)=O)C1,311.38,5,TRUE,1,10,10,TRUE,0.196,1.000,A71EV2A-x4851a,2,-112.813,TRUE,0.066339765,-0.181165875,C001,0.196439818,1,A71EV2A-x4851a,2,0,TRUE,TRUE,FALSE
A71EV2A-x4727_A_201_0_1_A71EV2A-x0526+A+147+0+1__LIG,CSC1=C(NC(=O)N2CCC[C@H](C(N)=O)C2)C(C)=NN1C,311.41,5,TRUE,1,10,10,TRUE,2.302,0.796,A71EV2A-x4727a,10,-107.742,TRUE,0.09040569,-0.08989353,C012,2.301804304,0.796328664,A71EV2A-x4727a,10,0,FALSE,FALSE,FALSE
A71EV2A-x4949_A_201_0_1_A71EV2A-x0526+A+147+0+1__LIG,CSC1=C(NC(=O)N2CCC[C@H](C(N)=O)C2)C=C2CCC(=O)NC2=C1,362.46,5,TRUE,1,10,10,TRUE,0.411,0.985,A71EV2A-x4949a,8,-141.399,TRUE,0.033184808,-0.08972684,C026,0.326333791,0.99492979,A71EV2A-x4949a,6,0.085100383,TRUE,TRUE,FALSE
A71EV2A-x6769_A_4000_0_1_A71EV2A-x0526+A+147+0+1__LIG,CSC1=CC=C(C2=CC(C#N)=NC=C2F)C=C1CC(=O)N1CCC[C@H](C(N)=O)C1,412.49,6,TRUE,1,10,10,TRUE,0.341,0.994,A71EV2A-x6769a,2,-123.529,TRUE,0.148239396,0.146149023,C001,0.268464923,1,A71EV2A-x6769a,7,0.072908729,TRUE,TRUE,FALSE
A71EV2A-x5879_A_201_0_1_A71EV2A-x0526+A+147+0+1__LIG,CSC1=CC=C(C2=CN(C)C(=O)C(C)=C2)C=C1CC(=O)N1CCC[C@H](C(N)=O)C1,413.54,6,TRUE,2,20,20,TRUE,0.374,0.993,A71EV2A-x5879a,4,-142.513,TRUE,0.115280748,0.123597681,C001,0.332262605,0.996580541,A71EV2A-x5879a,6,0.042213142,TRUE,TRUE,FALSE
A71EV2A-x7260_A_4000_0_1_A71EV2A-x0526+A+147+0+1__LIG,CSC1=CC=C(C2=CC(C)=NN2C)C=C1OC(=O)N1CCC[C@H](C(N)=O)C1,388.49,6,TRUE,1,10,10,TRUE,1.390,0.956,A71EV2A-x7260a,9,-100.163,TRUE,0.013678709,0.049385247,C019,0.395684153,0.996290803,A71EV2A-x7260a,2,0.99475798,TRUE,TRUE,FALSE
A71EV2A-x5525_A_201_0_1_A71EV2A-x0526+A+147+0+1__LIG,CSC1=CC=C(C2=NNC=C2)C=C1CC(=O)N1CCC[C@H](C(N)=O)C1,358.47,6,TRUE,2,20,20,TRUE,0.855,0.973,A71EV2A-x5525b,5,-106.974,TRUE,0.144135922,0.145832215,C001,0.382874608,0.990573764,A71EV2A-x5525a,7,0.472606838,TRUE,TRUE,FALSE
A71EV2A-x7576_A_201_0_1_A71EV2A-x0526+A+147+0+1__LIG,CSC1=CC=C(C2=NNC=C2)C=C1CC(=O)N1C[C@@H](C(N)=O)C[C@@H]2C[C@@H]21,370.48,6,TRUE,2,20,20,TRUE,2.619,0.695,A71EV2A-x7576b,7,-70.333,TRUE,-0.234204746,0.396263756,C005,0.377202213,0.999630749,A71EV2A-x7576a,9,2.241593659,FALSE,TRUE,TRUE
A71EV2A-x7597_A_201_0_1_A71EV2A-x0526+A+147+0+1__LIG,CSC1=CC=C(C2=NNC=C2)C=C1OC(=O)N1CCC[C@H](C(N)=O)C1,360.44,6,TRUE,1,10,10,TRUE,0.299,1.000,A71EV2A-x7597a,5,-106.355,TRUE,0.038914659,0.049661387,C019,0.299155623,0.999610603,A71EV2A-x7597a,5,0,TRUE,TRUE,FALSE
A71EV2A-x7261_A_201_0_1_A71EV2A-x0526+A+147+0+1__LIG,CSC1=CC=C(C2=CC=C(N3CCN(C)CC3)N=C2)C=C1OC(=O)N1CCC[C@H](C(N)=O)C1,469.61,7,TRUE,1,10,10,TRUE,1.080,0.969,A71EV2A-x7261a,5,-102.250,TRUE,0.052106222,0.079338948,C019,0.810202181,0.994186044,A71EV2A-x7261a,7,0.269729555,TRUE,TRUE,FALSE
A71EV2A-x6025_A_4000_0_1_A71EV2A-x0526+A+147+0+1__LIG,CSC1=CC=C(C2=CC=CC3=C2N(C)N=C3)C=C1CC(=O)N1CCC[C@H](C(N)=O)C1,422.55,6,TRUE,1,10,10,TRUE,0.301,0.998,A71EV2A-x6025a,7,-95.456,TRUE,0.097103295,0.124247158,C001,0.301257908,0.998161793,A71EV2A-x6025a,7,0,TRUE,TRUE,FALSE
A71EV2A-x5526_A_4000_0_1_A71EV2A-x0526+A+147+0+1__LIG,CSC1=CC=C(C2=CC=CC=C2)C=C1CC(=O)N1CCC[C@H](C(N)=O)C1,368.5,6,TRUE,1,10,10,TRUE,0.489,0.988,A71EV2A-x5526a,3,-106.600,TRUE,0.142428211,0.112908611,C001,0.32879746,0.991974294,A71EV2A-x5526a,5,0.160169154,TRUE,TRUE,FALSE
A71EV2A-x7442_A_4000_0_1_A71EV2A-x0526+A+147+0+1__LIG,CSC1=CC=C(C2=CC=CC=N2)C=C1OC(=O)N1CCC[C@H](C(N)=O)C1,371.46,6,TRUE,1,10,10,TRUE,0.369,1.000,A71EV2A-x7442a,10,-115.242,TRUE,0.023598072,0.048832073,C001,0.368676931,1,A71EV2A-x7442a,10,0,TRUE,TRUE,FALSE
A71EV2A-x7350_A_4000_A_1_A71EV2A-x0526+A+147+0+1_ALIG,CSC1=CC=C(C2=CC=CC=N2)C=C1OC(=O)N1C[C@H](C(N)=O)C[C@H]2C[C@H]21,383.47,6,TRUE,2,20,20,TRUE,8.466,0.236,A71EV2A-x7350b,3,-42.164,TRUE,-0.303207525,0.327545941,C005,7.488350868,0.278229922,A71EV2A-x7350b,8,0.977265358,FALSE,FALSE,FALSE
A71EV2A-x7070_A_4000_0_1_A71EV2A-x0526+A+147+0+1__LIG,CSC1=CC=C(C2=CC=CN=C2)C=C1OC(=O)N1C[C@@H](C(N)=O)C[C@@H]2C[C@@H]21,383.47,6,TRUE,1,10,10,TRUE,0.651,0.943,A71EV2A-x7070a,6,-53.654,TRUE,-0.301259284,0.312016481,C005,0.651265204,0.943214297,A71EV2A-x7070a,6,0,TRUE,TRUE,FALSE
A71EV2A-x7032_A_4000_0_1_A71EV2A-x0526+A+147+0+1__LIG,CSC1=CC=C(C2=CC=CN=C2)C=C1OC(=O)N1C[C@@H](C(N)=O)C[C@H]2C[C@H]21,383.47,6,TRUE,1,10,10,TRUE,0.590,0.962,A71EV2A-x7032a,10,-72.810,TRUE,-0.301259284,0.312016481,C005,0.589611292,0.961538434,A71EV2A-x7032a,10,0,TRUE,TRUE,FALSE
A71EV2A-x6778_A_4000_0_1_A71EV2A-x0526+A+147+0+1__LIG,CSC1=CC=C(C2=CC=CN=C2[C@@H](C)C)C=C1CC(=O)N1CCC[C@H](C(N)=O)C1,411.57,7,TRUE,1,10,10,TRUE,0.286,0.997,A71EV2A-x6778a,3,-117.543,TRUE,0.138482096,0.145191942,C001,0.240138203,0.998161793,A71EV2A-x6778a,10,0.04577598,TRUE,TRUE,FALSE
A71EV2A-x7301_A_4000_0_1_A71EV2A-x0526+A+147+0+1__LIG,CSC1=CC=C(C2=CC=CN=C2N)C=C1OC(=O)N1CCC[C@H](C(N)=O)C1,386.48,6,TRUE,2,20,20,TRUE,0.302,1.000,A71EV2A-x7301b,4,-119.741,TRUE,0.030838839,0.060604327,C012,0.295536071,1,A71EV2A-x7301a,5,0.006800711,TRUE,TRUE,FALSE
A71EV2A-x6791_A_201_0_1_A71EV2A-x0526+A+147+0+1__LIG,CSC1=CC=C(C2=CC=NC(N(C)C)=C2)C=C1CC(=O)N1CCC[C@H](C(N)=O)C1,412.56,7,TRUE,1,10,10,TRUE,0.295,1.000,A71EV2A-x6791a,2,-116.571,TRUE,0.167942275,0.173057788,C001,0.291790336,0.998571455,A71EV2A-x6791a,3,0.003095955,TRUE,TRUE,FALSE
A71EV2A-x5509_A_201_0_1_A71EV2A-x0526+A+147+0+1__LIG,CSC1=CC=C(C2=CC=NC=C2)C=C1CC(=O)N1CCC[C@H](C(N)=O)C1,369.49,6,TRUE,1,10,10,TRUE,0.412,0.988,A71EV2A-x5509a,7,-109.583,TRUE,0.172898005,0.158552829,C001,0.306077331,0.996747971,A71EV2A-x5509a,4,0.106083721,TRUE,TRUE,FALSE
A71EV2A-x7256_A_4000_0_1_A71EV2A-x0526+A+147+0+1__LIG,CSC1=CC=C(C2=CC=NC=C2)C=C1CC(=O)N1C[C@@H](C(N)=O)C[C@@H]2C[C@@H]21,381.5,6,TRUE,1,10,10,TRUE,8.330,0.140,A71EV2A-x7256a,4,-31.034,TRUE,-0.21987361,0.418121613,C005,0.335701823,0.989353895,A71EV2A-x7256a,2,7.993799329,FALSE,TRUE,TRUE
A71EV2A-x7445_A_4000_0_1_A71EV2A-x0526+A+147+0+1__LIG,CSC1=CC=C(C2=CC=NC=C2)C=C1CC(=O)N1C[C@H](C(N)=O)C[C@H]2C[C@H]21,381.5,6,TRUE,1,10,10,TRUE,8.745,0.145,A71EV2A-x7445a,5,-31.210,TRUE,-0.21987361,0.418121613,C005,1.149166107,0.854278088,A71EV2A-x7445a,1,7.595766068,FALSE,TRUE,TRUE
A71EV2A-x6746_A_201_0_1_A71EV2A-x0526+A+147+0+1__LIG,CSC1=CC=C(C2=CC=NC=C2)C=C1NC(=O)N1C[C@@H](C(N)=O)C[C@@H]2C[C@@H]21,382.49,6,TRUE,1,10,10,TRUE,8.143,0.265,A71EV2A-x6746a,2,-41.167,TRUE,-0.289581385,0.255907528,C059,1.234935522,0.844696999,A71EV2A-x6746a,1,6.907902002,FALSE,TRUE,TRUE
A71EV2A-x7184_A_4000_0_1_A71EV2A-x0526+A+147+0+1__LIG,CSC1=CC=C(C2=CC=NC=C2)C=C1OC(=O)N1C[C@H](C(N)=O)C[C@H]2C[C@H]21,383.47,6,TRUE,1,10,10,TRUE,7.720,0.258,A71EV2A-x7184a,10,-40.001,TRUE,-0.284479523,0.341014508,C005,7.720157146,0.257537693,A71EV2A-x7184a,10,0,FALSE,FALSE,FALSE
A71EV2A-x7167_A_201_0_1_A71EV2A-x0526+A+147+0+1__LIG,CSC1=CC=C(C2=CC=NN2[C@@](C)(C)C)C=C1OC(=O)N1CCC[C@H](C(N)=O)C1,416.55,7,TRUE,2,20,20,TRUE,1.365,0.912,A71EV2A-x7167a,5,-93.121,TRUE,0.03090886,0.046844758,C019,1.087111592,0.868309855,A71EV2A-x7167b,3,0.277388573,TRUE,TRUE,FALSE
A71EV2A-x7044_A_201_0_1_A71EV2A-x0526+A+147+0+1__LIG,CSC1=CC=C(C2=CC=NN2[C@@H]2CCC2)C=C1OC(=O)N1C[C@H](C(N)=O)C[C@H]2C[C@H]21,426.54,7,TRUE,1,10,10,TRUE,3.727,0.624,A71EV2A-x7044a,9,-35.441,TRUE,-0.240948769,0.28166229,C005,2.456519365,0.633012831,A71EV2A-x7044a,10,1.270498037,FALSE,FALSE,FALSE
A71EV2A-x5836_A_201_0_1_A71EV2A-x0526+A+147+0+1__LIG,CSC1=CC=C(C2=CNN=C2)C=C1CC(=O)N1C[C@@H](C([NH3+])=O)C[C@@H]2C[C@@H]21,371.49,6,TRUE,1,10,10,TRUE,1.854,0.778,A71EV2A-x5836a,9,-21.789,TRUE,-0.269710672,0.435592301,C060,0.70480442,0.951327443,A71EV2A-x5836a,10,1.149518967,TRUE,TRUE,FALSE
A71EV2A-x7323_A_4000_0_1_A71EV2A-x0526+A+147+0+1__LIG,CSC1=CC=C(C2=CNN=C2)C=C1OC(=O)N1C[C@@H](C(N)=O)C[C@@H]2C[C@@H]21,372.45,6,TRUE,1,10,10,TRUE,8.081,0.228,A71EV2A-x7323a,8,-3.803,TRUE,-0.291364549,0.329006143,C005,0.32231304,0.996715307,A71EV2A-x7323a,9,7.758343965,FALSE,TRUE,TRUE
A71EV2A-x7379_A_4000_0_1_A71EV2A-x0526+A+147+0+1__LIG,CSC1=CC=C(C2=CNN=C2)C=C1OC(=O)N1C[C@@H](C(N)=O)C[C@H]2C[C@H]21,372.45,6,TRUE,1,10,10,TRUE,0.523,0.968,A71EV2A-x7379a,1,-69.748,TRUE,-0.291364549,0.329006143,C005,0.523172557,0.968061686,A71EV2A-x7379a,1,0,TRUE,TRUE,FALSE
A71EV2A-x6032_A_4000_0_1_A71EV2A-x0526+A+147+0+1__LIG,CSC1=CC=C(C2=CN=CC(C)=C2C)C=C1CC(=O)N1CCC[C@H](C(N)=O)C1,397.54,6,TRUE,1,10,10,TRUE,0.257,0.995,A71EV2A-x6032a,6,-112.822,TRUE,0.159480732,0.151842396,C001,0.257448435,0.995060802,A71EV2A-x6032a,6,0,TRUE,TRUE,FALSE
A71EV2A-x6948_A_4000_A_1_A71EV2A-x0526+A+147+0+1_ALIG,CSC1=CC=C(C2=CN=CC([S@](C)(=O)=O)=C2)C=C1CC(=O)N1CCC[C@H](C(N)=O)C1,447.58,7,TRUE,2,20,20,TRUE,0.418,0.991,A71EV2A-x6948b,1,-122.461,TRUE,0.142490777,0.140759133,C001,0.39188692,0.992743134,A71EV2A-x6948b,5,0.02564463,TRUE,TRUE,FALSE
A71EV2A-x6035_A_201_0_1_A71EV2A-x0526+A+147+0+1__LIG,CSC1=CC=C(C2=C3C=CC=CC3=CN=C2)C=C1CC(=O)N1CCC[C@H](C(N)=O)C1,419.55,6,TRUE,1,10,10,TRUE,0.382,1.000,A71EV2A-x6035a,3,-109.793,TRUE,0.086542044,0.127703252,C001,0.361131638,0.989291012,A71EV2A-x6035a,7,0.020612329,TRUE,TRUE,FALSE
A71EV2A-x7002_A_4000_0_1_A71EV2A-x0526+A+147+0+1__LIG,CSC1=CC=C(C2=CN=CO2)C=C1OC(=O)N1C[C@H](C(N)=O)C[C@H]2C[C@H]21,373.43,6,TRUE,1,10,10,TRUE,2.466,0.700,A71EV2A-x7002a,8,-46.271,TRUE,-0.300260348,0.324693906,C005,0.980606735,0.903645813,A71EV2A-x7002a,3,1.485666096,FALSE,TRUE,TRUE
A71EV2A-x7410_A_4000_0_1_A71EV2A-x0526+A+147+0+1__LIG,CSC1=CC=C(C2=CN=NN2)C=C1OC(=O)N1C[C@@H](C(N)=O)C[C@@H]2C[C@@H]21,373.44,6,TRUE,1,10,10,TRUE,0.357,0.992,A71EV2A-x7410a,2,-50.201,TRUE,-0.28589106,0.319439427,C005,0.352684081,0.985227287,A71EV2A-x7410a,5,0.004413992,TRUE,TRUE,FALSE
A71EV2A-x6925_A_4000_0_1_A71EV2A-x0526+A+147+0+1__LIG,CSC1=CC=C(C2=CN=NN2C)C=C1CC(=O)N1CCC[C@H](C(N)=O)C1,373.48,6,TRUE,1,10,10,TRUE,0.312,1.000,A71EV2A-x6925a,2,-93.989,TRUE,0.137936938,0.146933518,C001,0.3091667,0.993140221,A71EV2A-x6925a,9,0.003097534,TRUE,TRUE,FALSE
A71EV2A-x5864_A_201_0_1_A71EV2A-x0526+A+147+0+1__LIG,CSC1=CC=C(C2=CSC([C@H](F)F)=C2)C=C1CC(=O)N1CCC[C@H](C(N)=O)C1,424.54,7,TRUE,1,10,10,TRUE,0.589,0.981,A71EV2A-x5864a,7,-111.991,TRUE,0.135786803,0.117175439,C001,0.509655297,0.989694655,A71EV2A-x5864a,2,0.079611719,TRUE,TRUE,FALSE
A71EV2A-x7287_A_4000_0_1_A71EV2A-x0526+A+147+0+1__LIG,CSC1=CC=C(C2=C(C)N=CO2)C=C1OC(=O)N1C[C@@H](C(N)=O)C[C@@H]2C[C@@H]21,387.46,6,TRUE,1,10,10,TRUE,0.744,0.944,A71EV2A-x7287a,10,-49.987,TRUE,-0.268901956,0.352144895,C005,0.444553018,0.982091665,A71EV2A-x7287a,1,0.298999846,TRUE,TRUE,FALSE
A71EV2A-x5604_A_201_0_1_A71EV2A-x0526+A+147+0+1__LIG,CSC1=CC=C(N2C=CC=N2)C=C1CC(=O)N1CCC[C@H](C(N)=O)C1,358.47,6,TRUE,1,10,10,TRUE,0.366,0.995,A71EV2A-x5604a,4,-101.132,TRUE,0.144903009,0.117360879,C001,0.229501456,0.997964144,A71EV2A-x5604a,10,0.136297226,TRUE,TRUE,FALSE
A71EV2A-x5833_A_4000_0_1_A71EV2A-x0526+A+147+0+1__LIG,CSC1=CC=C(N2C=CN=C2)C=C1CC(=O)N1CCC[C@H](C(N)=O)C1,358.47,6,TRUE,1,10,10,TRUE,0.418,0.985,A71EV2A-x5833a,10,-91.329,TRUE,0.162386453,0.132907196,C001,0.417534858,0.985128641,A71EV2A-x5833a,10,0,TRUE,TRUE,FALSE
A71EV2A-x4431_A_201_0_1_A71EV2A-x0526+A+147+0+1__LIG,CSC1=CC=C(Br)C=C1CC(=O)N1CCC[C@H](C(N)=O)C1,371.3,5,TRUE,1,10,10,TRUE,0.342,0.997,A71EV2A-x4431a,1,-106.618,TRUE,0.187849517,0.127617359,C001,0.280823112,1,A71EV2A-x4431a,4,0.060695201,TRUE,TRUE,FALSE
A71EV2A-x5203_A_202_0_1_A71EV2A-x0526+A+147+0+1__LIG,CSC1=CC=C(Br)C=C1CC(=O)N1CCC[C@H](C(N)=O)CC1,385.33,5,TRUE,2,20,20,TRUE,0.257,0.999,A71EV2A-x5203a,1,-106.401,TRUE,0.083495285,0.167910465,C001,0.204042524,1,A71EV2A-x5203a,3,0.052969486,TRUE,TRUE,FALSE
A71EV2A-x5494_A_4000_0_1_A71EV2A-x0526+A+147+0+1__LIG,CSC1=CC=C(Br)C=C1CC(=O)N1CCC[C@H](C(N)=O)[C@@H]1C,385.33,5,TRUE,1,10,10,TRUE,0.242,0.999,A71EV2A-x5494a,2,-98.009,TRUE,-0.087751554,0.265864537,C011,0.242131293,0.998663127,A71EV2A-x5494a,2,0,TRUE,TRUE,FALSE
A71EV2A-x4856_A_201_0_1_A71EV2A-x0526+A+147+0+1__LIG,CSC1=CC=C(Br)C=C1CC(=O)N1CC[C@H](C(N)=O)C1,357.27,5,TRUE,1,10,10,TRUE,0.201,1.000,A71EV2A-x4856a,1,-114.016,TRUE,0.042619914,0.201119644,C001,0.154913291,1,A71EV2A-x4856a,10,0.045614734,TRUE,TRUE,FALSE
A71EV2A-x5388_A_201_0_1_A71EV2A-x0526+A+147+0+1__LIG,CSC1=CC=C(Br)C=C1CC(=O)N1CC[C@](O)(C(N)=O)C1,373.27,5,TRUE,1,10,10,TRUE,0.230,1.000,A71EV2A-x5388a,10,-110.750,TRUE,-0.125398582,0.33818361,C011,0.195895597,1,A71EV2A-x5388a,4,0.034219533,TRUE,TRUE,FALSE
A71EV2A-x5366_A_201_0_1_A71EV2A-x0526+A+147+0+1__LIG,CSC1=CC=C(Br)C=C1CC(=O)N1C[C@@H](C(N)=O)CC[C@H]1C,385.33,5,TRUE,2,20,20,TRUE,0.266,1.000,A71EV2A-x5366b,2,-111.515,TRUE,-0.143648384,0.266245888,C011,0.222497657,1,A71EV2A-x5366a,3,0.043116376,TRUE,TRUE,FALSE
A71EV2A-x7359_A_4000_0_1_A71EV2A-x0526+A+147+0+1__LIG,CSC1=CC=C(Br)C=C1CC(=O)N1C[C@@H](C(N)=O)[C@@H]2C[C@@H]21,369.28,5,TRUE,1,10,10,TRUE,0.268,0.999,A71EV2A-x7359a,9,-101.148,TRUE,-0.218681763,0.363538354,C011,0.253910542,1,A71EV2A-x7359a,7,0.014081895,TRUE,TRUE,FALSE
A71EV2A-x5339_A_201_0_1_A71EV2A-x0526+A+147+0+1__LIG,CSC1=CC=C(Br)C=C1CC(=O)N1C[C@H](C(N)=O)CC[C@@H]1C,385.33,5,TRUE,2,20,20,TRUE,0.197,1.000,A71EV2A-x5339b,5,-112.075,TRUE,-0.143648384,0.266245888,C011,0.181591675,1,A71EV2A-x5339a,1,0.015007779,TRUE,TRUE,FALSE
A71EV2A-x5247_A_201_0_1_A71EV2A-x0526+A+147+0+1__LIG,CSC1=CC=C(Br)C=C1CC(=O)N1C[C@H](C(N)=O)CC[C@H]1C,385.33,5,TRUE,2,20,20,TRUE,0.566,0.972,A71EV2A-x5247a,5,-101.825,TRUE,-0.143648384,0.266245888,C011,0.212111294,1,A71EV2A-x5247a,1,0.353407979,TRUE,TRUE,FALSE
A71EV2A-x5758_A_4000_0_1_A71EV2A-x0526+A+147+0+1__LIG,CSC1=CC=C(Br)C=C1CC(=O)N1[C@H]2CC[C@H](C(N)=O)[C@@H]1CC2,397.34,5,TRUE,2,20,20,TRUE,0.215,1.000,A71EV2A-x5758b,9,-99.692,TRUE,-0.192606331,0.332689411,C011,0.184622228,1,A71EV2A-x5758b,5,0.030868113,TRUE,TRUE,FALSE
A71EV2A-x7558_A_4000_0_1_A71EV2A-x0526+A+147+0+1__LIG,CSC1=CC=C(Br)C=C1OC(=O)N1C[C@@H](C(N)=O)CC[C@H]1CO,403.3,6,TRUE,1,10,10,TRUE,0.582,0.978,A71EV2A-x7558a,2,-107.713,TRUE,-0.191031834,0.201423831,C005,0.539278209,0.982520342,A71EV2A-x7558a,6,0.043021441,TRUE,TRUE,FALSE
A71EV2A-x5830_A_4000_0_1_A71EV2A-x0526+A+147+0+1__LIG,CSC1=CC=C(Br)C=C1OC(=O)N1C[C@@H](C(N)=O)C[C@@H]2C[C@@H]21,385.28,5,TRUE,1,10,10,TRUE,0.399,0.993,A71EV2A-x5830a,3,-81.022,TRUE,-0.291091777,0.318381578,C005,0.349951953,0.996632993,A71EV2A-x5830a,6,0.049397469,TRUE,TRUE,FALSE
A71EV2A-x5819_A_4000_0_1_A71EV2A-x0526+A+147+0+1__LIG,CSC1=CC=C(Br)C=C1OC(=O)N1C[C@H](C(N)=O)CC[C@@H]1C,387.3,5,TRUE,2,20,20,TRUE,0.162,1.000,A71EV2A-x5819a,5,-116.695,TRUE,-0.206515594,0.178256902,C005,0.147562042,1,A71EV2A-x5819b,5,0.014259711,TRUE,TRUE,FALSE
A71EV2A-x6932_A_4000_0_1_A71EV2A-x0526+A+147+0+1__LIG,CSC1=CC=C(Br)C=C1OC(=O)N1C[C@H](C(N)=O)C[C@H]2C[C@H]21,385.28,5,TRUE,1,10,10,TRUE,2.966,0.585,A71EV2A-x6932a,6,-58.885,TRUE,-0.291091777,0.318381578,C005,0.514879405,0.961479187,A71EV2A-x6932a,9,2.450818598,FALSE,TRUE,TRUE
A71EV2A-x5891_A_4000_0_1_A71EV2A-x0526+A+147+0+1__LIG,CSC1=CC=C(Br)C=C1[C@@H](NC(=O)O[C@](C)(C)C)C(=O)N1CC[C@H](C(N)=O)C1,472.41,9,TRUE,1,10,10,TRUE,0.320,0.993,A71EV2A-x5891a,5,-149.746,TRUE,-0.152651274,0.025219326,C006,0.257255167,0.996026039,A71EV2A-x5891a,8,0.062767595,TRUE,TRUE,FALSE
A71EV2A-x7307_A_4000_0_1_A71EV2A-x0526+A+147+0+1__LIG,CSC1=CC=C(C(=O)N(C)[C@@H]2CC[C@@](C)(C)CC2)C=C1CC(=O)N1CCC[C@H](C(N)=O)C1,459.66,8,TRUE,1,10,10,TRUE,1.603,0.934,A71EV2A-x7307a,1,-126.319,TRUE,0.159082121,0.125259414,C001,0.954665184,0.969187677,A71EV2A-x7307a,10,0.648533583,TRUE,TRUE,FALSE
A71EV2A-x7318_A_4000_0_1_A71EV2A-x0526+A+147+0+1__LIG,CSC1=CC=C(C(=O)N2CC=CC[C@@]23CCC3)C=C1CC(=O)N1CCC[C@H](C(N)=O)C1,441.6,7,TRUE,1,10,10,TRUE,0.935,0.967,A71EV2A-x7318a,7,-112.847,TRUE,0.128209648,0.119686887,C001,0.93490243,0.967375338,A71EV2A-x7318a,7,0,TRUE,TRUE,FALSE
A71EV2A-x6739_A_201_0_1_A71EV2A-x0526+A+147+0+1__LIG,CSC1=CC=C(C(=O)N2CC3=NC=CC(C)=C3C2)C=C1CC(=O)N1CCC[C@H](C(N)=O)C1,452.58,7,TRUE,1,10,10,TRUE,0.249,0.996,A71EV2A-x6739a,10,-132.137,TRUE,0.143028361,0.145640055,C001,0.248940557,0.995631695,A71EV2A-x6739a,10,0,TRUE,TRUE,FALSE
A71EV2A-x5512_A_201_0_1_A71EV2A-x0526+A+147+0+1__LIG,CSC1=CC=C(C(=O)NC2=CC=NC=C2)C=C1CC(=O)N1CCC[C@H](C(N)=O)C1,412.52,8,TRUE,2,20,20,TRUE,0.278,0.999,A71EV2A-x5512b,6,-138.383,TRUE,0.125744427,0.115923396,C001,0.244646341,0.999619484,A71EV2A-x5512b,2,0.03354755,TRUE,TRUE,FALSE
A71EV2A-x7021_A_4000_0_1_A71EV2A-x0526+A+147+0+1__LIG,CSC1=CC=C(C2=CCOCC2)C=C1OC(=O)N1C[C@@H](C(N)=O)C[C@@H]2C[C@@H]21,388.49,6,TRUE,1,10,10,TRUE,0.524,0.956,A71EV2A-x7021a,4,-27.891,TRUE,-0.301897331,0.30863304,C005,0.507845342,0.97334832,A71EV2A-x7021a,9,0.016233623,TRUE,TRUE,FALSE
A71EV2A-x7369_A_4002_0_1_A71EV2A-x0526+A+147+0+1__LIG,CSC1=CC=C(C2=CC[N@@H+](C)CC2)C=C1CC(=O)N1C[C@@H](C(N)=O)C[C@@H]2C[C@@H]21,400.57,6,TRUE,2,20,20,TRUE,0.891,0.942,A71EV2A-x7369b,2,-65.908,TRUE,-0.246484353,0.381614861,C005,0.459806621,0.996691167,A71EV2A-x7369b,4,0.431602478,TRUE,TRUE,FALSE
A71EV2A-x7368_A_4000_0_1_A71EV2A-x0526+A+147+0+1__LIG,CSC1=CC=C(C2=CC[N@@H+](C)CC2)C=C1OC(=O)N1C[C@@H](C(N)=O)C[C@@H]2C[C@@H]21,402.54,6,TRUE,1,10,10,TRUE,9.130,0.142,A71EV2A-x7368a,10,-2.193,TRUE,-0.304295879,0.307642963,C005,0.495985568,0.981213868,A71EV2A-x7368a,7,8.633531988,FALSE,TRUE,TRUE
A71EV2A-x7046_A_4000_0_1_A71EV2A-x0526+A+147+0+1__LIG,CSC1=CC=C(C2=CC[N@@H+](C)CC2)C=C1OC(=O)N1C[C@@H](C(N)=O)C[C@H]2C[C@H]21,402.54,6,TRUE,1,10,10,TRUE,0.768,0.930,A71EV2A-x7046a,4,-59.202,TRUE,-0.304295879,0.307642963,C005,0.7678532,0.929601669,A71EV2A-x7046a,4,0,TRUE,TRUE,FALSE
A71EV2A-x6827_A_4000_0_1_A71EV2A-x0526+A+147+0+1__LIG,CSC1=CC=C(C2=CC[NH2+]CC2)C=C1CC(=O)N1CCC[C@H](C(N)=O)C1,374.53,6,TRUE,1,10,10,TRUE,0.539,0.972,A71EV2A-x6827a,10,-115.813,TRUE,0.134898585,0.12486165,C001,0.396039248,0.994615376,A71EV2A-x6827a,7,0.142724752,TRUE,TRUE,FALSE
A71EV2A-x5276_A_201_0_1_A71EV2A-x0526+A+147+0+1__LIG,CSC1=CC=C([C@@H]2CC2)C=C1CC(=O)N1CCC[C@H](C(N)=O)C1,332.47,6,TRUE,1,10,10,TRUE,0.782,0.954,A71EV2A-x5276a,7,-98.282,TRUE,0.191002451,0.108710027,C001,0.424568921,0.980769217,A71EV2A-x5276a,2,0.357252926,TRUE,TRUE,FALSE
A71EV2A-x4986_A_201_0_1_A71EV2A-x0526+A+147+0+1__LIG,CSC1=CC=C(N2CCCC2=O)C=C1NC(=O)N1CCC[C@H](C(N)=O)C1,376.48,6,TRUE,2,20,20,TRUE,0.230,0.999,A71EV2A-x4986a,4,-154.273,TRUE,-0.003208472,-0.096119054,C003,0.229852527,0.998844385,A71EV2A-x4986a,4,0,TRUE,TRUE,FALSE
A71EV2A-x5598_A_201_0_1_A71EV2A-x0526+A+147+0+1__LIG,CSC1=CC=C(N2CCOCC2)C=C1NC(=O)N1CCC[C@H](C(N)=O)C1,378.5,6,TRUE,2,20,20,TRUE,0.441,0.977,A71EV2A-x5598a,9,-133.320,TRUE,0.040717345,-0.079023652,C003,0.359242409,0.997013628,A71EV2A-x5598b,10,0.082156926,TRUE,TRUE,FALSE
A71EV2A-x5533_A_4000_0_1_A71EV2A-x0526+A+147+0+1__LIG,CSC1=CC=C(O[C@@H]2CC2)C=C1NC(=O)N1CCC[C@H](C(N)=O)C1,349.46,7,TRUE,1,10,5,TRUE,0.924,0.972,A71EV2A-x5533a,10,-67.203,TRUE,0.038689566,-0.094187075,C003,0.772905648,0.967781425,A71EV2A-x5533a,1,0.150842845,TRUE,TRUE,FALSE
A71EV2A-x5449_A_201_0_1_A71EV2A-x0526+A+147+0+1__LIG,CSC1=CC=C([S@@](C)(=O)=O)C=C1CC(=O)N1CCC[C@H](C(N)=O)C1,370.5,6,TRUE,2,20,20,TRUE,0.232,1.000,A71EV2A-x5449a,8,-128.045,TRUE,0.181471654,0.104341849,C001,0.197135597,1,A71EV2A-x5449a,10,0.03451401,TRUE,TRUE,FALSE
A71EV2A-x5403_A_4000_0_1_A71EV2A-x0526+A+147+0+1__LIG,CSC1=CC=C(S[C@@](C)(C)C)C=C1CC(=O)N1CCC[C@H](C(N)=O)C1,380.58,7,TRUE,1,10,10,TRUE,0.601,0.990,A71EV2A-x5403a,7,-101.813,TRUE,0.175515867,0.10448718,C001,0.600701928,0.989547014,A71EV2A-x5403a,7,0,TRUE,TRUE,FALSE
A71EV2A-x5452_A_201_0_1_A71EV2A-x0526+A+147+0+1__LIG,CSC1=CC=C2OCC[C@H](C(=O)N3CCC[C@H](C(N)=O)C3)C2=C1,334.44,4,TRUE,2,20,20,TRUE,0.429,0.992,A71EV2A-x5452b,5,-106.563,TRUE,0.075385929,-0.107748255,C023,0.269253075,1,A71EV2A-x5452b,1,0.159962803,TRUE,TRUE,FALSE
A71EV2A-x5475_A_201_0_1_A71EV2A-x0526+A+147+0+1__LIG,CSC1=CC=C2OCC[C@@H](C(=O)N3CCC[C@H](C(N)=O)C3)C2=C1,334.44,4,TRUE,2,20,20,TRUE,0.495,0.980,A71EV2A-x5475b,1,-109.268,TRUE,0.075385929,-0.107748255,C023,0.470859051,0.980446935,A71EV2A-x5475b,5,0.024296761,TRUE,TRUE,FALSE
A71EV2A-x5261_A_4000_0_1_A71EV2A-x0526+A+147+0+1__LIG,CSC1=CC=C2C=NC=CC2=C1NC(=O)N1CCC[C@H](C(N)=O)C1,344.44,5,TRUE,1,10,10,TRUE,0.644,0.964,A71EV2A-x5261a,8,-118.377,TRUE,0.03960075,-0.050832238,C012,0.387873173,0.988636374,A71EV2A-x5261a,10,0.25571698,TRUE,TRUE,FALSE
A71EV2A-x4977_A_201_0_1_A71EV2A-x0526+A+147+0+1__LIG,CSC1=CC=C2N=CC=CC2=C1NC(=O)N1CCC[C@H](C(N)=O)C1,344.44,5,TRUE,2,20,20,TRUE,0.190,1.000,A71EV2A-x4977a,9,-132.526,TRUE,0.028474241,-0.029636816,C012,0.189585835,1,A71EV2A-x4977a,9,0,TRUE,TRUE,FALSE
A71EV2A-x5854_A_4000_0_1_A71EV2A-x0526+A+147+0+1__LIG,CSC1=CC=C2N=CC=CC2=C1NC(=O)N1C[C@@H](C(N)=O)C[C@@H]2C[C@@H]21,356.45,5,TRUE,2,20,20,TRUE,0.783,0.945,A71EV2A-x5854a,7,-61.299,TRUE,-0.303078894,0.264882767,C012,0.637267292,0.944622815,A71EV2A-x5854a,4,0.146190405,TRUE,TRUE,FALSE
A71EV2A-x6980_A_4000_0_1_A71EV2A-x0526+A+147+0+1__LIG,CSC1=CC=C2N=CC=CC2=C1NC(=O)N1C[C@@H](C(N)=O)C[C@H]2C[C@H]21,356.45,5,TRUE,1,10,10,TRUE,3.368,0.663,A71EV2A-x6980a,8,-74.801,TRUE,-0.303078894,0.264882767,C012,0.200181738,1,A71EV2A-x6980a,1,3.167865738,FALSE,TRUE,TRUE
A71EV2A-x7515_A_205_0_1_A71EV2A-x0526+A+147+0+1__LIG,CSC1=CC=C2N=CC=CC2=C1OC(=O)N1C[C@@H](C(N)=O)C[C@@H]2C[C@@H]21,357.44,5,TRUE,1,10,10,TRUE,2.492,0.705,A71EV2A-x7515a,1,-69.794,TRUE,-0.284812832,0.275862447,C005,0.437763631,0.979416192,A71EV2A-x7515a,3,2.054020226,FALSE,TRUE,TRUE
A71EV2A-x7461_A_201_0_1_A71EV2A-x0526+A+147+0+1__LIG,CSC1=CC=C2N=CC=CC2=C1OC(=O)N1C[C@@H](C(N)=O)C[C@H]2C[C@H]21,357.44,5,TRUE,1,10,10,TRUE,3.338,0.669,A71EV2A-x7461a,4,-67.004,TRUE,-0.284812832,0.275862447,C005,2.923223734,0.681847572,A71EV2A-x7461a,1,0.414602995,FALSE,FALSE,FALSE
A71EV2A-x7459_A_201_0_1_A71EV2A-x0526+A+147+0+1__LIG,CSC1=CC=C2N=CC=CC2=C1OC(=O)N1C[C@H](C(N)=O)C[C@@H]2C[C@@H]21,357.44,5,TRUE,1,10,10,TRUE,6.050,0.353,A71EV2A-x7459a,3,-42.833,TRUE,-0.284812832,0.275862447,C005,0.210818559,1,A71EV2A-x7459a,1,5.838786334,FALSE,TRUE,TRUE
A71EV2A-x7465_A_201_0_1_A71EV2A-x0526+A+147+0+1__LIG,CSC1=CC=C2N=CC=CC2=C1OC(=O)N1C[C@H](C(N)=O)C[C@H]2C[C@H]21,357.44,5,TRUE,2,20,20,TRUE,1.171,0.856,A71EV2A-x7465b,6,-60.443,TRUE,-0.284812832,0.275862447,C005,0.655093431,0.948863626,A71EV2A-x7465b,3,0.515945792,TRUE,TRUE,FALSE
A71EV2A-x5283_A_201_0_1_A71EV2A-x0526+A+147+0+1__LIG,CSC1=CC=C2SC=NC2=C1NC(=O)N1CCC[C@H](C(N)=O)C1,350.47,5,TRUE,2,20,20,TRUE,0.256,1.000,A71EV2A-x5283a,6,-125.809,TRUE,0.070572142,-0.040405335,C012,0.214743674,1,A71EV2A-x5283b,1,0.041047812,TRUE,TRUE,FALSE
A71EV2A-x6955_A_4000_0_1_A71EV2A-x0526+A+147+0+1__LIG,CSC1=CC=CC(C2=CC([C@@](F)(F)F)=NN2C)=C1CC(=O)N1CCC[C@H](C(N)=O)C1,440.49,7,TRUE,2,20,20,TRUE,2.102,0.897,A71EV2A-x6955a,4,-80.536,TRUE,0.129433297,0.104916641,C001,0.731611192,0.967716515,A71EV2A-x6955b,3,1.369990885,FALSE,TRUE,TRUE
A71EV2A-x5884_A_201_0_1_A71EV2A-x0526+A+147+0+1__LIG,CSC1=CC=CC(C2=CC=C([C@](F)(F)F)C=C2C#N)=C1CC(=O)N1CCC[C@H](C(N)=O)C1,461.51,7,TRUE,1,10,10,TRUE,0.650,0.981,A71EV2A-x5884a,8,-100.179,TRUE,0.161881441,0.084614922,C001,0.352939278,0.99444443,A71EV2A-x5884a,9,0.296971411,TRUE,TRUE,FALSE
A71EV2A-x5857_A_4000_0_1_A71EV2A-x0526+A+147+0+1__LIG,CSC1=CC=CC(C2=CC=C([C@@](F)(F)F)O2)=C1CC(=O)N1CCC[C@H](C(N)=O)C1,426.46,7,TRUE,1,10,10,TRUE,2.249,0.891,A71EV2A-x5857a,8,-84.895,TRUE,0.157682462,0.076257205,C001,2.031387806,0.903935194,A71EV2A-x5857a,3,0.217573404,FALSE,FALSE,FALSE
A71EV2A-x6028_A_4000_0_1_A71EV2A-x0526+A+147+0+1__LIG,CSC1=CC=CC(C2=CN(C)C(=O)C3=CC=CC=C32)=C1CC(=O)N1CCC[C@H](C(N)=O)C1,449.58,6,TRUE,1,10,10,TRUE,1.254,0.919,A71EV2A-x6028a,7,-113.243,TRUE,0.111153803,0.078557596,C001,1.253798962,0.919322729,A71EV2A-x6028a,7,0,TRUE,TRUE,FALSE
A71EV2A-x6794_A_4000_0_1_A71EV2A-x0526+A+147+0+1__LIG,CSC1=CC=CC(C2=C([C@@H]3CC3)C=CS2)=C1CC(=O)N1CCC[C@H](C(N)=O)C1,414.6,7,TRUE,1,10,10,TRUE,0.675,0.978,A71EV2A-x6794a,4,-76.714,TRUE,0.166139251,0.067251711,C001,0.675330579,0.977832496,A71EV2A-x6794a,4,0,TRUE,TRUE,FALSE
A71EV2A-x5788_A_4000_0_1_A71EV2A-x0526+A+147+0+1__LIG,CSC1=CC=CC(N2C=CN=C2)=C1CC(=O)N1CCC[C@H](C(N)=O)C1,358.47,6,TRUE,1,10,10,TRUE,0.512,0.993,A71EV2A-x5788a,5,-74.264,TRUE,0.175273468,0.101046578,C001,0.458483249,0.996491253,A71EV2A-x5788a,7,0.053893775,TRUE,TRUE,FALSE
A71EV2A-x4670_A_201_0_1_A71EV2A-x0526+A+147+0+1__LIG,CSC1=CC=CC(Br)=C1CC(=O)N1CCC[C@H](C(N)=O)C1,371.3,5,TRUE,1,10,10,TRUE,2.641,0.768,A71EV2A-x4670a,9,-101.226,TRUE,0.210955376,0.079164122,C001,0.792244196,0.988304079,A71EV2A-x4670a,5,1.848996639,FALSE,TRUE,TRUE
A71EV2A-x6938_A_4000_0_1_A71EV2A-x0526+A+147+0+1__LIG,CSC1=CC=CC(C2=CCCCC2)=C1CC(=O)N1CCC[C@H](C(N)=O)C1,372.53,6,TRUE,1,10,10,TRUE,0.349,0.998,A71EV2A-x6938a,7,-105.274,TRUE,0.159456149,0.085670795,C001,0.275108635,0.999156833,A71EV2A-x6938a,9,0.074144065,TRUE,TRUE,FALSE
A71EV2A-x4334_A_201_0_1_A71EV2A-x0526+A+147+0+1__LIG,CSC1=CC=CC(CC(=O)N2CCC[C@H](C(N)=O)C2)=C1,292.4,5,TRUE,2,20,20,TRUE,0.429,0.989,A71EV2A-x4334b,6,-110.950,TRUE,0.192065824,-0.010440439,C001,0.337419212,0.991472185,A71EV2A-x4334a,1,0.091135859,TRUE,TRUE,FALSE
A71EV2A-x4711_A_201_0_1_A71EV2A-x0526+A+147+0+1__LIG,CSC1=CC=CC(CN2C[C@@H](C(N)=O)CCC2=O)=C1,278.38,4,TRUE,1,10,10,TRUE,0.630,0.949,A71EV2A-x4711a,1,-95.520,TRUE,-0.264899859,-0.017138917,C004,0.496491849,0.970283031,A71EV2A-x4711a,8,0.1335724,TRUE,TRUE,FALSE
A71EV2A-x4710_A_201_0_1_A71EV2A-x0526+A+147+0+1__LIG,CSC1=CC=CC(CN2C[C@H](C(N)=O)CCC2=O)=C1,278.38,4,TRUE,1,10,10,TRUE,0.364,0.989,A71EV2A-x4710a,6,-111.419,TRUE,-0.264899859,-0.017138917,C004,0.248739287,1,A71EV2A-x4710a,9,0.114780232,TRUE,TRUE,FALSE
A71EV2A-x5249_A_201_0_1_A71EV2A-x0526+A+147+0+1__LIG,CSC1=CC=CC2=C1N(C(=O)N1CCC[C@H](C(N)=O)C1)CCCO2,349.46,4,TRUE,1,10,10,TRUE,0.354,0.997,A71EV2A-x5249a,8,-106.530,TRUE,0.034360833,-0.05584048,C001,0.260237992,1,A71EV2A-x5249a,3,0.094067007,TRUE,TRUE,FALSE
A71EV2A-x5850_A_4000_0_1_A71EV2A-x0526+A+147+0+1__LIG,CSC1=CC=CC2=C1[C@@H](C(=O)N1CCC[C@H](C(N)=O)C1)CCC2,332.47,4,TRUE,1,10,10,TRUE,0.450,0.993,A71EV2A-x5850a,10,-109.931,TRUE,0.037893586,-0.099795334,C001,0.357872903,0.99781847,A71EV2A-x5850a,4,0.092328399,TRUE,TRUE,FALSE
A71EV2A-x7448_A_4000_0_1_A71EV2A-x0526+A+147+0+1__LIG,CSC1=CC=CC2=C1[C@@H](C(=O)N1C[C@@H](C(N)=O)C[C@@H]3C[C@@H]31)CC2,330.45,4,TRUE,1,10,10,TRUE,3.986,0.479,A71EV2A-x7448a,2,-33.063,TRUE,-0.286335715,0.194494661,C061,0.296391249,0.993791401,A71EV2A-x7448a,10,3.68985939,FALSE,TRUE,TRUE
A71EV2A-x5687_A_201_0_1_A71EV2A-x0526+A+147+0+1__LIG,CSC1=CC=CC2=C1[C@H](C(=O)N1CCC[C@H](C(N)=O)C1)CC2,318.44,4,TRUE,1,10,10,TRUE,2.548,0.743,A71EV2A-x5687a,7,-89.661,TRUE,0.040959746,-0.100564002,C001,1.933832169,0.752399981,A71EV2A-x5687a,10,0.613757849,FALSE,TRUE,TRUE
A71EV2A-x5995_A_4000_0_1_A71EV2A-x0526+A+147+0+1__LIG,CSC1=CC=CC2=C1[C@H](C(=O)N1CCC[C@H](C(N)=O)C1)CCC2,332.47,4,TRUE,2,20,20,TRUE,0.208,1.000,A71EV2A-x5995a,7,-110.111,TRUE,0.037893586,-0.099795334,C001,0.197211489,1,A71EV2A-x5995b,7,0.010765389,TRUE,TRUE,FALSE
A71EV2A-x4846_A_201_0_1_A71EV2A-x0526+A+147+0+1__LIG,CSC1=CC=CC=C1C(=O)N1CCC[C@H](C(N)=O)C1,278.38,4,TRUE,1,10,10,TRUE,0.320,0.998,A71EV2A-x4846a,9,-84.807,TRUE,0.075153445,-0.071233106,C001,0.258126915,1,A71EV2A-x4846a,7,0.061972976,TRUE,TRUE,FALSE
A71EV2A-x4715_A_201_A_1_A71EV2A-x0526+A+147+0+1_ALIG,CSC1=CC=CC=C1CC(=O)N1C[C@@H](O)C1,237.32,4,TRUE,2,20,20,TRUE,0.260,1.000,A71EV2A-x4715b,9,-66.170,TRUE,-0.167608657,0.327514479,C001,0.259794414,1,A71EV2A-x4715b,9,0,TRUE,TRUE,FALSE
A71EV2A-x4724_A_201_0_1_A71EV2A-x0526+A+147+0+1__LIG,CSC1=CC=CC=C1CC(=O)N1CC[C@](F)(F)[C@H](C(N)=O)C1,328.38,5,TRUE,1,10,10,TRUE,0.195,1.000,A71EV2A-x4724a,10,-96.160,TRUE,-0.091109751,0.260429971,C001,0.164420933,1,A71EV2A-x4724a,6,0.03012763,TRUE,TRUE,FALSE
A71EV2A-x4735_A_201_0_1_A71EV2A-x0526+A+147+0+1__LIG,CSC1=C(CC(=O)N2CCC[C@@H]2C2=CN=CN2)C=CC=C1,301.42,5,TRUE,1,10,10,TRUE,0.640,0.947,A71EV2A-x4735a,10,-64.358,TRUE,-0.149378933,0.259647175,C062,0.557353914,0.956651747,A71EV2A-x4735a,2,0.082907259,TRUE,TRUE,FALSE
A71EV2A-x4746_A_201_0_1_A71EV2A-x0526+A+147+0+1__LIG,CSC1=CC=CC=C1CC(=O)N1CCC[C@H]([C@@H](F)F)C1,299.39,5,TRUE,1,10,10,TRUE,2.516,0.731,A71EV2A-x4746a,5,-75.286,TRUE,0.016791409,0.202615046,C001,0.694866359,0.938530743,A71EV2A-x4746a,3,1.82115227,FALSE,TRUE,TRUE
A71EV2A-x4386_A_201_0_1_A71EV2A-x0526+A+147+0+1__LIG,CSC1=CC=CC=C1CC(=O)N1CCC[C@H](C(N)=O)C1,292.4,5,TRUE,1,10,10,TRUE,0.294,1.000,A71EV2A-x4386a,1,-101.423,TRUE,0.18165685,0.069174466,C001,0.239110708,1,A71EV2A-x4386a,9,0.055139929,TRUE,TRUE,FALSE
A71EV2A-x4809_A_201_0_1_A71EV2A-x0526+A+147+0+1__LIG,CSC1=CC=CC=C1CC(=O)N1CCC[C@H](CCO)C1,293.43,6,TRUE,1,10,10,TRUE,0.480,0.983,A71EV2A-x4809a,7,-85.835,TRUE,0.016984093,0.208060959,C001,0.359998941,0.990120292,A71EV2A-x4809a,10,0.119766176,TRUE,TRUE,FALSE
A71EV2A-x4751_A_201_0_1_A71EV2A-x0526+A+147+0+1__LIG,CSC1=CC=CC=C1CC(=O)N1CCC[C@H](CF)C1,281.4,5,TRUE,1,10,10,TRUE,0.489,0.967,A71EV2A-x4751a,2,-80.300,TRUE,0.021625015,0.210002759,C001,0.413841039,0.985123992,A71EV2A-x4751a,5,0.07492891,TRUE,TRUE,FALSE
A71EV2A-x4794_A_201_0_1_A71EV2A-x0526+A+147+0+1__LIG,CSC1=CC=CC=C1CC(=O)N1CCC[C@H](O)C1,265.38,4,TRUE,1,10,10,TRUE,0.493,0.973,A71EV2A-x4794a,4,-87.359,TRUE,0.033295703,0.217816794,C001,0.491478413,0.973132968,A71EV2A-x4794a,9,0.001763195,TRUE,TRUE,FALSE
A71EV2A-x4745_A_201_0_1_A71EV2A-x0526+A+147+0+1__LIG,CSC1=CC=CC=C1CC(=O)N1CCC[C@H]([S@](N)(=O)=O)C1,328.46,5,TRUE,1,10,10,TRUE,0.421,0.990,A71EV2A-x4745a,6,-105.391,TRUE,0.02651489,0.194995419,C001,0.376534373,0.996353328,A71EV2A-x4745a,1,0.0440889,TRUE,TRUE,FALSE
A71EV2A-x4791_A_201_0_1_A71EV2A-x0526+A+147+0+1__LIG,CSC1=CC=CC=C1CC(=O)N1CCC[C@H]2C(=O)NC[C@H]21,304.41,4,TRUE,1,10,10,TRUE,0.511,0.982,A71EV2A-x4791a,9,-69.212,TRUE,-0.163872949,0.252086532,C001,0.510648251,0.982318282,A71EV2A-x4791a,9,0,TRUE,TRUE,FALSE
A71EV2A-x4753_A_201_0_1_A71EV2A-x0526+A+147+0+1__LIG,CSC1=CC=CC=C1CC(=O)N1CCC[C@](F)(C(N)=O)C1,310.39,5,TRUE,1,10,10,TRUE,0.354,0.992,A71EV2A-x4753a,2,-99.894,TRUE,-0.080660959,0.253235616,C001,0.287116408,0.992333889,A71EV2A-x4753a,6,0.067099243,TRUE,TRUE,FALSE
A71EV2A-x4894_A_201_0_1_A71EV2A-x0526+A+147+0+1__LIG,CSC1=CC=CC=C1CC(=O)N1CCC[C@](O)(C(N)=O)C1,308.4,5,TRUE,2,20,20,TRUE,0.373,0.991,A71EV2A-x4940a,2,-105.696,TRUE,-0.073677734,0.246394053,C001,0.27952677,0.997409344,A71EV2A-x4940a,3,0.093275994,TRUE,TRUE,FALSE
A71EV2A-x4721_A_201_0_1_A71EV2A-x0526+A+147+0+1__LIG,CSC1=CC=CC=C1CC(=O)N1CCNC(=O)C1,264.35,4,TRUE,1,10,10,TRUE,3.580,0.607,A71EV2A-x4721a,9,-85.815,TRUE,-0.18368477,0.315365332,C001,0.585232377,0.963250518,A71EV2A-x4721a,7,2.994954467,FALSE,TRUE,TRUE
A71EV2A-x4748_A_201_0_1_A71EV2A-x0526+A+147+0+1__LIG,CSC1=CC=CC=C1CC(=O)N1CCO[C@H](C(N)=O)C1,294.38,5,TRUE,1,10,10,TRUE,0.232,1.000,A71EV2A-x4748a,9,-112.575,TRUE,-0.091207777,0.255588105,C001,0.158558115,1,A71EV2A-x4748a,2,0.073289156,TRUE,TRUE,FALSE
A71EV2A-x4739_A_201_0_1_A71EV2A-x0526+A+147+0+1__LIG,CSC1=CC=CC=C1CC(=O)N1CC[C@@H]2[C@H](C1)[C@H]2C(N)=O,304.41,5,TRUE,1,10,10,TRUE,2.257,0.734,A71EV2A-x4739a,8,-48.881,TRUE,-0.061478027,0.228186959,C001,0.475995123,0.976169825,A71EV2A-x4739a,2,1.780611932,FALSE,TRUE,TRUE
A71EV2A-x5028_A_4000_0_1_A71EV2A-x0526+A+147+0+1__LIG,CSC1=CC=CC=C1CC(=O)N1CC[C@H](CC(N)=O)C1,292.4,6,TRUE,1,10,10,TRUE,0.330,0.996,A71EV2A-x5028a,5,-96.480,TRUE,-0.078953562,0.241493285,C001,0.329583347,0.995871544,A71EV2A-x5028a,5,0,TRUE,TRUE,FALSE
A71EV2A-x4771_A_201_0_1_A71EV2A-x0526+A+147+0+1__LIG,CSC1=CC=CC=C1CC(=O)N1CCC2=C(C1)C(=O)NC=N2,315.4,4,TRUE,1,10,10,TRUE,2.674,0.627,A71EV2A-x4771a,6,-76.721,TRUE,-0.183842325,0.32525826,C038,2.284187555,0.691389263,A71EV2A-x4771a,2,0.38997221,FALSE,FALSE,FALSE
A71EV2A-x4752_A_201_0_1_A71EV2A-x0526+A+147+0+1__LIG,CSC1=C(CC(=O)N2CCC3=NC=CC(O)=C3C2)C=CC=C1,314.41,4,TRUE,1,10,10,TRUE,1.823,0.763,A71EV2A-x4752a,4,-73.386,TRUE,-0.161117177,0.336523628,C038,1.82302916,0.762633979,A71EV2A-x4752a,4,0,TRUE,TRUE,FALSE
A71EV2A-x5992_A_4000_0_1_A71EV2A-x0526+A+147+0+1__LIG,CSC1=CC=CC=C1CC(=O)N1C[C@@H](C(N)=O)CC[C@@H]1CO,322.43,6,TRUE,2,20,20,TRUE,1.625,0.805,A71EV2A-x5992a,3,-107.855,TRUE,-0.154634918,0.212567657,C001,1.160911441,0.87960124,A71EV2A-x5992a,9,0.46366024,TRUE,TRUE,FALSE
A71EV2A-x7631_A_201_0_1_A71EV2A-x0526+A+147+0+1__LIG,CSC1=CC=CC=C1CC(=O)N1C[C@@H](C(N)=O)C[C@@H]2C[C@@H]21,304.42,5,TRUE,1,10,10,TRUE,2.384,0.750,A71EV2A-x7631a,4,-62.299,TRUE,-0.249969777,0.35500262,C001,1.186371446,0.844006538,A71EV2A-x7631a,6,1.197622895,FALSE,TRUE,TRUE
A71EV2A-x5177_A_201_0_1_A71EV2A-x0526+A+147+0+1__LIG,CSC1=CC=CC=C1CC(=O)N1C[C@@H](C(N)=O)C[C@H]2C[C@H]21,304.42,5,TRUE,1,10,10,TRUE,2.920,0.597,A71EV2A-x5177a,10,-29.334,TRUE,-0.249969777,0.35500262,C001,0.400300354,0.989247322,A71EV2A-x5177a,5,2.5201644,FALSE,TRUE,TRUE
A71EV2A-x4885_A_201_0_1_A71EV2A-x0526+A+147+0+1__LIG,CSC1=CC=CC=C1CC(=O)N1C[C@@H](C)C[C@H](C(N)=O)C1,306.43,5,TRUE,2,20,20,TRUE,0.153,1.000,A71EV2A-x4885a,5,-117.533,TRUE,-0.095904412,0.23658091,C001,0.152918234,1,A71EV2A-x4885a,5,0,TRUE,TRUE,FALSE
A71EV2A-x5387_A_4000_0_1_A71EV2A-x0526+A+147+0+1__LIG,CSC1=CC=CC=C1CC(=O)N1C[C@@H](O)C[C@H](C(N)=O)C1,308.4,5,TRUE,2,20,20,TRUE,0.735,0.928,A71EV2A-x5387b,7,-117.615,TRUE,-0.097597778,0.233142167,C001,0.195543513,1,A71EV2A-x5387a,8,0.539432421,TRUE,TRUE,FALSE
A71EV2A-x4947_A_201_0_1_A71EV2A-x0526+A+147+0+1__LIG,CSC1=CC=CC=C1CC(=O)N1C[C@@H]2C[C@]2(C(N)=O)C1,290.39,5,TRUE,1,10,10,TRUE,0.353,0.993,A71EV2A-x4947a,1,-77.126,TRUE,-0.165805479,0.277626606,C001,0.275047094,0.997487426,A71EV2A-x4947a,5,0.078102738,TRUE,TRUE,FALSE
A71EV2A-x5171_A_201_0_1_A71EV2A-x0526+A+147+0+1__LIG,CSC1=CC=CC=C1CC(=O)N1C[C@H](C(N)=O)C[C@H](C(N)=O)C1,335.43,6,TRUE,2,20,20,TRUE,0.182,1.000,A71EV2A-x5171a,9,-138.902,TRUE,-0.089018507,0.237283435,C001,0.172677428,1,A71EV2A-x5171b,6,0.009797424,TRUE,TRUE,FALSE
A71EV2A-x5104_A_201_0_1_A71EV2A-x0526+A+147+0+1__LIG,CSC1=CC=CC=C1CC(=O)N1C[C@H](C)C[C@H](C(N)=O)C1,306.43,5,TRUE,3,30,30,TRUE,0.616,0.960,A71EV2A-x5200a,4,-101.394,TRUE,-0.095904412,0.23658091,C001,0.270131707,1,A71EV2A-x5268a,5,0.345778048,TRUE,TRUE,FALSE
A71EV2A-x5262_A_201_0_1_A71EV2A-x0526+A+147+0+1__LIG,CSC1=CC=CC=C1CC(=O)N1C[C@@H]2C[C@@]1(CC(N)=O)C2,304.42,6,TRUE,2,20,20,TRUE,0.251,1.000,A71EV2A-x5262b,5,-79.430,TRUE,-0.234258119,0.275615855,C001,0.251412511,1,A71EV2A-x5262b,5,0,TRUE,TRUE,FALSE
A71EV2A-x5065_A_201_0_1_A71EV2A-x0526+A+147+0+1__LIG,CSC1=CC=CC=C1CCN1C[C@@H](C(N)=O)CC1=O,278.38,5,TRUE,1,10,10,TRUE,2.361,0.787,A71EV2A-x5065a,4,-100.301,TRUE,-0.302695587,0.143880819,C063,0.369226754,1,A71EV2A-x5065a,10,1.991794288,FALSE,TRUE,TRUE
A71EV2A-x4695_A_201_0_1_A71EV2A-x0526+A+147+0+1__LIG,CSC1=CC=CC=C1CN1C[C@@H](C(N)=O)CCC1=O,278.38,4,TRUE,1,10,10,TRUE,0.379,0.990,A71EV2A-x4695a,8,-99.857,TRUE,-0.283042952,0.058732163,C001,0.304734796,1,A71EV2A-x4695a,1,0.074745446,TRUE,TRUE,FALSE
A71EV2A-x4694_A_201_0_1_A71EV2A-x0526+A+147+0+1__LIG,CSC1=CC=CC=C1CN1C[C@H](C(N)=O)CCC1=O,278.38,4,TRUE,1,10,10,TRUE,0.336,0.997,A71EV2A-x4694a,2,-102.815,TRUE,-0.283042952,0.058732163,C001,0.336145759,0.997354507,A71EV2A-x4694a,2,0,TRUE,TRUE,FALSE
A71EV2A-x4712_A_201_0_1_A71EV2A-x0526+A+147+0+1__LIG,CSC1=CC=CC=C1N(C)C(=O)N1CCC[C@H](C(N)=O)C1,307.42,5,TRUE,1,10,10,TRUE,0.227,1.000,A71EV2A-x4712a,10,-113.073,TRUE,0.061456805,-0.062455115,C001,0.176248997,1,A71EV2A-x4712a,8,0.050945073,TRUE,TRUE,FALSE
A71EV2A-x4684_A_201_0_1_A71EV2A-x0526+A+147+0+1__LIG,CSC1=CC=CC=C1N(C)C(=O)N1CC[C@H](C(N)=O)C1,293.39,5,TRUE,1,10,10,TRUE,0.190,1.000,A71EV2A-x4684a,5,-114.391,TRUE,-0.09148835,0.009186788,C001,0.168317467,1,A71EV2A-x4684a,1,0.022023231,TRUE,TRUE,FALSE
A71EV2A-x4922_A_201_0_1_A71EV2A-x0526+A+147+0+1__LIG,CSC1=CC=CC=C1N1C[C@@H](C(N)=O)CCC1=O,264.35,3,TRUE,1,10,10,TRUE,2.331,0.767,A71EV2A-x4922a,1,-81.210,TRUE,-0.266370604,0.045728862,C013,0.441542357,0.987449825,A71EV2A-x4922a,5,1.889031202,FALSE,TRUE,TRUE
A71EV2A-x4855_A_201_0_1_A71EV2A-x0526+A+147+0+1__LIG,CSC1=CC=CC=C1NC(=O)N1CC[C@H](C(N)=O)C1,279.37,5,TRUE,1,10,10,TRUE,0.175,1.000,A71EV2A-x4855a,7,-130.778,TRUE,-0.105329037,-0.068898169,C001,0.167402133,1,A71EV2A-x4855a,5,0.007907301,TRUE,TRUE,FALSE
A71EV2A-x4824_A_201_0_1_A71EV2A-x0526+A+147+0+1__LIG,CSC1=CC=CC=C1OC(=O)N1CCC[C@H](C(N)=O)C1,294.38,5,TRUE,2,20,20,TRUE,0.223,1.000,A71EV2A-x4824b,4,-111.278,TRUE,0.03255853,-0.078481923,C001,0.182496727,1,A71EV2A-x4824b,9,0.040235892,TRUE,TRUE,FALSE
A71EV2A-x7035_A_201_0_1_A71EV2A-x0526+A+147+0+1__LIG,CSC1=CC=CC=C1[C@@H](NC(=O)[C@H](C)C)C(=O)N1CC[C@H](C(N)=O)C1,363.48,8,TRUE,1,10,10,TRUE,0.213,1.000,A71EV2A-x7035a,8,-150.691,TRUE,-0.154906617,-0.009351034,C006,0.213091075,1,A71EV2A-x7035a,8,0,TRUE,TRUE,FALSE
A71EV2A-x6991_A_1001_0_1_A71EV2A-x0526+A+147+0+1__LIG,CSC1=CC=CC=C1[C@@H](NC(=O)[C@@]1(C)CCC1)C(=O)N1CC[C@H](C(N)=O)C1,389.52,8,TRUE,1,10,10,TRUE,0.315,0.995,A71EV2A-x6991a,1,-123.501,TRUE,-0.13140426,-0.023583294,C006,0.308741957,0.994658113,A71EV2A-x6991a,5,0.005763829,TRUE,TRUE,FALSE
A71EV2A-x6934_A_4000_0_1_A71EV2A-x0526+A+147+0+1__LIG,CSC1=CC=CC=C1[C@@H](NC(=O)[C@@H]1CC1)C(=O)N1CC[C@H](C(N)=O)C1,361.47,8,TRUE,1,10,10,TRUE,0.515,0.985,A71EV2A-x6934a,3,-124.830,TRUE,-0.164320766,-0.002916939,C006,0.508729815,0.985106409,A71EV2A-x6934a,2,0.006028235,TRUE,TRUE,FALSE
A71EV2A-x6944_A_4000_0_1_A71EV2A-x0526+A+147+0+1__LIG,CSC1=CC=CC=C1[C@@H](NC(=O)[C@@H]1COC1)C(=O)N1CC[C@H](C(N)=O)C1,377.47,8,TRUE,1,10,10,TRUE,0.215,1.000,A71EV2A-x6944a,4,-134.114,TRUE,-0.173610791,0.002239224,C006,0.215005666,1,A71EV2A-x6944a,4,0,TRUE,TRUE,FALSE
A71EV2A-x6818_A_4000_0_1_A71EV2A-x0526+A+147+0+1__LIG,CSC1=CC=CC=C1[C@@H](NC(=O)C[C@](F)(F)F)C(=O)N1CC[C@H](C(N)=O)C1,403.43,9,TRUE,1,10,10,TRUE,0.366,0.994,A71EV2A-x6818a,7,-137.969,TRUE,-0.155682643,0.005288338,C006,0.294654369,0.997907937,A71EV2A-x6818a,10,0.071643949,TRUE,TRUE,FALSE
A71EV2A-x6821_A_4000_0_1_A71EV2A-x0526+A+147+0+1__LIG,CSC1=CC=CC=C1[C@@H](NC(=O)CNC(C)=O)C(=O)N1CC[C@H](C(N)=O)C1,392.48,10,TRUE,1,10,10,TRUE,0.297,1.000,A71EV2A-x6821a,8,-175.709,TRUE,-0.160889395,-0.001947271,C006,0.296285182,1,A71EV2A-x6821a,2,0.000991046,TRUE,TRUE,FALSE
A71EV2A-x6776_A_4000_0_1_A71EV2A-x0526+A+147+0+1__LIG,CSC1=CC=CC=C1[C@@H](NC(=O)C[N@@H+](C)C)C(=O)N1CC[C@H](C(N)=O)C1,379.51,9,TRUE,1,10,10,TRUE,0.376,0.987,A71EV2A-x6776a,4,-145.653,TRUE,-0.156622098,0.00898142,C006,0.367820144,0.988934994,A71EV2A-x6776a,7,0.008529544,TRUE,TRUE,FALSE
A71EV2A-x6819_A_4000_0_1_A71EV2A-x0526+A+147+0+1__LIG,CSC1=CC=CC=C1[C@@H](NC(=O)CC1=CC=CC=C1)C(=O)N1CC[C@H](C(N)=O)C1,411.53,9,TRUE,1,10,10,TRUE,1.897,0.931,A71EV2A-x6819a,8,-147.672,TRUE,-0.137799571,0.02651536,C006,0.827963531,0.933919251,A71EV2A-x6819a,7,1.069396794,TRUE,TRUE,FALSE
A71EV2A-x6856_A_4000_0_1_A71EV2A-x0526+A+147+0+1__LIG,CSC1=CC=CC=C1[C@@H](NC(=O)CC1=CC=CN=C1)C(=O)N1CC[C@H](C(N)=O)C1,412.52,9,TRUE,1,10,10,TRUE,0.227,1.000,A71EV2A-x6856a,3,-150.916,TRUE,-0.140844617,0.050658914,C006,0.226856917,1,A71EV2A-x6856a,3,0,TRUE,TRUE,FALSE
A71EV2A-x6816_A_4000_0_1_A71EV2A-x0526+A+147+0+1__LIG,CSC1=CC=CC=C1[C@@H](NC(=O)CN1C=CC=N1)C(=O)N1CC[C@H](C(N)=O)C1,401.49,9,TRUE,2,20,20,TRUE,0.747,0.965,A71EV2A-x6816a,5,-142.020,TRUE,-0.164317699,0.034538483,C006,0.500906706,0.980796099,A71EV2A-x6816b,6,0.246347666,TRUE,TRUE,FALSE
A71EV2A-x6847_A_4000_0_1_A71EV2A-x0526+A+147+0+1__LIG,CSC1=CC=CC=C1[C@@H](NC(=O)O[C@@](C)(C)C)C(=O)N1CC[C@H](C(N)=O)C1,393.51,9,TRUE,1,10,10,TRUE,0.284,0.997,A71EV2A-x6847a,8,-139.911,TRUE,-0.172834732,-0.021381288,C006,0.283691972,0.996720135,A71EV2A-x6847a,8,0,TRUE,TRUE,FALSE
A71EV2A-x5383_A_201_0_1_A71EV2A-x0526+A+147+0+1__LIG,CSC1=CC=CC=C1[C@@H](NC(C)=O)C(=O)N1CC[C@H](C(N)=O)C1,335.43,7,TRUE,1,10,10,TRUE,0.200,1.000,A71EV2A-x5383a,1,-149.574,TRUE,-0.155774861,-0.019086463,C006,0.194384366,1,A71EV2A-x5383a,9,0.005550221,TRUE,TRUE,FALSE
A71EV2A-x7071_A_4000_0_1_A71EV2A-x0526+A+147+0+1__LIG,CSC1=CC=CC=C1[C@@H](N[S@](C)(=O)=O)C(=O)N1CC[C@H](C(N)=O)C1,371.48,7,TRUE,1,10,10,TRUE,0.278,0.992,A71EV2A-x7071a,10,-143.527,TRUE,-0.157487552,-0.00484124,C006,0.276212513,0.998516321,A71EV2A-x7071a,6,0.001924604,TRUE,TRUE,FALSE
A71EV2A-x5461_A_4000_0_1_A71EV2A-x0526+A+147+0+1__LIG,CSC1=CC=CC=C1[C@@H]([NH3+])C(=O)N1CC[C@H](C(N)=O)C1,294.4,5,TRUE,1,10,10,TRUE,0.322,0.999,A71EV2A-x5461a,3,-115.197,TRUE,-0.123253452,-0.014004411,C001,0.301422119,1,A71EV2A-x5461a,10,0.020118266,TRUE,TRUE,FALSE
A71EV2A-x7038_A_201_0_1_A71EV2A-x0526+A+147+0+1__LIG,CSC1=CC=CC=C1[C@H](C(=O)N1CC[C@H](C(N)=O)C1)N1CCCC1=O,361.47,6,TRUE,1,10,10,TRUE,0.239,1.000,A71EV2A-x7038a,2,-130.681,TRUE,-0.145405682,-0.040953744,C006,0.16521652,1,A71EV2A-x7038a,4,0.07364811,TRUE,TRUE,FALSE
A71EV2A-x6726_A_4000_0_1_A71EV2A-x0526+A+147+0+1__LIG,CSC1=CC=CC=C1[C@H](NC(=O)C[C@@H]1CC1)C(=O)N1CC[C@H](C(N)=O)C1,375.49,9,TRUE,1,10,10,TRUE,1.107,0.943,A71EV2A-x6726a,2,-136.518,TRUE,-0.154466117,0.006394752,C006,0.543149471,0.977024913,A71EV2A-x6726a,5,0.564143181,TRUE,TRUE,FALSE
A71EV2A-x6851_A_4000_0_1_A71EV2A-x0526+A+147+0+1__LIG,CSC1=CC=CC=C1[C@H](NC(=O)O[C@@](C)(C)C)C(=O)N1CC[C@H](C(N)=O)C1,393.51,9,TRUE,1,10,10,TRUE,0.256,1.000,A71EV2A-x6851a,9,-143.795,TRUE,-0.172834732,-0.021381288,C006,0.221598208,1,A71EV2A-x6851a,2,0.034029245,TRUE,TRUE,FALSE
A71EV2A-x4914_A_201_0_1_A71EV2A-x0526+A+147+0+1__LIG,CSC1=CC=CN=C1CC(=O)N1CCC[C@H](C(N)=O)C1,293.39,5,TRUE,1,10,10,TRUE,0.429,0.989,A71EV2A-x4914a,2,-99.136,TRUE,0.196503409,0.091545952,C001,0.311573595,1,A71EV2A-x4914a,1,0.117027551,TRUE,TRUE,FALSE
A71EV2A-x4827_A_201_0_1_A71EV2A-x0526+A+147+0+1__LIG,CSC1=CC=NC=C1CC(=O)N1CCC[C@H](C(N)=O)C1,293.39,5,TRUE,2,20,20,TRUE,0.272,0.997,A71EV2A-x4827a,7,-117.744,TRUE,0.212269158,0.106995104,C001,0.179043382,1,A71EV2A-x4827a,4,0.092704087,TRUE,TRUE,FALSE
A71EV2A-x4826_A_201_0_1_A71EV2A-x0526+A+147+0+1__LIG,CSC1=CC=NC=C1NC(=O)N1CCC[C@H](C(N)=O)C1,294.38,5,TRUE,2,20,20,TRUE,0.309,0.996,A71EV2A-x4826a,1,-134.843,TRUE,0.078803123,-0.093192976,C001,0.2090545,1,A71EV2A-x4826a,3,0.100082457,TRUE,TRUE,FALSE
A71EV2A-x5182_A_201_0_1_A71EV2A-x0526+A+147+0+1__LIG,CSC1=CC=NC=C1N[S@](=O)(=O)N1CCC[C@H](C(N)=O)C1,330.44,5,TRUE,1,10,10,TRUE,2.226,0.804,A71EV2A-x5182a,1,-104.267,TRUE,-0.035480054,0.015479344,C021,0.250574976,1,A71EV2A-x5182a,7,1.975802749,FALSE,TRUE,TRUE
A71EV2A-x4703_A_201_0_1_A71EV2A-x0526+A+147+0+1__LIG,CSC1=CN(C)N=C1NC(=O)N1CCC[C@H](C(N)=O)C1,297.38,5,TRUE,1,10,10,TRUE,0.687,0.968,A71EV2A-x4703a,7,-122.674,TRUE,0.10309856,-0.039579186,C012,0.686275542,0.965784669,A71EV2A-x4703a,5,0.001093626,TRUE,TRUE,FALSE
A71EV2A-x4689_A_201_0_1_A71EV2A-x0526+A+147+0+1__LIG,CSC1=CN=CC=C1CC(=O)N1CCC[C@H](C(N)=O)C1,293.39,5,TRUE,1,10,10,TRUE,0.233,1.000,A71EV2A-x4689a,8,-100.415,TRUE,0.210380601,0.090260482,C001,0.221074149,1,A71EV2A-x4689a,2,0.012026578,TRUE,TRUE,FALSE
A71EV2A-x4812_A_201_0_1_A71EV2A-x0526+A+147+0+1__LIG,CSC1=CN=CN=C1CC(=O)N1CCC[C@H](C(N)=O)C1,294.38,5,TRUE,1,10,10,TRUE,0.336,0.992,A71EV2A-x4812a,10,-102.888,TRUE,0.256172518,0.122340338,C001,0.321213871,1,A71EV2A-x4812a,4,0.014471412,TRUE,TRUE,FALSE
A71EV2A-x4998_A_201_A_1_A71EV2A-x0526+A+147+0+1_ALIG,CSC1=CSC=C1CC(=O)N1C[C@@H](C(N)=O)C1,270.38,5,TRUE,2,20,20,TRUE,1.226,0.821,A71EV2A-x4998b,2,-54.496,TRUE,0.000158513,0.215104577,C001,0.311788231,0.996672988,A71EV2A-x4998a,8,0.914165467,TRUE,TRUE,FALSE
A71EV2A-x4935_A_201_0_1_A71EV2A-x0526+A+147+0+1__LIG,CSC1=CSC=C1CC(=O)N1CCC[C@H](C(N)=O)C1,298.43,5,TRUE,1,10,10,TRUE,0.265,1.000,A71EV2A-x4935a,1,-99.341,TRUE,0.241858746,0.081307827,C001,0.232021227,1,A71EV2A-x4935a,8,0.033273652,TRUE,TRUE,FALSE
A71EV2A-x5022_A_201_0_1_A71EV2A-x0526+A+147+0+1__LIG,CSC1=NC2=C(C=C1NC(=O)N1CCC[C@H](C(N)=O)C1)CCCC2,348.47,5,TRUE,2,20,20,TRUE,0.470,0.977,A71EV2A-x5022a,10,-140.066,TRUE,0.106454358,-0.088860412,C026,0.259843141,0.999121249,A71EV2A-x5022b,5,0.209780991,TRUE,TRUE,FALSE
A71EV2A-x4918_A_201_0_1_A71EV2A-x0526+A+147+0+1__LIG,CSC1=NC=CC=C1CC(=O)N1CCC[C@H](C(N)=O)C1,293.39,5,TRUE,1,10,10,TRUE,0.281,0.998,A71EV2A-x4918a,7,-114.638,TRUE,0.252887696,0.093347524,C001,0.213638961,1,A71EV2A-x4918a,10,0.067600518,TRUE,TRUE,FALSE
A71EV2A-x4883_A_201_0_1_A71EV2A-x0526+A+147+0+1__LIG,CSC1=NC=CC=C1NC(=O)N1CCC[C@H](C(N)=O)C1,294.38,5,TRUE,2,20,20,TRUE,0.215,1.000,A71EV2A-x4883a,3,-133.104,TRUE,0.120046505,-0.093301522,C003,0.194431424,1,A71EV2A-x4883a,4,0.020366997,TRUE,TRUE,FALSE
A71EV2A-x4774_A_201_0_1_A71EV2A-x0526+A+147+0+1__LIG,CSC1=NC=CN=C1CC(=O)N1CCC[C@H](C(N)=O)C1,294.38,5,TRUE,1,10,10,TRUE,0.275,1.000,A71EV2A-x4774a,9,-114.289,TRUE,0.30471448,0.101072829,C001,0.265242547,0.998204648,A71EV2A-x4774a,3,0.009627491,TRUE,TRUE,FALSE
A71EV2A-x5544_A_201_0_1_A71EV2A-x0526+A+147+0+1__LIG,CSC1=NC=NC(C2=CNN=C2)=C1CC(=O)N1CCC[C@H](C(N)=O)C1,360.44,6,TRUE,1,10,10,TRUE,0.715,0.976,A71EV2A-x5544a,7,-89.375,TRUE,0.310946752,0.188277717,C002,0.465129465,0.991894186,A71EV2A-x5544a,8,0.249892503,TRUE,TRUE,FALSE
A71EV2A-x7545_A_207_0_1_A71EV2A-x0526+A+147+0+1__LIG,CSC1=NC=NC(N(C)C)=C1CC(=O)N1CCC[C@H](C(N)=O)C1,337.45,6,TRUE,2,20,20,TRUE,0.256,0.998,A71EV2A-x7545a,1,-115.033,TRUE,0.376465306,0.208116401,C001,0.249239475,0.997461915,A71EV2A-x7545b,7,0.006689936,TRUE,TRUE,FALSE
A71EV2A-x7580_A_207_0_1_A71EV2A-x0526+A+147+0+1__LIG,CSC1=NC=NC(N(C)C)=C1CC(=O)N1C[C@@H](C(N)=O)C[C@H]2C[C@H]21,349.46,6,TRUE,2,20,20,TRUE,0.951,0.918,A71EV2A-x7580b,10,-43.366,TRUE,-0.02602292,0.472223699,C002,0.294919044,0.992669761,A71EV2A-x7580b,2,0.655814618,TRUE,TRUE,FALSE
A71EV2A-x7172_A_201_0_1_A71EV2A-x0526+A+147+0+1__LIG,CSC1=NC=NC(N(C)[C@@H]2CCC2)=C1CC(=O)N1CCC[C@H](C(N)=O)C1,377.51,7,TRUE,1,10,10,TRUE,1.303,0.962,A71EV2A-x7172a,7,-116.458,TRUE,0.359936718,0.224118004,C001,0.762585282,0.986111104,A71EV2A-x7172a,9,0.540896535,TRUE,TRUE,FALSE
A71EV2A-x7424_A_4000_0_1_A71EV2A-x0526+A+147+0+1__LIG,CSC1=NC=NC(N(C)[C@@H]2CCOCC2)=C1CC(=O)N1CCC[C@H](C(N)=O)C1,407.54,7,TRUE,1,10,10,TRUE,1.788,0.931,A71EV2A-x7424a,8,-120.623,TRUE,0.32390714,0.218568041,C002,0.737634957,0.985294104,A71EV2A-x7424a,2,1.050072849,TRUE,TRUE,FALSE
A71EV2A-x7251_A_4000_0_1_A71EV2A-x0526+A+147+0+1__LIG,CSC1=NC=NC(N(C)C[C@@](C)(C)O)=C1CC(=O)N1CCC[C@H](C(N)=O)C1,395.53,8,TRUE,1,10,10,TRUE,1.137,0.971,A71EV2A-x7251a,3,-119.184,TRUE,0.337336753,0.20076739,C002,0.586001515,0.985128641,A71EV2A-x7251a,7,0.55060029,TRUE,TRUE,FALSE
A71EV2A-x7333_A_201_0_1_A71EV2A-x0526+A+147+0+1__LIG,CSC1=NC=NC(N(C)C[C@@](C)(F)F)=C1CC(=O)N1CCC[C@H](C(N)=O)C1,401.48,8,TRUE,1,10,10,TRUE,1.609,0.924,A71EV2A-x7333a,10,-119.737,TRUE,0.333585712,0.196815095,C002,0.776948154,0.984274209,A71EV2A-x7333a,4,0.831868112,TRUE,TRUE,FALSE
A71EV2A-x7608_A_201_0_1_A71EV2A-x0526+A+147+0+1__LIG,CSC1=NC=NC(N(C)C[C@@](F)(F)F)=C1CC(=O)N1C[C@@H](C(N)=O)C[C@@H]2C[C@@H]21,417.46,8,TRUE,1,10,10,TRUE,1.234,0.953,A71EV2A-x7608a,3,-50.127,TRUE,-0.04219973,0.438035465,C002,1.233534575,0.952631593,A71EV2A-x7608a,3,0,TRUE,TRUE,FALSE
A71EV2A-x7254_A_4000_0_1_A71EV2A-x0526+A+147+0+1__LIG,CSC1=NC=NC(N(C)C[C@@H]2CCCC2)=C1CC(=O)N1CCC[C@H](C(N)=O)C1,405.57,8,TRUE,1,10,10,TRUE,2.497,0.893,A71EV2A-x7254a,2,-123.225,TRUE,0.341049071,0.201618155,C002,1.236748934,0.981259942,A71EV2A-x7254a,1,1.259831429,FALSE,TRUE,TRUE
A71EV2A-x7338_A_4000_0_1_A71EV2A-x0526+A+147+0+1__LIG,CSC1=NC=NC(N(C)CC[C@@](F)(F)F)=C1CC(=O)N1CCC[C@H](C(N)=O)C1,419.47,9,TRUE,1,10,10,TRUE,1.348,0.948,A71EV2A-x7338a,1,-116.649,TRUE,0.32762226,0.195828694,C002,0.830114603,0.980263174,A71EV2A-x7338a,3,0.517878175,TRUE,TRUE,FALSE
A71EV2A-x7176_A_201_0_1_A71EV2A-x0526+A+147+0+1__LIG,CSC1=NC=NC(N(C)CC2=CC(F)=C(F)C(F)=C2)=C1CC(=O)N1CCC[C@H](C(N)=O)C1,467.52,8,TRUE,1,10,10,TRUE,2.543,0.896,A71EV2A-x7176a,10,-108.859,TRUE,0.304038147,0.18952116,C002,2.542961836,0.89550072,A71EV2A-x7176a,10,0,FALSE,FALSE,FALSE
A71EV2A-x6914_A_4000_0_1_A71EV2A-x0526+A+147+0+1__LIG,CSC1=NC=NC(N(C)CC2=NN(C)C=C2Cl)=C1CC(=O)N1CCC[C@H](C(N)=O)C1,451.98,8,TRUE,1,10,10,TRUE,0.343,0.997,A71EV2A-x6914a,6,-112.235,TRUE,0.281086078,0.187330794,C002,0.343327254,0.996691167,A71EV2A-x6914a,6,0,TRUE,TRUE,FALSE
A71EV2A-x7436_A_4000_A_1_A71EV2A-x0526+A+147+0+1_ALIG,CSC1=NC=NC(N(C)[C@@H](C)C2=CC=CC=C2)=C1CC(=O)N1CCC[C@H](C(N)=O)C1,427.57,8,TRUE,2,20,20,TRUE,0.871,0.970,A71EV2A-x7436b,6,-119.902,TRUE,0.26648311,0.156810778,C001,0.871401191,0.970461071,A71EV2A-x7436b,6,0,TRUE,TRUE,FALSE
A71EV2A-x7263_A_4000_0_1_A71EV2A-x0526+A+147+0+1__LIG,CSC1=NC=NC(N2C[C@@](C)(C3=CC=CC=C3F)C2)=C1CC(=O)N1CCC[C@H](C(N)=O)C1,457.58,7,TRUE,1,10,10,TRUE,0.282,1.000,A71EV2A-x7263a,7,-96.501,TRUE,0.293449883,0.203170914,C002,0.28227824,1,A71EV2A-x7263a,7,0,TRUE,TRUE,FALSE
A71EV2A-x6920_A_4000_0_1_A71EV2A-x0526+A+147+0+1__LIG,CSC1=NC=NC(N2C[C@H](C)C2)=C1CC(=O)N1CCC[C@H](C(N)=O)C1,363.49,6,TRUE,1,10,10,TRUE,0.402,0.989,A71EV2A-x6920a,4,-91.156,TRUE,0.408503909,0.250823709,C001,0.401969254,0.989165306,A71EV2A-x6920a,4,0,TRUE,TRUE,FALSE
A71EV2A-x6895_A_4000_0_1_A71EV2A-x0526+A+147+0+1__LIG,CSC1=NC=NC(N2C[C@H](C[C@@H]3CCC3)C2)=C1CC(=O)N1CCC[C@H](C(N)=O)C1,417.58,8,TRUE,1,10,10,TRUE,0.970,0.968,A71EV2A-x6895a,8,-91.549,TRUE,0.382797449,0.242216106,C002,0.378325522,0.991197169,A71EV2A-x6895a,4,0.591247439,TRUE,TRUE,FALSE
A71EV2A-x7334_A_4000_A_1_A71EV2A-x0526+A+147+0+1_ALIG,CSC1=NC=NC(N2C[C@H](O)C2)=C1CC(=O)N1CCC[C@H](C(N)=O)C1,365.46,6,TRUE,3,30,30,TRUE,0.854,0.981,A71EV2A-x7334a,7,-106.251,TRUE,0.407487567,0.248597855,C001,0.308537006,0.99585408,A71EV2A-x7334a,4,0.545938909,TRUE,TRUE,FALSE
A71EV2A-x7095_A_4000_0_1_A71EV2A-x0526+A+147+0+1__LIG,CSC1=NC=NC(N2C[C@@H](OC3=CC=CC=C3Cl)C2)=C1CC(=O)N1CCC[C@H](C(N)=O)C1,476,8,TRUE,1,10,10,TRUE,1.364,0.943,A71EV2A-x7095a,7,-88.363,TRUE,0.279192199,0.179010201,C002,0.750057757,0.966597795,A71EV2A-x7095a,4,0.613644302,TRUE,TRUE,FALSE
A71EV2A-x5808_A_4000_0_1_A71EV2A-x0526+A+147+0+1__LIG,CSC1=NC=NC(N2C[C@@H](C3=NN=CN3C)C2)=C1CC(=O)N1CCC[C@H](C(N)=O)C1,430.54,7,TRUE,2,20,20,TRUE,2.122,0.909,A71EV2A-x5808a,4,-82.007,TRUE,0.343509944,0.248474502,C002,0.848293841,0.971669197,A71EV2A-x5808a,3,1.274033725,FALSE,TRUE,TRUE
A71EV2A-x7170_A_4000_0_1_A71EV2A-x0526+A+147+0+1__LIG,CSC1=NC=NC(N2CC[C@@](C#N)(C[C@@H](C)C)CC2)=C1CC(=O)N1CCC[C@H](C(N)=O)C1,458.63,8,TRUE,1,10,10,TRUE,0.640,0.976,A71EV2A-x7170a,3,-118.007,TRUE,0.339211355,0.227139803,C002,0.640267372,0.975982547,A71EV2A-x7170a,3,0,TRUE,TRUE,FALSE
A71EV2A-x7096_A_4000_0_1_A71EV2A-x0526+A+147+0+1__LIG,CSC1=NC=NC(N2CC[C@@H](C(=O)N([C@H](C)C)[C@@H](C)C)CC2)=C1CC(=O)N1CCC[C@H](C(N)=O)C1,504.7,10,TRUE,1,10,10,TRUE,2.813,0.866,A71EV2A-x7096a,7,-122.304,TRUE,0.366574509,0.234869179,C002,0.975960255,0.959712207,A71EV2A-x7096a,8,1.836938381,FALSE,TRUE,TRUE
A71EV2A-x7008_A_4000_0_1_A71EV2A-x0526+A+147+0+1__LIG,CSC1=NC=NC(N2CC[C@@H](N(C)[S@](C)(=O)=O)CC2)=C1CC(=O)N1CCC[C@H](C(N)=O)C1,484.65,8,TRUE,1,10,10,TRUE,2.768,0.900,A71EV2A-x7008a,10,-118.137,TRUE,0.36686838,0.227966878,C002,0.946110964,0.965267181,A71EV2A-x7008a,7,1.822269201,FALSE,TRUE,TRUE
A71EV2A-x7154_A_4000_0_1_A71EV2A-x0526+A+147+0+1__LIG,CSC1=NC=NC(N2CC[C@@H](N3CCOC3=O)CC2)=C1CC(=O)N1CCC[C@H](C(N)=O)C1,462.58,7,TRUE,1,10,10,TRUE,3.546,0.812,A71EV2A-x7154a,6,-135.071,TRUE,0.337502382,0.23171834,C002,1.477596998,0.926056325,A71EV2A-x7154a,7,2.067972422,FALSE,TRUE,TRUE
A71EV2A-x7056_A_4000_0_1_A71EV2A-x0526+A+147+0+1__LIG,CSC1=NC=NC(N2CC[C@@]3(CCC3)C2)=C1CC(=O)N1CCC[C@H](C(N)=O)C1,403.55,6,TRUE,1,10,10,TRUE,1.478,0.938,A71EV2A-x7056a,4,-95.960,TRUE,0.369373582,0.247867793,C002,1.185840011,0.958270133,A71EV2A-x7056a,6,0.29187429,TRUE,TRUE,FALSE
A71EV2A-x7024_A_4000_0_1_A71EV2A-x0526+A+147+0+1__LIG,CSC1=NC=NC(N2CC[C@@]3(CCCC3)C2)=C1CC(=O)N1CCC[C@H](C(N)=O)C1,417.58,6,TRUE,1,10,10,TRUE,1.752,0.930,A71EV2A-x7024a,5,-116.032,TRUE,0.371028275,0.24657063,C002,0.548822224,0.995114028,A71EV2A-x7024a,7,1.203103125,TRUE,TRUE,FALSE
A71EV2A-x7101_A_4000_0_1_A71EV2A-x0526+A+147+0+1__LIG,CSC1=NC=NC(N2CC[C@]3(CCCCC3)C2)=C1CC(=O)N1CCC[C@H](C(N)=O)C1,431.61,6,TRUE,1,10,10,TRUE,1.764,0.934,A71EV2A-x7101a,10,-114.415,TRUE,0.371028275,0.24657063,C002,1.762138247,0.799734771,A71EV2A-x7101a,2,0.001710534,TRUE,TRUE,FALSE
A71EV2A-x7284_A_201_0_1_A71EV2A-x0526+A+147+0+1__LIG,CSC1=NC=NC(N2CC[C@]3(CCCO3)CC2)=C1CC(=O)N1CCC[C@H](C(N)=O)C1,433.58,6,TRUE,1,10,10,TRUE,0.771,0.975,A71EV2A-x7284a,7,-114.546,TRUE,0.354717858,0.239291296,C002,0.771175563,0.975453198,A71EV2A-x7284a,7,0,TRUE,TRUE,FALSE
A71EV2A-x6838_A_201_0_1_A71EV2A-x0526+A+147+0+1__LIG,CSC1=NC=NC(N2CCCC2)=C1CC(=O)N1C[C@@H](C([NH3+])=O)C[C@@H]2C[C@@H]21,376.51,6,TRUE,1,10,10,TRUE,6.026,0.330,A71EV2A-x6838a,5,-30.523,TRUE,0.041635947,0.518161068,C027,1.640318871,0.76816237,A71EV2A-x6838a,3,4.385602474,FALSE,TRUE,TRUE
A71EV2A-x7622_A_4000_0_1_A71EV2A-x0526+A+147+0+1__LIG,CSC1=NC=NC(N2CCCC2)=C1NC(=O)N1C[C@@H](C(N)=O)C[C@@H]2C[C@@H]21,376.49,6,TRUE,1,10,10,TRUE,0.714,0.936,A71EV2A-x7622a,9,-66.284,TRUE,-0.053464902,0.305474738,C027,0.413079321,0.987500012,A71EV2A-x7622a,4,0.300798297,TRUE,TRUE,FALSE
A71EV2A-x7560_A_207_0_1_A71EV2A-x0526+A+147+0+1__LIG,CSC1=NC=NC(N2CCCCCC2)=C1CC(=O)N1CCC[C@H](C(N)=O)C1,391.54,6,TRUE,2,20,20,TRUE,0.810,0.968,A71EV2A-x7560b,4,-115.001,TRUE,0.423456992,0.25260961,C001,0.503704786,0.985681117,A71EV2A-x7560b,8,0.3061378,TRUE,TRUE,FALSE
A71EV2A-x7420_A_4000_0_1_A71EV2A-x0526+A+147+0+1__LIG,CSC1=NC=NC(N2CCCC[C@@H]2[C@@H](C)C)=C1CC(=O)N1CCC[C@H](C(N)=O)C1,419.6,7,TRUE,1,10,10,TRUE,2.029,0.901,A71EV2A-x7420a,7,-112.172,TRUE,0.37228765,0.229647113,C002,0.573227346,0.987737358,A71EV2A-x7420a,10,1.455387175,FALSE,TRUE,TRUE
A71EV2A-x7430_A_4000_0_1_A71EV2A-x0526+A+147+0+1__LIG,CSC1=NC=NC(N2CCCC[C@H]2CO)=C1CC(=O)N1CCC[C@H](C(N)=O)C1,407.54,7,TRUE,1,10,10,TRUE,0.932,0.967,A71EV2A-x7430a,8,-117.686,TRUE,0.384317579,0.244948492,C002,0.397292435,0.992223978,A71EV2A-x7430a,9,0.534646571,TRUE,TRUE,FALSE
A71EV2A-x7309_A_4000_0_1_A71EV2A-x0526+A+147+0+1__LIG,CSC1=NC=NC(N2CCC[C@@H]2C(=O)N(C)C)=C1CC(=O)N1CCC[C@H](C(N)=O)C1,434.57,8,TRUE,1,10,10,TRUE,0.306,1.000,A71EV2A-x7309a,4,-135.702,TRUE,0.377988147,0.240828253,C002,0.260191917,1,A71EV2A-x7309a,7,0.045901686,TRUE,TRUE,FALSE
A71EV2A-x7135_A_201_0_1_A71EV2A-x0526+A+147+0+1__LIG,CSC1=NC=NC(N2CCC[C@@H]2[C@H](C)C)=C1CC(=O)N1CCC[C@H](C(N)=O)C1,405.57,7,TRUE,1,10,10,TRUE,1.618,0.939,A71EV2A-x7135a,10,-117.484,TRUE,0.381724695,0.232429541,C002,0.4569076,0.997093022,A71EV2A-x7135a,7,1.161521465,TRUE,TRUE,FALSE
A71EV2A-x6832_A_201_0_1_A71EV2A-x0526+A+147+0+1__LIG,CSC1=NC=NC(N2CCC[C@@H]2C(N)=O)=C1CC(=O)N1CCC[C@H](C(N)=O)C1,406.51,7,TRUE,1,10,10,TRUE,0.488,0.988,A71EV2A-x6832a,2,-118.536,TRUE,0.401814947,0.241743711,C001,0.487714887,0.988226056,A71EV2A-x6832a,2,0,TRUE,TRUE,FALSE
A71EV2A-x7533_A_207_0_1_A71EV2A-x0526+A+147+0+1__LIG,CSC1=NC=NC(N2CCC[C@@H]2C)=C1CC(=O)N1CCC[C@H](C(N)=O)C1,377.51,6,TRUE,2,20,20,TRUE,0.417,0.996,A71EV2A-x7533a,10,-113.679,TRUE,0.402931566,0.247390603,C001,0.28946048,0.999590158,A71EV2A-x7533b,10,0.128033847,TRUE,TRUE,FALSE
A71EV2A-x7259_A_4000_0_1_A71EV2A-x0526+A+147+0+1__LIG,CSC1=NC=NC(N2CCC[C@@H]2[C@@H]2CC2)=C1CC(=O)N1CCC[C@H](C(N)=O)C1,403.55,7,TRUE,1,10,10,TRUE,0.449,0.993,A71EV2A-x7259a,7,-109.143,TRUE,0.382847561,0.261495036,C002,0.448676169,0.992834389,A71EV2A-x7259a,7,0,TRUE,TRUE,FALSE
A71EV2A-x7147_A_201_0_1_A71EV2A-x0526+A+147+0+1__LIG,CSC1=NC=NC(N2CCC[C@@H]2C[C@@H](C)C)=C1CC(=O)N1CCC[C@H](C(N)=O)C1,419.6,8,TRUE,1,10,10,TRUE,0.573,0.988,A71EV2A-x7147a,9,-117.845,TRUE,0.377433266,0.237965347,C002,0.572737694,0.98828125,A71EV2A-x7147a,9,0,TRUE,TRUE,FALSE
A71EV2A-x7132_A_201_0_1_A71EV2A-x0526+A+147+0+1__LIG,CSC1=NC=NC(N2CCC[C@@H]2CC2=CC=NN2C)=C1CC(=O)N1CCC[C@H](C(N)=O)C1,457.6,8,TRUE,1,10,10,TRUE,0.861,0.982,A71EV2A-x7132a,1,-104.065,TRUE,0.30542528,0.234588572,C002,0.861445308,0.981946647,A71EV2A-x7132a,1,0,TRUE,TRUE,FALSE
A71EV2A-x7127_A_4000_0_1_A71EV2A-x0526+A+147+0+1__LIG,CSC1=NC=NC(N2CCC[C@@H]2CN2C=CC=N2)=C1CC(=O)N1CCC[C@H](C(N)=O)C1,443.58,8,TRUE,1,10,10,TRUE,2.870,0.876,A71EV2A-x7127a,7,-108.159,TRUE,0.328043775,0.229191688,C002,0.94247824,0.974697888,A71EV2A-x7127a,2,1.927749097,FALSE,TRUE,TRUE
A71EV2A-x7570_A_201_0_1_A71EV2A-x0526+A+147+0+1__LIG,CSC1=NC=NC(N2CCC[C@@H]2C2=CC=CC=C2)=C1CC(=O)N1CCC[C@H](C(N)=O)C1,439.59,7,TRUE,1,10,10,TRUE,2.622,0.880,A71EV2A-x7570a,7,-117.092,TRUE,0.313545161,0.202075951,C001,0.753372967,0.983512282,A71EV2A-x7570a,4,1.869075,FALSE,TRUE,TRUE
A71EV2A-x7246_A_4000_0_1_A71EV2A-x0526+A+147+0+1__LIG,CSC1=NC=NC(N2CCC[C@H]([C@](F)(F)F)C2)=C1CC(=O)N1CCC[C@H](C(N)=O)C1,445.51,7,TRUE,1,10,10,TRUE,2.423,0.885,A71EV2A-x7246a,9,-117.287,TRUE,0.376196816,0.236409463,C002,0.563788831,0.993178189,A71EV2A-x7246a,8,1.859163344,FALSE,TRUE,TRUE
A71EV2A-x7250_A_4000_0_1_A71EV2A-x0526+A+147+0+1__LIG,CSC1=NC=NC(N2CCC[C@H](C)C2)=C1CC(=O)N1CCC[C@H](C(N)=O)C1,391.54,6,TRUE,1,10,10,TRUE,6.777,0.289,A71EV2A-x7250a,7,-86.246,TRUE,0.394553567,0.254370474,C002,1.922208309,0.849076688,A71EV2A-x7250a,8,4.854445934,FALSE,TRUE,TRUE
A71EV2A-x7491_A_207_0_1_A71EV2A-x0526+A+147+0+1__LIG,CSC1=NC=NC(N2CCC[C@H]2[C@H](C)C)=C1CC(=O)N1CCC[C@H](C(N)=O)C1,405.57,7,TRUE,2,20,20,TRUE,1.830,0.914,A71EV2A-x7491b,5,-107.551,TRUE,0.381724695,0.232429541,C002,0.779151499,0.974270344,A71EV2A-x7491a,2,1.051077902,TRUE,TRUE,FALSE
A71EV2A-x7501_A_207_0_1_A71EV2A-x0526+A+147+0+1__LIG,CSC1=NC=NC(N2CCC[C@H]2C)=C1CC(=O)N1CCC[C@H](C(N)=O)C1,377.51,6,TRUE,2,20,20,TRUE,1.052,0.974,A71EV2A-x7501b,10,-114.488,TRUE,0.402931566,0.247390603,C001,0.813981891,0.974431813,A71EV2A-x7501b,1,0.237766504,TRUE,TRUE,FALSE
A71EV2A-x7475_A_207_0_1_A71EV2A-x0526+A+147+0+1__LIG,CSC1=NC=NC(N2CCC[C@H]2[C@@H]2CC2)=C1CC(=O)N1CCC[C@H](C(N)=O)C1,403.55,7,TRUE,2,20,20,TRUE,1.160,0.953,A71EV2A-x7475a,6,-106.368,TRUE,0.382847561,0.261495036,C002,1.06681335,0.898716092,A71EV2A-x7475b,3,0.093385816,TRUE,TRUE,FALSE
A71EV2A-x7257_A_201_0_1_A71EV2A-x0526+A+147+0+1__LIG,CSC1=NC=NC(N2CCC[C@H]2C[C@@H](C)C)=C1CC(=O)N1CCC[C@H](C(N)=O)C1,419.6,8,TRUE,1,10,10,TRUE,2.126,0.887,A71EV2A-x7257a,8,-111.320,TRUE,0.377433266,0.237965347,C002,2.070808649,0.791251779,A71EV2A-x7257a,3,0.05486393,FALSE,FALSE,FALSE
A71EV2A-x7433_A_4000_0_1_A71EV2A-x0526+A+147+0+1__LIG,CSC1=NC=NC(N2CCC[C@H]2CC2=CC=CC=C2)=C1CC(=O)N1CCC[C@H](C(N)=O)C1,453.61,8,TRUE,1,10,10,TRUE,1.640,0.882,A71EV2A-x7433a,4,-99.018,TRUE,0.312147148,0.207435187,C001,0.955084145,0.975403845,A71EV2A-x7433a,8,0.684984624,TRUE,TRUE,FALSE
A71EV2A-x7247_A_201_0_1_A71EV2A-x0526+A+147+0+1__LIG,CSC1=NC=NC(N2CCC[C@H]2CC2=CC=NN2C)=C1CC(=O)N1CCC[C@H](C(N)=O)C1,457.6,8,TRUE,1,10,10,TRUE,1.947,0.879,A71EV2A-x7247a,4,-103.686,TRUE,0.30542528,0.234588572,C002,0.916407347,0.943870544,A71EV2A-x7247a,10,1.030884743,TRUE,TRUE,FALSE
A71EV2A-x6802_A_4000_0_1_A71EV2A-x0526+A+147+0+1__LIG,CSC1=NC=NC(N2CCN(C3=CC=CC=N3)CC2)=C1CC(=O)N1CCC[C@H](C(N)=O)C1,455.59,7,TRUE,1,10,10,TRUE,2.117,0.901,A71EV2A-x6802a,6,-108.063,TRUE,0.309492832,0.225101596,C001,0.701184332,0.974880397,A71EV2A-x6802a,8,1.415400445,FALSE,TRUE,TRUE
A71EV2A-x7025_A_4000_0_1_A71EV2A-x0526+A+147+0+1__LIG,CSC1=NC=NC(N2CC[C@@H](O[C@@H](F)F)C2)=C1CC(=O)N1CCC[C@H](C(N)=O)C1,429.49,8,TRUE,1,10,10,TRUE,2.644,0.885,A71EV2A-x7025a,10,-122.328,TRUE,0.350778192,0.233688236,C002,0.796431661,0.96772939,A71EV2A-x7025a,9,1.847579598,FALSE,TRUE,TRUE
A71EV2A-x7093_A_4000_0_1_A71EV2A-x0526+A+147+0+1__LIG,CSC1=NC=NC(N2CC[C@@H](SC)C2)=C1CC(=O)N1CCC[C@H](C(N)=O)C1,409.58,7,TRUE,1,10,10,TRUE,1.236,0.946,A71EV2A-x7093a,3,-114.296,TRUE,0.391746329,0.24583051,C002,1.07140851,0.959592164,A71EV2A-x7093a,10,0.164915204,TRUE,TRUE,FALSE
A71EV2A-x7427_A_4000_0_1_A71EV2A-x0526+A+147+0+1__LIG,CSC1=NC=NC(N2CC[C@H](C(=O)N(C)C)C2)=C1CC(=O)N1CCC[C@H](C(N)=O)C1,434.57,8,TRUE,1,10,10,TRUE,2.327,0.909,A71EV2A-x7427a,3,-140.149,TRUE,0.378138115,0.246994884,C002,0.741917849,0.985317469,A71EV2A-x7427a,10,1.585135937,FALSE,TRUE,TRUE
A71EV2A-x7190_A_201_0_1_A71EV2A-x0526+A+147+0+1__LIG,CSC1=NC=NC(N2CC[C@H](C(=O)N3CC[C@H](C)CC3)C2)=C1CC(=O)N1CCC[C@H](C(N)=O)C1,488.66,8,TRUE,1,10,10,TRUE,2.839,0.874,A71EV2A-x7190a,2,-139.015,TRUE,0.360368453,0.237945704,C002,0.432868928,0.994462013,A71EV2A-x7190a,5,2.406056911,FALSE,TRUE,TRUE
A71EV2A-x7026_A_201_A_1_A71EV2A-x0526+A+147+0+1_ALIG,CSC1=NC=NC(N2CC[C@H](C)C2)=C1CC(=O)N1CCC[C@H](C(N)=O)C1,377.51,6,TRUE,2,20,20,TRUE,0.509,0.987,A71EV2A-x7026b,8,-114.650,TRUE,0.396567886,0.255435817,C002,0.508912504,0.986519635,A71EV2A-x7026b,8,0,TRUE,TRUE,FALSE
A71EV2A-x7031_A_4000_0_1_A71EV2A-x0526+A+147+0+1__LIG,CSC1=NC=NC(N2CC[C@H](O[C@H](F)F)C2)=C1CC(=O)N1CCC[C@H](C(N)=O)C1,429.49,8,TRUE,1,10,10,TRUE,0.692,0.963,A71EV2A-x7031a,5,-112.957,TRUE,0.350778192,0.233688236,C002,0.551755071,0.975497723,A71EV2A-x7031a,7,0.140208125,TRUE,TRUE,FALSE
A71EV2A-x7316_A_4000_0_1_A71EV2A-x0526+A+147+0+1__LIG,CSC1=NC=NC(N2CC[C@H](O[C@@H]3CC3)C2)=C1CC(=O)N1CCC[C@H](C(N)=O)C1,419.55,8,TRUE,1,10,4,TRUE,0.670,0.980,A71EV2A-x7316a,2,-59.003,TRUE,0.368539081,0.23272426,C002,0.670383632,0.979809105,A71EV2A-x7316a,2,0,TRUE,TRUE,FALSE
A71EV2A-x7339_A_4000_0_1_A71EV2A-x0526+A+147+0+1__LIG,CSC1=NC=NC(N2CC[C@H]2C)=C1CC(=O)N1CCC[C@H](C(N)=O)C1,363.49,6,TRUE,1,10,10,TRUE,0.622,0.992,A71EV2A-x7339a,8,-94.194,TRUE,0.398022604,0.243870085,C001,0.48637262,0.995506525,A71EV2A-x7339a,6,0.13570556,TRUE,TRUE,FALSE
A71EV2A-x7015_A_4000_0_1_A71EV2A-x0526+A+147+0+1__LIG,CSC1=NC=NC(N2CCC3=CC=CC=C3CC2)=C1CC(=O)N1CCC[C@H](C(N)=O)C1,439.59,6,TRUE,1,10,10,TRUE,3.106,0.868,A71EV2A-x7015a,1,-112.079,TRUE,0.311769074,0.214185754,C001,2.048799753,0.917758346,A71EV2A-x7015a,8,1.056899309,FALSE,FALSE,FALSE
A71EV2A-x5666_A_201_0_1_A71EV2A-x0526+A+147+0+1__LIG,CSC1=NC=NC(N2CCC3=C(C2)SC=C3)=C1CC(=O)N1CCC[C@H](C(N)=O)C1,431.59,6,TRUE,1,10,10,TRUE,2.603,0.858,A71EV2A-x5666a,2,-102.863,TRUE,0.321203294,0.211057339,C002,1.193757653,0.915340066,A71EV2A-x5666a,6,1.409346938,FALSE,TRUE,TRUE
A71EV2A-x7050_A_4000_0_1_A71EV2A-x0526+A+147+0+1__LIG,CSC1=NC=NC(N2CCC3=C(C2)SC=C3)=C1CC(=O)N1C[C@@H](C(N)=O)C[C@@H]2C[C@@H]21,443.6,6,TRUE,1,10,10,TRUE,7.430,0.246,A71EV2A-x7050a,6,-24.304,TRUE,-0.011927496,0.429805004,C027,0.391114533,0.986344516,A71EV2A-x7050a,5,7.039030254,FALSE,TRUE,TRUE
A71EV2A-x7151_A_4000_0_1_A71EV2A-x0526+A+147+0+1__LIG,CSC1=NC=NC(N2CCC3=CN=C([C@H](C)C)N=C3C2)=C1CC(=O)N1CCC[C@H](C(N)=O)C1,469.62,7,TRUE,1,10,10,TRUE,3.053,0.873,A71EV2A-x7151a,4,-123.597,TRUE,0.306377677,0.212949329,C002,2.740473986,0.786509037,A71EV2A-x7151a,5,0.312352896,FALSE,FALSE,FALSE
A71EV2A-x7043_A_4000_A_1_A71EV2A-x0526+A+147+0+1_ALIG,CSC1=NC=NC(N2CCN3N=C4CCCC4=C3C2)=C1CC(=O)N1CCC[C@H](C(N)=O)C1,455.59,6,TRUE,2,20,20,TRUE,0.927,0.954,A71EV2A-x7043a,9,-90.358,TRUE,0.322080871,0.229356141,C002,0.597094357,0.98216939,A71EV2A-x7043a,3,0.329686821,TRUE,TRUE,FALSE
A71EV2A-x7130_A_4000_0_1_A71EV2A-x0526+A+147+0+1__LIG,CSC1=NC=NC(N2CCN3N=CC(C#N)=C3C2)=C1CC(=O)N1CCC[C@H](C(N)=O)C1,440.53,6,TRUE,1,10,10,TRUE,0.420,0.995,A71EV2A-x7130a,7,-105.243,TRUE,0.333679774,0.224115085,C002,0.420170933,0.995206475,A71EV2A-x7130a,7,0,TRUE,TRUE,FALSE
A71EV2A-x7317_A_4000_A_1_A71EV2A-x0526+A+147+0+1_ALIG,CSC1=NC=NC(N2C[C@H]3C[C@H]3C2)=C1CC(=O)N1CCC[C@H](C(N)=O)C1,375.5,6,TRUE,3,30,30,TRUE,0.496,0.986,A71EV2A-x7317b,9,-98.249,TRUE,0.390274595,0.266995921,C001,0.48561874,0.986607134,A71EV2A-x7317b,2,0.010201365,TRUE,TRUE,FALSE
A71EV2A-x6808_A_4000_0_1_A71EV2A-x0526+A+147+0+1__LIG,CSC1=NC=NC(N2CC3=CC=CC=C3C2)=C1CC(=O)N1CCC[C@H](C(N)=O)C1,411.53,6,TRUE,1,10,10,TRUE,1.034,0.971,A71EV2A-x6808a,8,-103.695,TRUE,0.332329096,0.208514683,C001,0.830278754,0.983017385,A71EV2A-x6808a,3,0.20402956,TRUE,TRUE,FALSE
A71EV2A-x5581_A_4000_0_1_A71EV2A-x0526+A+147+0+1__LIG,CSC1=NC=NC(SC)=C1CC(=O)N1CCC[C@H](C(N)=O)C1,340.47,6,TRUE,1,10,10,TRUE,0.257,1.000,A71EV2A-x5581a,1,-114.814,TRUE,0.415891723,0.202657335,C001,0.237276956,1,A71EV2A-x5581a,7,0.019517109,TRUE,TRUE,FALSE
A71EV2A-x5039_A_201_0_1_A71EV2A-x0526+A+147+0+1__LIG,CSC1=NC=NC=C1CC(=O)N1CCC[C@H](C(N)=O)C1,294.38,5,TRUE,2,20,20,TRUE,0.195,1.000,A71EV2A-x5039b,10,-117.950,TRUE,0.328251096,0.147638809,C001,0.184992999,1,A71EV2A-x5039b,4,0.010198459,TRUE,TRUE,FALSE
A71EV2A-x4586_A_201_0_1_A71EV2A-x0526+A+147+0+1__LIG,C[C@@H](C(=O)N1CCC[C@H](C(N)=O)C1)C1=CC=CS1,266.37,4,TRUE,1,10,10,TRUE,1.170,0.880,A71EV2A-x4586a,1,-88.291,TRUE,0.060468841,-0.264275687,C008,0.799971163,0.917002022,A71EV2A-x4586a,3,0.369808614,TRUE,TRUE,FALSE
A71EV2A-x4494_A_201_0_1_A71EV2A-x0526+A+147+0+1__LIG,C[C@@H](C(=O)N1CCC[C@H](C(N)=O)C1)C1=NOC2=CC=CC=C21,301.35,4,TRUE,1,10,10,TRUE,0.953,0.930,A71EV2A-x4494a,6,-81.773,TRUE,0.002651667,-0.212998727,C008,0.953418195,0.930468738,A71EV2A-x4494a,6,0,TRUE,TRUE,FALSE
A71EV2A-x3379_A_201_0_1_A71EV2A-x0526+A+147+0+1__LIG,C[C@@H](CC1=COC=N1)NC(=O)C1=NN(C)C2=C1C=CC=C2,284.32,5,TRUE,2,20,20,TRUE,0.350,0.986,A71EV2A-x3593a,5,-69.703,TRUE,-0.473485349,0.145960841,C007,0.330179244,0.991654575,A71EV2A-x3379a,5,0.020249158,TRUE,TRUE,FALSE
A71EV2A-x5556_A_4000_0_1_A71EV2A-x0526+A+147+0+1__LIG,C[C@@H](C1=CC=C(Cl)C(Br)=C1)N1C[C@@H](C(N)=O)CCC1=O,359.65,3,TRUE,1,10,10,TRUE,0.234,1.000,A71EV2A-x5556a,1,-105.944,TRUE,-0.227513272,-0.110272895,C016,0.217146248,1,A71EV2A-x5556a,3,0.016401768,TRUE,TRUE,FALSE
A71EV2A-x5744_A_4000_0_1_A71EV2A-x0526+A+147+0+1__LIG,C[C@@H](C1=CC=C2NN=CC2=C1)N1C[C@@H](C(N)=O)CCC1=O,286.34,3,TRUE,1,10,10,TRUE,0.246,1.000,A71EV2A-x5744a,4,-91.868,TRUE,-0.233453712,-0.068619514,C028,0.210827649,1,A71EV2A-x5744a,10,0.034821406,TRUE,TRUE,FALSE
A71EV2A-x5673_A_4000_0_1_A71EV2A-x0526+A+147+0+1__LIG,C[C@@H](C1=CC=CC(Cl)=C1F)N1C[C@@H](C(N)=O)CCC1=O,298.75,3,TRUE,1,10,10,TRUE,0.453,0.980,A71EV2A-x5673a,4,-97.095,TRUE,-0.251795764,-0.144705519,C016,0.453132957,0.980297744,A71EV2A-x5673a,4,0,TRUE,TRUE,FALSE
A71EV2A-x5894_A_4000_0_1_A71EV2A-x0526+A+147+0+1__LIG,C[C@@H](C1=NC=CC2=CC=CC=C21)N1C[C@@H](C(N)=O)CCC1=O,297.36,3,TRUE,1,10,10,TRUE,0.382,0.996,A71EV2A-x5894a,10,-112.290,TRUE,-0.252936091,-0.073808571,C028,0.196429968,1,A71EV2A-x5894a,5,0.185762912,TRUE,TRUE,FALSE
A71EV2A-x5777_A_4000_0_1_A71EV2A-x0526+A+147+0+1__LIG,C[C@@H]1CC(=O)N(CC2=CC=C3C=NN(C)C3=C2)C[C@H]1C(N)=O,300.36,3,TRUE,2,20,20,TRUE,0.320,1.000,A71EV2A-x5777b,4,-90.939,TRUE,-0.355488717,0.042771564,C018,0.221254557,1,A71EV2A-x5777a,7,0.09902072,TRUE,TRUE,FALSE
A71EV2A-x5219_A_201_0_1_A71EV2A-x0526+A+147+0+1__LIG,C[C@@H]1CCCC[C@H]1OC(=O)N1CCC[C@H](C(N)=O)C1,268.36,4,TRUE,2,20,20,TRUE,0.311,0.998,A71EV2A-x5219b,4,-103.509,TRUE,0.141795366,-0.228219118,C029,0.222299337,1,A71EV2A-x5219a,9,0.088553667,TRUE,TRUE,FALSE
A71EV2A-x4526_A_201_0_1_A71EV2A-x0526+A+147+0+1__LIG,C[C@H](C(=O)N1CCC[C@H](C(N)=O)C1)C1=CC=CS1,266.37,4,TRUE,1,10,10,TRUE,1.127,0.886,A71EV2A-x4526a,2,-86.784,TRUE,0.060468841,-0.264275687,C008,0.562580228,0.966735959,A71EV2A-x4526a,4,0.564385891,TRUE,TRUE,FALSE
A71EV2A-x4874_A_201_0_1_A71EV2A-x0526+A+147+0+1__LIG,C[C@H](C(=O)N1CCC[C@H](C(N)=O)C1)C1=CC=NN1,250.3,4,TRUE,2,20,20,TRUE,0.344,0.996,A71EV2A-x4874b,9,-93.344,TRUE,0.108441393,-0.191765609,C008,0.246573016,0.999502957,A71EV2A-x4874a,6,0.09746848,TRUE,TRUE,FALSE
A71EV2A-x4510_A_201_0_1_A71EV2A-x0526+A+147+0+1__LIG,C[C@H](C(=O)N1CCC[C@H](C(N)=O)C1)C1=CN(C)N=C1[C@@](F)(F)F,332.33,5,TRUE,2,20,20,TRUE,0.358,0.993,A71EV2A-x4510a,4,-104.608,TRUE,0.05755081,-0.18896535,C039,0.295798719,0.995508969,A71EV2A-x4510a,9,0.06221956,TRUE,TRUE,FALSE
A71EV2A-x4509_A_201_0_1_A71EV2A-x0526+A+147+0+1__LIG,C[C@H](C(=O)N1CCC[C@H](C(N)=O)C1)C1=CC(F)=CN=C1,279.31,4,TRUE,2,20,20,TRUE,0.472,0.975,A71EV2A-x4570a,3,-95.776,TRUE,0.086941367,-0.205026282,C008,0.440027088,0.987432659,A71EV2A-x4570a,2,0.031532407,TRUE,TRUE,FALSE
A71EV2A-x4895_A_201_0_1_A71EV2A-x0526+A+147+0+1__LIG,C[C@H](C(=O)N1CCC[C@H](C(N)=O)C1)C1=NC(F)=CC=C1Cl,313.76,4,TRUE,2,20,20,TRUE,0.230,1.000,A71EV2A-x4895b,4,-106.204,TRUE,0.058740848,-0.224054956,C039,0.216344446,1,A71EV2A-x4895a,8,0.013769075,TRUE,TRUE,FALSE
A71EV2A-x5766_A_4000_0_1_A71EV2A-x0526+A+147+0+1__LIG,C[C@H]1CC(=O)N(CC2=CC=C3C=NN(C)C3=C2)C[C@H]1C(N)=O,300.36,3,TRUE,1,10,10,TRUE,0.207,1.000,A71EV2A-x5766a,5,-82.665,TRUE,-0.355488717,0.042771564,C018,0.173766986,1,A71EV2A-x5766a,1,0.033017278,TRUE,TRUE,FALSE
A71EV2A-x3938_A_201_0_1_A71EV2A-x0526+A+147+0+1__LIG,C[C@]1(C(=O)N2CCC[C@H](C(N)=O)C2)CCCCO1,254.33,3,TRUE,1,10,10,TRUE,0.801,0.929,A71EV2A-x3938a,1,-80.519,TRUE,0.125691207,-0.203937058,C032,0.789063811,0.932862163,A71EV2A-x3938a,4,0.012095213,TRUE,TRUE,FALSE
A71EV2A-x5222_A_201_0_1_A71EV2A-x0526+A+147+0+1__LIG,CC1=C(CCN2C[C@@H](C(N)=O)CCC2=O)C2=CC=C(C#N)C=C2N1,324.38,4,TRUE,1,10,10,TRUE,0.244,1.000,A71EV2A-x5222a,1,-94.437,TRUE,-0.277617451,-0.058186726,C064,0.202603012,1,A71EV2A-x5222a,10,0.04099597,TRUE,TRUE,FALSE
A71EV2A-x4291_A_201_0_1_A71EV2A-x0526+A+147+0+1__LIG,CC1=CC(C)=C(CC(=O)N2CCC[C@H](C(N)=O)C2)C(=O)N1,291.35,4,TRUE,1,10,10,TRUE,0.184,1.000,A71EV2A-x4291a,7,-107.889,TRUE,0.224064522,-0.05384835,C017,0.183737695,1,A71EV2A-x4291a,7,0,TRUE,TRUE,FALSE
A71EV2A-x3279_A_201_0_1_A71EV2A-x0526+A+147+0+1__LIG,CC1=CC(C)=C(NC2=NN(C)C=C2)C(C)=C1,215.3,2,TRUE,1,10,10,TRUE,4.414,0.498,A71EV2A-x3279a,9,-37.872,TRUE,-0.372632664,0.122396765,C040,4.402685165,0.498813301,A71EV2A-x3279a,2,0.011682987,FALSE,FALSE,FALSE
A71EV2A-x3234_D_246_0_1_A71EV2A-x0526+A+147+0+1__LIG,CC1=CC(C)=C(NC2=NN([C@@H]3COC3)C=C2)C(C)=C1,257.34,3,TRUE,1,10,10,TRUE,5.709,0.414,A71EV2A-x3234a,7,-29.147,TRUE,-0.340824575,0.09621411,C040,2.939793587,0.806859195,A71EV2A-x3234a,1,2.769236565,FALSE,FALSE,FALSE
A71EV2A-x3194_A_201_0_1_A71EV2A-x0526+A+147+0+1__LIG,CC1=CC(CC(=O)N2CCC[C@H](C(N)=O)C2)=CC=N1,261.32,4,TRUE,1,10,10,TRUE,0.189,1.000,A71EV2A-x3194a,8,-111.184,TRUE,0.205197993,-0.062893341,C001,0.189401597,1,A71EV2A-x3194a,8,0,TRUE,TRUE,FALSE
A71EV2A-x3175_A_201_0_1_A71EV2A-x0526+A+147+0+1__LIG,CC1=NOC(CNC(=O)C2=CN(C)C3=C2C=CC=C3)=C1,269.3,4,TRUE,1,10,10,TRUE,3.029,0.715,A71EV2A-x3175a,2,-56.278,TRUE,-0.435027641,0.11274667,C065,0.299637109,0.996561885,A71EV2A-x3175a,4,2.729307383,FALSE,TRUE,TRUE
A71EV2A-x3585_A_201_0_1_A71EV2A-x0526+A+147+0+1__LIG,CC1=CC(NC(=O)N2CCC[C@H](C(N)=O)C2)=C2C=NN(C)C2=C1,315.38,4,TRUE,1,10,10,TRUE,0.298,1.000,A71EV2A-x3585a,4,-113.754,TRUE,0.01557046,-0.214260846,C003,0.298433572,1,A71EV2A-x3585a,4,0,TRUE,TRUE,FALSE
A71EV2A-x5482_A_4000_0_1_A71EV2A-x0526+A+147+0+1__LIG,CC1=CC2=C(C=CS2)C(Cl)=C1OC(=O)N1CCC[C@H](C(N)=O)C1,352.84,4,TRUE,1,10,10,TRUE,0.208,1.000,A71EV2A-x5482a,9,-102.024,TRUE,0.007836053,-0.216504904,C015,0.207865939,1,A71EV2A-x5482a,9,0,TRUE,TRUE,FALSE
A71EV2A-x5424_A_201_0_1_A71EV2A-x0526+A+147+0+1__LIG,CC1=CC=C(CC(=O)N2CCC[C@H](C(N)=O)C2)S1,266.37,4,TRUE,2,20,20,TRUE,0.426,0.990,A71EV2A-x5424b,6,-99.730,TRUE,0.203409567,-0.119430261,C001,0.298546046,0.99849093,A71EV2A-x5424b,7,0.127376556,TRUE,TRUE,FALSE
A71EV2A-x5727_A_4000_0_1_A71EV2A-x0526+A+147+0+1__LIG,CC1=CC=C([C@H](C2=NC=CN2C)N2C[C@@H](C(N)=O)CCC2=O)C=C1,326.4,4,TRUE,1,10,10,TRUE,0.374,0.990,A71EV2A-x5727a,1,-92.471,TRUE,-0.219423662,-0.047773991,C030,0.311865002,0.994656503,A71EV2A-x5727a,8,0.06224075,TRUE,TRUE,FALSE
A71EV2A-x3568_A_201_0_1_A71EV2A-x0526+A+147+0+1__LIG,CC1=CC=C2C(=C1)NC=C2C(=O)NCCC1=COC=N1,269.3,5,TRUE,1,10,10,TRUE,1.168,0.828,A71EV2A-x3568a,4,-55.698,TRUE,-0.401316196,0.167807396,C066,0.552341104,0.971684039,A71EV2A-x3568a,10,0.615715861,TRUE,TRUE,FALSE
A71EV2A-x5599_A_201_0_1_A71EV2A-x0526+A+147+0+1__LIG,CC1=CC=C2CCCC2=C1OC(=O)N1CCC[C@H](C(N)=O)C1,302.37,4,TRUE,2,20,20,TRUE,0.249,1.000,A71EV2A-x5599b,4,-107.188,TRUE,0.035863078,-0.234332422,C015,0.249454468,1,A71EV2A-x5599b,4,0,TRUE,TRUE,FALSE
A71EV2A-x4559_A_201_0_1_A71EV2A-x0526+A+147+0+1__LIG,CC1=CC2=C(C=C1)N(CC(=O)N1CCC[C@H](C(N)=O)C1)C=C2,299.37,4,TRUE,2,20,20,TRUE,0.844,0.919,A71EV2A-x4559a,2,-78.768,TRUE,0.121762383,-0.126289935,C031,0.34387958,0.997697949,A71EV2A-x4559b,7,0.499676704,TRUE,TRUE,FALSE
A71EV2A-x3305_A_201_0_1_A71EV2A-x0526+A+147+0+1__LIG,CC1=CC=C2C(=C1NC1=NN([C@H]3CCNC3=O)C=C1)C=NN2C,310.36,3,TRUE,1,10,10,TRUE,0.386,0.986,A71EV2A-x3305a,3,-48.327,TRUE,-0.356568357,0.066572283,C067,0.375255048,0.988405824,A71EV2A-x3305a,8,0.010983884,TRUE,TRUE,FALSE
A71EV2A-x5572_A_4000_0_1_A71EV2A-x0526+A+147+0+1__LIG,CC1=CC=C2C=CC=CC2=C1N1C[C@@H](C(N)=O)CCC1=O,282.34,2,TRUE,1,10,10,TRUE,0.267,1.000,A71EV2A-x5572a,1,-90.609,TRUE,-0.310767237,-0.128383889,C013,0.21432817,1,A71EV2A-x5572a,3,0.052930802,TRUE,TRUE,FALSE
A71EV2A-x5479_A_4000_0_1_A71EV2A-x0526+A+147+0+1__LIG,CC1=CC=C2C=CC=NC2=C1OC(=O)N1CCC[C@H](C(N)=O)C1,313.36,4,TRUE,1,10,10,TRUE,0.346,0.995,A71EV2A-x5479a,7,-101.803,TRUE,0.025404818,-0.182642518,C015,0.301595151,0.99609375,A71EV2A-x5479a,3,0.043914944,TRUE,TRUE,FALSE
A71EV2A-x4020_A_201_0_1_A71EV2A-x0526+A+147+0+1__LIG,CC1=CC=CC(CC(=O)N2CCC[C@H](C(N)=O)C2)=C1,260.34,4,TRUE,2,20,20,TRUE,0.440,0.989,A71EV2A-x4020a,7,-108.247,TRUE,0.168556674,-0.13642106,C001,0.24973084,1,A71EV2A-x4020a,1,0.190447465,TRUE,TRUE,FALSE
A71EV2A-x4928_A_201_0_1_A71EV2A-x0526+A+147+0+1__LIG,CC1=CC=CC(CN2C[C@@H](C(N)=O)CCC2=O)=C1,246.31,3,TRUE,1,10,10,TRUE,0.451,0.986,A71EV2A-x4928a,1,-106.714,TRUE,-0.304925667,-0.144927344,C004,0.151106849,1,A71EV2A-x4928a,5,0.299728945,TRUE,TRUE,FALSE
A71EV2A-x3706_A_201_0_1_A71EV2A-x0526+A+147+0+1__LIG,CC1=CC=CC(CNC(=O)N2CCC[C@H](C(N)=O)C2)=C1,275.35,5,TRUE,2,20,20,TRUE,0.363,0.999,A71EV2A-x3706a,7,-127.197,TRUE,0.016907983,-0.237252962,C020,0.249917597,1,A71EV2A-x3706a,6,0.113481104,TRUE,TRUE,FALSE
A71EV2A-x5091_A_201_0_1_A71EV2A-x0526+A+147+0+1__LIG,CC1=CC=CC(N(C)C(=O)N2CC[C@H](C(N)=O)C2)=C1,261.32,4,TRUE,1,10,10,TRUE,0.410,0.995,A71EV2A-x5091a,3,-106.270,TRUE,-0.110939911,-0.140871587,C068,0.302181512,0.994354844,A71EV2A-x5091a,10,0.107428104,TRUE,TRUE,FALSE
A71EV2A-x3908_A_201_0_1_A71EV2A-x0526+A+147+0+1__LIG,CC1=CC=CC(N(CC(=O)N2CCCCC2)C(=O)N2CCC[C@H](C(N)=O)C2)=C1,386.5,7,TRUE,1,10,10,TRUE,5.540,0.258,A71EV2A-x3908a,3,-107.412,TRUE,0.058951084,-0.165635915,C020,2.585319519,0.699275374,A71EV2A-x3908a,1,2.95457077,FALSE,FALSE,FALSE
A71EV2A-x4402_A_201_0_1_A71EV2A-x0526+A+147+0+1__LIG,CC1=CC=CC(N2CCCN(CCC(N)=O)C2=O)=C1,261.32,4,TRUE,1,10,10,TRUE,0.186,1.000,A71EV2A-x4402a,3,-111.831,TRUE,-0.28288694,0.012735776,C069,0.185980245,1,A71EV2A-x4402a,3,0,TRUE,TRUE,FALSE
A71EV2A-x3054_A_201_0_1_A71EV2A-x0526+A+147+0+1__LIG,CC1=CC=CC(NC(=O)N2CCC[C@H](C(N)=O)C2)=C1,261.32,4,TRUE,1,10,10,TRUE,0.284,1.000,A71EV2A-x3054a,8,-106.533,TRUE,0.029223338,-0.298783311,C003,0.168189391,1,A71EV2A-x3054a,10,0.115617737,TRUE,TRUE,FALSE
A71EV2A-x5462_A_4000_0_1_A71EV2A-x0526+A+147+0+1__LIG,CC1=CC=CC2=CC=CC(N3C[C@@H](C(N)=O)CCC3=O)=C12,282.34,2,TRUE,1,10,10,TRUE,0.279,1.000,A71EV2A-x5462a,1,-85.030,TRUE,-0.288329313,-0.128519032,C013,0.174916655,1,A71EV2A-x5462a,9,0.103851765,TRUE,TRUE,FALSE
A71EV2A-x5393_A_201_0_1_A71EV2A-x0526+A+147+0+1__LIG,CC1=CC=CC=C1CC(=O)N1CCC[C@H](C(N)=O)C1,260.34,4,TRUE,1,10,10,TRUE,0.220,1.000,A71EV2A-x5393a,4,-99.329,TRUE,0.182844229,-0.120011735,C001,0.16882126,1,A71EV2A-x5393a,10,0.05084151,TRUE,TRUE,FALSE
A71EV2A-x5255_A_201_0_1_A71EV2A-x0526+A+147+0+1__LIG,CC1=CC=CC=C1CC(=O)N1C[C@@H]2C[C@@](C(N)=O)(C2)C1,272.35,4,TRUE,1,10,10,TRUE,0.390,0.993,A71EV2A-x5255a,3,-55.280,TRUE,-0.181678391,0.099342113,C045,0.306560785,0.996383369,A71EV2A-x5255a,4,0.083832115,TRUE,TRUE,FALSE
A71EV2A-x3616_A_201_0_1_A71EV2A-x0526+A+147+0+1__LIG,CC1=CC=CC=C1CNC(=O)N1CCC[C@H](C(N)=O)C1,275.35,5,TRUE,2,20,20,TRUE,0.391,0.990,A71EV2A-x3616b,10,-130.180,TRUE,0.031196656,-0.236148371,C001,0.26621151,1,A71EV2A-x3616a,9,0.125224441,TRUE,TRUE,FALSE
A71EV2A-x3510_A_201_0_1_A71EV2A-x0526+A+147+0+1__LIG,CC1=CC=CC=C1NC(=O)N1CCC[C@H](C(N)=O)C1,261.32,4,TRUE,1,10,10,TRUE,0.307,1.000,A71EV2A-x3510a,1,-108.852,TRUE,0.038326034,-0.322439169,C003,0.176051795,1,A71EV2A-x3510a,7,0.131148189,TRUE,TRUE,FALSE
A71EV2A-x3867_A_201_0_1_A71EV2A-x0526+A+147+0+1__LIG,CC1=CC=CC=C1NC(=O)C1=CC(C(N)=O)=C(C)C=C1,268.32,4,TRUE,1,10,10,TRUE,0.283,0.996,A71EV2A-x3867a,6,-88.742,TRUE,-0.380484376,-0.002815602,C041,0.262127459,0.997539341,A71EV2A-x3867a,4,0.020538926,TRUE,TRUE,FALSE
A71EV2A-x3564_A_201_0_1_A71EV2A-x0526+A+147+0+1__LIG,CC1=CC=CC=C1NC(=O)C1=CC(C(N)=O)=CN=C1,255.28,4,TRUE,1,10,10,TRUE,0.200,0.999,A71EV2A-x3564a,3,-95.315,TRUE,-0.369271819,0.0176973,C041,0.19983232,0.999045789,A71EV2A-x3564a,3,0,TRUE,TRUE,FALSE
A71EV2A-x3623_A_201_0_1_A71EV2A-x0526+A+147+0+1__LIG,CC1=CN=C(CN[S@](=O)(=O)C[C@@H](C)C2=CC=CC=C2)O1,294.38,6,TRUE,1,10,10,TRUE,2.365,0.650,A71EV2A-x3623a,4,-62.209,TRUE,-0.326971723,0.132824837,C070,0.680031896,0.944102108,A71EV2A-x3623a,7,1.685180545,FALSE,TRUE,TRUE
A71EV2A-x4350_A_201_0_1_A71EV2A-x0526+A+147+0+1__LIG,CC1=CN=CC=C1CC(=O)N1CCC[C@H](C(N)=O)C1,261.32,4,TRUE,1,10,10,TRUE,0.302,0.998,A71EV2A-x4350a,4,-109.398,TRUE,0.206544916,-0.07036245,C001,0.30217579,0.998168468,A71EV2A-x4350a,4,0,TRUE,TRUE,FALSE
A71EV2A-x3221_A_201_0_1_A71EV2A-x0526+A+147+0+1__LIG,CC1=NC(C)=C(CC(=O)N2CCC[C@H](C(N)=O)C2)N1,264.33,4,TRUE,1,10,10,TRUE,0.461,0.990,A71EV2A-x3221a,6,-90.688,TRUE,0.244357589,-0.066655604,C017,0.400040179,0.992258668,A71EV2A-x3221a,4,0.0605416,TRUE,TRUE,FALSE
A71EV2A-x4926_A_201_0_1_A71EV2A-x0526+A+147+0+1__LIG,CC1=NC2=C(C=CC(F)=C2CN2C[C@@H](C(N)=O)CCC2=O)N1,304.32,3,TRUE,1,10,10,TRUE,0.400,0.992,A71EV2A-x4926a,2,-85.535,TRUE,-0.250911017,-0.061567285,C071,0.25149408,1,A71EV2A-x4926a,3,0.148980588,TRUE,TRUE,FALSE
A71EV2A-x3225_A_201_0_1_A71EV2A-x0526+A+147+0+1__LIG,CC1=NC2=CC=CC=C2N1CC(=O)N1CCC[C@H](C(N)=O)C1,300.36,4,TRUE,1,10,10,TRUE,0.313,1.000,A71EV2A-x3225a,6,-94.670,TRUE,0.074211495,-0.132206821,C001,0.312553197,1,A71EV2A-x3225a,6,0,TRUE,TRUE,FALSE
A71EV2A-x3489_A_201_0_1_A71EV2A-x0526+A+147+0+1__LIG,CC1=C(CC(=O)N2CCC[C@H](C(N)=O)C2)N2CCCCC2=N1,304.39,4,TRUE,1,10,10,TRUE,0.432,0.992,A71EV2A-x3489a,9,-87.514,TRUE,0.197908701,-0.084650206,C017,0.347337633,0.999568939,A71EV2A-x3489a,5,0.084931016,TRUE,TRUE,FALSE
A71EV2A-x4333_A_201_0_1_A71EV2A-x0526+A+147+0+1__LIG,CC1=NC=CC=C1CC(=O)N1CCC[C@H](C(N)=O)C1,261.32,4,TRUE,1,10,10,TRUE,0.385,0.993,A71EV2A-x4333a,10,-106.438,TRUE,0.198866438,-0.059067319,C001,0.267878681,1,A71EV2A-x4333a,8,0.116820842,TRUE,TRUE,FALSE
A71EV2A-x4464_A_201_0_1_A71EV2A-x0526+A+147+0+1__LIG,CC1=NC=NC(C)=C1CC(=O)N1CCC[C@H](C(N)=O)C1,276.34,4,TRUE,1,10,10,TRUE,0.345,0.998,A71EV2A-x4464a,6,-97.078,TRUE,0.331980676,0.011581658,C001,0.306801438,1,A71EV2A-x4464a,5,0.038220853,TRUE,TRUE,FALSE
A71EV2A-x1346_E_250_0_1_A71EV2A-x0526+A+147+0+1__LIG,CC1=NN(C)C(C)=C1CC(=O)N[C@@H](CNC(=O)CCl)C1=CC=C2C=CC=CC2=C1,412.92,9,TRUE,1,10,10,TRUE,3.765,0.602,A71EV2A-x1346a,3,-116.563,TRUE,-0.360435413,0.118081147,C072,3.076694727,0.714628279,A71EV2A-x1346a,1,0.6885221,FALSE,FALSE,FALSE
A71EV2A-x3410_A_201_0_1_A71EV2A-x0526+A+147+0+1__LIG,CC1=NN(C)C2=CC(C(=O)NCCC3=COC=N3)=CC=C21,284.32,5,TRUE,1,10,10,TRUE,0.420,0.996,A71EV2A-x3410a,9,-61.360,TRUE,-0.42605336,0.168828601,C007,0.334444642,1,A71EV2A-x3410a,6,0.085643321,TRUE,TRUE,FALSE
A71EV2A-x3286_A_201_0_1_A71EV2A-x0526+A+147+0+1__LIG,CC1=C(CCNC(=O)C2=NN(C)C3=C2C=CC=C3)N=CO1,284.32,5,TRUE,1,10,10,TRUE,0.218,1.000,A71EV2A-x3286a,4,-75.971,TRUE,-0.474370802,0.155129308,C007,0.196764305,1,A71EV2A-x3286a,1,0.020971581,TRUE,TRUE,FALSE
A71EV2A-x6730_A_4000_0_1_A71EV2A-x0526+A+147+0+1__LIG,CC1=C(C2=CC=CO2)N=C([C@H](C)N2C[C@@H](C(N)=O)CCC2=O)S1,333.41,4,TRUE,1,10,10,TRUE,0.263,0.995,A71EV2A-x6730a,6,-102.683,TRUE,-0.239856065,-0.088736639,C028,0.262599975,0.995363235,A71EV2A-x6730a,6,0,TRUE,TRUE,FALSE
A71EV2A-x4992_A_201_0_1_A71EV2A-x0526+A+147+0+1__LIG,CN1C=C(CC(=O)N2C[C@@H](C(N)=O)C[C@H]3C[C@H]32)C=N1,262.31,4,TRUE,1,10,10,TRUE,2.326,0.783,A71EV2A-x4992a,1,-32.768,TRUE,-0.218670739,0.215778364,C034,1.63694191,0.848096013,A71EV2A-x4992a,7,0.688991785,FALSE,TRUE,TRUE
A71EV2A-x5090_A_201_0_1_A71EV2A-x0526+A+147+0+1__LIG,CN1C=C(N[S@@](=O)(=O)N2CCC[C@H](C(N)=O)C2)C=N1,287.34,4,TRUE,2,20,20,TRUE,0.248,1.000,A71EV2A-x5090a,3,-87.046,TRUE,-0.035789926,-0.131530783,C021,0.247818828,1,A71EV2A-x5090a,3,0,TRUE,TRUE,FALSE
A71EV2A-x3188_A_201_0_1_A71EV2A-x0526+A+147+0+1__LIG,CN1C=C2C(CC(=O)N3CCC[C@H](C(N)=O)C3)=CC=CC2=N1,300.36,4,TRUE,3,30,30,TRUE,0.380,0.992,A71EV2A-x3914a,1,-96.275,TRUE,0.129611278,-0.061280056,C001,0.266317517,0.997944057,A71EV2A-x3188a,4,0.113575041,TRUE,TRUE,FALSE
A71EV2A-x3556_A_201_0_1_A71EV2A-x0526+A+147+0+1__LIG,CN1C=C2C(CC(=O)N3CC[C@H](C(N)=O)C3)=CC=CC2=N1,286.33,4,TRUE,1,10,10,TRUE,0.302,1.000,A71EV2A-x3556a,4,-92.991,TRUE,-0.013927613,0.006645141,C001,0.290861726,1,A71EV2A-x3556a,6,0.011168033,TRUE,TRUE,FALSE
A71EV2A-x4608_A_201_0_1_A71EV2A-x0526+A+147+0+1__LIG,CN1C=C2C(=N1)CCC[C@@H]2C(=O)N1CCC[C@H](C(N)=O)C1,290.37,3,TRUE,1,10,10,TRUE,0.267,1.000,A71EV2A-x4608a,6,-101.474,TRUE,0.069297923,-0.195265184,C022,0.250921458,1,A71EV2A-x4608a,9,0.015893996,TRUE,TRUE,FALSE
A71EV2A-x3403_A_201_0_1_A71EV2A-x0526+A+147+0+1__LIG,CN1C=C2C=CC=C(NC(=O)CC3=COC=N3)C2=N1,256.26,4,TRUE,1,10,10,TRUE,0.413,0.991,A71EV2A-x3403a,1,-56.144,TRUE,-0.363329866,0.126886432,C073,0.413241178,0.990501523,A71EV2A-x3403a,1,0,TRUE,TRUE,FALSE
A71EV2A-x5106_A_201_0_1_A71EV2A-x0526+A+147+0+1__LIG,CN1C=CN=C1[C@@H](C1=CC=CC=C1)N1C[C@@H](C(N)=O)CC1=O,298.35,4,TRUE,2,20,20,TRUE,0.388,0.993,A71EV2A-x5106a,6,-84.979,TRUE,-0.264595312,-0.005521635,C030,0.274139673,0.998290598,A71EV2A-x5106a,4,0.114101827,TRUE,TRUE,FALSE
A71EV2A-x5898_A_202_0_1_A71EV2A-x0526+A+147+0+1__LIG,CN1C=CN=C1[C@@H](C1=CC=CC=C1)[N@H+]1C[C@@H]2C[C@@](C(N)=O)(C2)C1,311.41,4,TRUE,1,10,10,TRUE,0.361,0.990,A71EV2A-x5898a,1,-14.745,TRUE,-0.313893914,0.060274033,C074,0.361079872,0.989720404,A71EV2A-x5898a,1,0,TRUE,TRUE,FALSE
A71EV2A-x3371_A_201_0_1_A71EV2A-x0526+A+147+0+1__LIG,CN1C=NC(CCNC(=O)C2=NN(C)C3=C2C=CC=C3)=C1,283.33,5,TRUE,1,10,10,TRUE,0.982,0.896,A71EV2A-x3371a,9,-49.977,TRUE,-0.455377527,0.140761045,C007,0.888135612,0.896619499,A71EV2A-x3371a,7,0.094326317,TRUE,TRUE,FALSE
A71EV2A-x4447_A_201_0_1_A71EV2A-x0526+A+147+0+1__LIG,CN1C=NC2=C1C=CC=C2NC(=O)N1CCC[C@H](C(N)=O)C1,301.35,4,TRUE,2,20,20,TRUE,0.278,1.000,A71EV2A-x4447b,2,-97.090,TRUE,0.020178253,-0.23192554,C003,0.277692258,1,A71EV2A-x4447b,2,0,TRUE,TRUE,FALSE
A71EV2A-x2339_E_246_0_1_A71EV2A-x0526+A+147+0+1__LIG,CN1N=C(C(=O)N[C@@H]2CC2)C2=C1C=CC(F)=C2,233.25,3,TRUE,1,10,10,TRUE,0.270,0.992,A71EV2A-x2339a,8,-57.932,TRUE,-0.375245955,0.081772378,C042,0.269991547,0.991699219,A71EV2A-x2339a,8,0,TRUE,TRUE,FALSE
A71EV2A-x3280_D_246_0_1_A71EV2A-x0526+A+147+0+1__LIG,CN1N=C(C(=O)NC[C@@](F)(F)C2=CC=CC=N2)C2=CC=CC=C21,316.31,5,TRUE,1,10,10,TRUE,0.427,0.991,A71EV2A-x3280a,2,-64.337,TRUE,-0.417388146,0.176140648,C007,0.42656076,0.991271794,A71EV2A-x3280a,2,0,TRUE,TRUE,FALSE
A71EV2A-x3324_A_201_0_1_A71EV2A-x0526+A+147+0+1__LIG,CN1N=C(C(=O)NCCC2=CC=C([S@](C)(=O)=O)C=C2)C2=CC=CC=C21,357.44,6,TRUE,1,10,10,TRUE,0.912,0.921,A71EV2A-x3324a,1,-74.799,TRUE,-0.475188142,0.126972176,C007,0.274405748,0.999005318,A71EV2A-x3324a,4,0.637539357,TRUE,TRUE,FALSE
A71EV2A-x2846_E_301_0_1_A71EV2A-x0526+A+147+0+1__LIG,CN1N=C(C(=O)NCCC2=COC=N2)C2=CC=CC=C21,270.29,5,TRUE,1,10,10,TRUE,0.326,0.992,A71EV2A-x2846a,7,-60.808,TRUE,-0.498918312,0.166918202,C007,0.325526685,0.989130437,A71EV2A-x2846a,2,0.000705898,TRUE,TRUE,FALSE
A71EV2A-x3419_A_201_0_1_A71EV2A-x0526+A+147+0+1__LIG,CN1N=C(C(=O)NCCC2=COC=N2)C2=CC=CC=C2C1=O,298.3,5,TRUE,1,10,10,TRUE,0.305,1.000,A71EV2A-x3419a,9,-97.298,TRUE,-0.473720949,0.153171375,C007,0.262969285,1,A71EV2A-x3419a,8,0.042160004,TRUE,TRUE,FALSE
A71EV2A-x3264_A_201_0_1_A71EV2A-x0526+A+147+0+1__LIG,CN1N=C(C(=O)NCCC2=COC=N2)C2=CC=CN=C21,271.28,5,TRUE,1,10,10,TRUE,0.254,1.000,A71EV2A-x3264a,7,-73.025,TRUE,-0.44556232,0.157360714,C007,0.254158586,1,A71EV2A-x3264a,7,0,TRUE,TRUE,FALSE
A71EV2A-x3306_A_201_0_1_A71EV2A-x0526+A+147+0+1__LIG,CN1N=C(C(=O)NCCC2=CSC=N2)C2=CC=CC=C21,286.36,5,TRUE,1,10,10,TRUE,0.550,0.956,A71EV2A-x3306a,3,-61.709,TRUE,-0.469296633,0.153770658,C007,0.470219046,0.965210378,A71EV2A-x3306a,2,0.079793543,TRUE,TRUE,FALSE
A71EV2A-x3181_A_201_0_1_A71EV2A-x0526+A+147+0+1__LIG,CN1N=C(C(=O)NCCN2C=NC=N2)C2=CC=CC=C21,270.3,5,TRUE,2,20,20,TRUE,0.983,0.892,A71EV2A-x3181a,4,-73.559,TRUE,-0.454224874,0.15455263,C007,0.233728722,1,A71EV2A-x3181a,10,0.748797104,TRUE,TRUE,FALSE
A71EV2A-x2293_E_201_0_1_A71EV2A-x0526+A+147+0+1__LIG,CN1N=C(C(=O)NC[C@@H]2CC3=CC=CC=C3CN2)C2=CC=CC=C21,320.4,4,TRUE,1,10,10,TRUE,0.383,0.995,A71EV2A-x2293a,7,-70.053,TRUE,-0.445966711,0.101074593,C075,0.339878827,1,A71EV2A-x2293a,2,0.043402404,TRUE,TRUE,FALSE
A71EV2A-x2972_A_201_0_1_A71EV2A-x0526+A+147+0+1__LIG,CN1N=C(C(=O)NCC2=CNC=N2)C2=CC=CC=C21,255.28,4,TRUE,1,10,10,TRUE,0.392,0.983,A71EV2A-x2972a,5,-47.819,TRUE,-0.461067283,0.15014306,C007,0.38085109,0.982854843,A71EV2A-x2972a,9,0.010967404,TRUE,TRUE,FALSE
A71EV2A-x3178_A_201_0_1_A71EV2A-x0526+A+147+0+1__LIG,CN1N=C(C(=O)N[C@H]2CCOC2)C2=CC=CC=C21,245.28,3,TRUE,1,10,10,TRUE,0.600,0.943,A71EV2A-x3178a,8,-69.885,TRUE,-0.444336122,0.065258074,C007,0.27246812,0.995217383,A71EV2A-x3178a,9,0.327435941,TRUE,TRUE,FALSE
A71EV2A-x3177_A_201_0_1_A71EV2A-x0526+A+147+0+1__LIG,CN1N=C(C(=O)N[C@H]2C[C@H]2CO)C2=CC=CC=C21,245.28,4,TRUE,1,10,10,TRUE,0.795,0.951,A71EV2A-x3177a,1,-61.240,TRUE,-0.448886368,0.124589405,C024,0.794795156,0.951058209,A71EV2A-x3177a,1,0,TRUE,TRUE,FALSE
A71EV2A-x2304_E_246_0_1_A71EV2A-x0526+A+147+0+1__LIG,CN1N=C(C(=O)NC2=CNN=C2)C2=CC=CC=C21,241.25,3,TRUE,1,10,10,TRUE,0.357,1.000,A71EV2A-x2304a,8,-56.621,TRUE,-0.490014895,0.081140139,C024,0.347554207,1,A71EV2A-x2304a,2,0.009560913,TRUE,TRUE,FALSE
A71EV2A-x2351_E_246_0_1_A71EV2A-x0526+A+147+0+1__LIG,CN1N=C(C(N)=O)C2=C1C=CC(F)=C2,193.18,1,TRUE,1,10,10,TRUE,0.249,1.000,A71EV2A-x2351a,9,-47.555,TRUE,-0.367205837,0.100436788,C042,0.249169514,1,A71EV2A-x2351a,9,0,TRUE,TRUE,FALSE
A71EV2A-x4994_A_201_0_1_A71EV2A-x0526+A+147+0+1__LIG,CN1N=C(CC(=O)N2C[C@@H](C(N)=O)C2)C2=CC=CC=C21,272.31,4,TRUE,1,10,10,TRUE,7.241,0.224,A71EV2A-x4994a,10,-29.124,TRUE,-0.168514825,0.043221416,C076,7.197543144,0.249472573,A71EV2A-x4994a,7,0.043070316,FALSE,FALSE,FALSE
A71EV2A-x4547_A_201_0_1_A71EV2A-x0526+A+147+0+1__LIG,CN1N=C(CN2C[C@H](C(N)=O)CCC2=O)C2=CC=CC=C21,286.33,3,TRUE,1,10,10,TRUE,0.437,0.986,A71EV2A-x4547a,5,-85.705,TRUE,-0.363066024,-0.079399311,C004,0.189247057,1,A71EV2A-x4547a,2,0.247254178,TRUE,TRUE,FALSE
A71EV2A-x3606_A_201_0_1_A71EV2A-x0526+A+147+0+1__LIG,CN1N=CC(C2=CC(Cl)=CC(Cl)=C2)=C1CC(=O)N1CCC[C@H](C(N)=O)C1,395.29,5,TRUE,1,10,10,TRUE,0.863,0.954,A71EV2A-x3606a,9,-93.437,TRUE,0.1533011,-0.049030417,C077,0.779108584,0.976289511,A71EV2A-x3606a,1,0.084012926,TRUE,TRUE,FALSE
A71EV2A-x3436_A_201_0_1_A71EV2A-x0526+A+147+0+1__LIG,CN1N=CC(C(=O)NCCC2=COC=N2)=N1,221.22,5,TRUE,1,10,10,TRUE,0.381,0.984,A71EV2A-x3436a,10,-72.512,TRUE,-0.371064815,0.174320185,C007,0.381112188,0.984113693,A71EV2A-x3436a,10,0,TRUE,TRUE,FALSE
A71EV2A-x4017_A_201_0_1_A71EV2A-x0526+A+147+0+1__LIG,CN1N=CC2=C1C=CC=C2NC(=O)N1CCC[C@H](C(N)=O)C1,301.35,4,TRUE,2,20,20,TRUE,0.306,0.998,A71EV2A-x4017b,1,-108.334,TRUE,-0.021820188,-0.24893253,C003,0.224141121,1,A71EV2A-x4017a,9,0.082261682,TRUE,TRUE,FALSE
A71EV2A-x5721_A_201_0_1_A71EV2A-x0526+A+147+0+1__LIG,CN1N=CC2=C1C=C(CN1C[C@@H](C(N)=O)C[C@@](C)(C)C1=O)C=C2,314.39,3,TRUE,2,20,20,TRUE,0.418,0.992,A71EV2A-x5721b,4,-95.677,TRUE,-0.299753562,0.004369058,C018,0.312803686,0.999169409,A71EV2A-x5721a,8,0.105146736,TRUE,TRUE,FALSE
A71EV2A-x4839_A_201_0_1_A71EV2A-x0526+A+147+0+1__LIG,CN1N=CC2=C1C=C(CN1C[C@@H](C(N)=O)CCC1=O)C=C2,286.33,3,TRUE,2,20,20,TRUE,0.306,0.994,A71EV2A-x4980a,6,-91.358,TRUE,-0.307703211,-0.083662649,C018,0.302474111,0.998281777,A71EV2A-x4839a,4,0.003357112,TRUE,TRUE,FALSE
A71EV2A-x4974_A_201_0_1_A71EV2A-x0526+A+147+0+1__LIG,CN1N=CC2=C1C=C(CN1C[C@H](C(N)=O)CCC1=O)C=C2,286.33,3,TRUE,1,10,10,TRUE,0.197,1.000,A71EV2A-x4974a,4,-93.277,TRUE,-0.307703211,-0.083662649,C018,0.197133273,1,A71EV2A-x4974a,4,0,TRUE,TRUE,FALSE
A71EV2A-x3480_A_201_0_1_A71EV2A-x0526+A+147+0+1__LIG,N#CCC1=CC=CC(NC(=O)N2CCC[C@H](C(N)=O)C2)=C1,286.33,5,TRUE,1,10,10,TRUE,0.465,0.983,A71EV2A-x3480a,1,-120.122,TRUE,0.024338737,-0.279112389,C020,0.393951356,0.995697916,A71EV2A-x3480a,7,0.071304351,TRUE,TRUE,FALSE
A71EV2A-x4321_A_201_0_1_A71EV2A-x0526+A+147+0+1__LIG,N#CCC1=CC=CC=C1CC(=O)N1CCC[C@H](C(N)=O)C1,285.35,5,TRUE,2,20,20,TRUE,0.371,0.997,A71EV2A-x4321b,10,-109.579,TRUE,0.173354548,-0.138427383,C001,0.261642426,1,A71EV2A-x4321a,6,0.109701574,TRUE,TRUE,FALSE
A71EV2A-x3521_A_201_0_1_A71EV2A-x0526+A+147+0+1__LIG,N#C[C@H]1C[C@@H](NC(=O)[C@@]2(C3=CC=C(Cl)C=C3Cl)CCOCC2)C1,353.25,4,TRUE,1,10,10,TRUE,2.329,0.776,A71EV2A-x3521a,6,-67.322,TRUE,-0.323415084,0.030947427,C078,2.328647137,0.776363611,A71EV2A-x3521a,6,0,FALSE,FALSE,FALSE
A71EV2A-x5559_A_201_0_1_A71EV2A-x0526+A+147+0+1__LIG,N#CC1=CC=C(Br)C=C1OC(=O)N1CCC[C@H](C(N)=O)C1,352.19,4,TRUE,1,10,10,TRUE,0.275,1.000,A71EV2A-x5559a,4,-112.888,TRUE,0.044187934,-0.210354638,C015,0.254521549,1,A71EV2A-x5559a,5,0.020376235,TRUE,TRUE,FALSE
A71EV2A-x5082_A_201_0_1_A71EV2A-x0526+A+147+0+1__LIG,N#CC1=CC=CC(CC(=O)N2CCC[C@H](C(N)=O)C2)=N1,272.31,4,TRUE,2,20,20,TRUE,2.061,0.806,A71EV2A-x5082b,6,-109.239,TRUE,0.178206705,-0.124602972,C001,0.23980844,1,A71EV2A-x5082a,7,1.821362853,FALSE,TRUE,TRUE
A71EV2A-x3509_A_201_0_1_A71EV2A-x0526+A+147+0+1__LIG,N#CC1=CC=CC(NC(=O)N2CCC[C@H](C(N)=O)C2)=C1,272.31,4,TRUE,2,20,20,TRUE,0.271,0.999,A71EV2A-x3509b,1,-128.517,TRUE,0.036338195,-0.305219293,C003,0.203832284,1,A71EV2A-x3509b,9,0.066826656,TRUE,TRUE,FALSE
A71EV2A-x5489_A_4000_0_1_A71EV2A-x0526+A+147+0+1__LIG,N#CC1=CC=CC=C1CC(=O)N1CCC[C@H](C(N)=O)C1,271.32,4,TRUE,2,20,20,TRUE,0.320,0.998,A71EV2A-x5489b,7,-108.645,TRUE,0.182964278,-0.134570353,C001,0.227009788,1,A71EV2A-x5489a,2,0.092494741,TRUE,TRUE,FALSE
A71EV2A-x5594_A_201_0_1_A71EV2A-x0526+A+147+0+1__LIG,N#CC1=CC=NC=C1OC(=O)N1CCC[C@H](C(N)=O)C1,274.28,4,TRUE,2,20,20,TRUE,0.389,0.995,A71EV2A-x5594a,1,-112.321,TRUE,0.06805535,-0.212581537,C015,0.210571423,1,A71EV2A-x5594a,3,0.177951291,TRUE,TRUE,FALSE
A71EV2A-x5448_A_4000_0_1_A71EV2A-x0526+A+147+0+1__LIG,N#CC1=NC=CC(CC(=O)N2CCC[C@H](C(N)=O)C2)=N1,273.3,4,TRUE,1,10,10,TRUE,2.128,0.809,A71EV2A-x5448a,8,-101.376,TRUE,0.207653786,-0.076526192,C017,0.322379261,0.99783361,A71EV2A-x5448a,9,1.80529508,FALSE,TRUE,TRUE
A71EV2A-x5212_A_201_0_1_A71EV2A-x0526+A+147+0+1__LIG,N#CC1=NC=NC=C1CC(=O)N1CCC[C@H](C(N)=O)C1,273.3,4,TRUE,1,10,10,TRUE,0.320,1.000,A71EV2A-x5212a,7,-105.803,TRUE,0.256512677,-0.039054492,C001,0.220825002,1,A71EV2A-x5212a,2,0.099557862,TRUE,TRUE,FALSE
A71EV2A-x3450_A_201_0_1_A71EV2A-x0526+A+147+0+1__LIG,N#CC1=C(CC(=O)N2CCC[C@H](C(N)=O)C2)C=CS1,277.35,4,TRUE,1,10,10,TRUE,0.377,0.993,A71EV2A-x3450a,3,-97.787,TRUE,0.21647662,-0.12154148,C001,0.320089221,1,A71EV2A-x3450a,9,0.05664888,TRUE,TRUE,FALSE
A71EV2A-x5409_A_4001_A_1_A71EV2A-x0526+A+147+0+1_ALIG,NC(=O)C[C@@H]1CCN(C(=O)C2=CC=CC(F)=C2)CC1,264.3,4,TRUE,2,20,20,TRUE,0.378,0.996,A71EV2A-x5409b,9,-86.137,TRUE,-0.189459419,-0.043194789,C079,0.332935214,0.993421078,A71EV2A-x5409a,8,0.044574499,TRUE,TRUE,FALSE
A71EV2A-x4351_A_201_0_1_A71EV2A-x0526+A+147+0+1__LIG,NC(=O)C[C@H]1CCCN(C2=NC=NC3=CC=CC=C32)C1,270.34,3,TRUE,1,10,10,TRUE,0.637,0.954,A71EV2A-x4351a,8,-67.383,TRUE,-0.084065634,0.056788006,C080,0.613970518,0.956856728,A71EV2A-x4351a,1,0.022573829,TRUE,TRUE,FALSE
A71EV2A-x5052_A_201_0_1_A71EV2A-x0526+A+147+0+1__LIG,NC(=O)[C@@H]1CCC(=O)N([C@@H]2CCCC3=C2C=CC=C3)C1,272.35,2,TRUE,1,10,10,TRUE,0.325,0.997,A71EV2A-x5052a,10,-104.302,TRUE,-0.233193826,-0.18853953,C013,0.208597064,1,A71EV2A-x5052a,3,0.116258085,TRUE,TRUE,FALSE
A71EV2A-x4312_A_201_0_1_A71EV2A-x0526+A+147+0+1__LIG,NC(=O)[C@H]1CC(=O)N(CC2=CC=CC3=C2OCC3)C1,260.29,3,TRUE,1,10,10,TRUE,0.330,0.992,A71EV2A-x4312a,10,-90.047,TRUE,-0.312065997,-0.087265515,C081,0.301986933,0.993986249,A71EV2A-x4312a,3,0.027962059,TRUE,TRUE,FALSE
A71EV2A-x4409_A_201_0_1_A71EV2A-x0526+A+147+0+1__LIG,NC(=O)[C@H]1CCC(=O)N(C[C@H]2CCOC3=C2C=CC=C3)C1,288.35,3,TRUE,1,10,10,TRUE,0.570,0.969,A71EV2A-x4409a,10,-95.978,TRUE,-0.28396073,-0.152587557,C082,0.569839716,0.968650818,A71EV2A-x4409a,10,0,TRUE,TRUE,FALSE
A71EV2A-x4420_A_201_0_1_A71EV2A-x0526+A+147+0+1__LIG,NC(=O)[C@H]1CCC(=O)N(CC2=CC3=NNC=C3C(Cl)=C2)C1,306.75,3,TRUE,1,10,10,TRUE,2.271,0.778,A71EV2A-x4420a,6,-84.127,TRUE,-0.270194579,-0.102767238,C083,0.551090002,0.967150152,A71EV2A-x4420a,7,1.719943762,FALSE,TRUE,TRUE
A71EV2A-x5635_A_4000_0_1_A71EV2A-x0526+A+147+0+1__LIG,NC(=O)[C@H]1CCC(=O)N(CC2=CC(F)=CN=C2[C@@](F)(F)F)C1,319.26,4,TRUE,2,20,20,TRUE,0.203,0.999,A71EV2A-x5635a,8,-100.554,TRUE,-0.223375332,-0.084765024,C004,0.159377813,1,A71EV2A-x5635a,4,0.043547988,TRUE,TRUE,FALSE
A71EV2A-x4880_A_201_0_1_A71EV2A-x0526+A+147+0+1__LIG,NC(=O)[C@H]1CCC(=O)N(CC2=CC=C3NC=CC3=C2)C1,271.32,3,TRUE,2,20,20,TRUE,1.813,0.830,A71EV2A-x4880a,1,-87.872,TRUE,-0.28634916,-0.122995482,C004,0.245370388,1,A71EV2A-x4880a,5,1.568043351,TRUE,TRUE,FALSE
A71EV2A-x4596_A_201_0_1_A71EV2A-x0526+A+147+0+1__LIG,NC(=O)[C@H]1CCC(=O)N(CC2=CC=C3C=CNC3=C2)C1,271.32,3,TRUE,2,20,20,TRUE,1.697,0.847,A71EV2A-x4596a,3,-81.375,TRUE,-0.28813239,-0.126054049,C004,0.330973923,0.992244542,A71EV2A-x4596a,2,1.365782559,TRUE,TRUE,FALSE
A71EV2A-x4921_A_201_0_1_A71EV2A-x0526+A+147+0+1__LIG,NC(=O)[C@H]1CCC(=O)N(CC2=CC(Cl)=CC=C2)C1,266.73,3,TRUE,1,10,10,TRUE,0.209,1.000,A71EV2A-x4921a,9,-105.040,TRUE,-0.296368691,-0.172023654,C004,0.15589571,1,A71EV2A-x4921a,7,0.053206488,TRUE,TRUE,FALSE
A71EV2A-x4924_A_4000_0_1_A71EV2A-x0526+A+147+0+1__LIG,NC(=O)[C@H]1CCC(=O)N(CC2=CC=CC(F)=C2)C1,250.27,3,TRUE,1,10,10,TRUE,1.590,0.853,A71EV2A-x4924a,9,-98.337,TRUE,-0.277722292,-0.151134756,C004,0.347377449,0.999108732,A71EV2A-x4924a,4,1.243084043,TRUE,TRUE,FALSE
A71EV2A-x4847_A_201_0_1_A71EV2A-x0526+A+147+0+1__LIG,NC(=O)[C@H]1CCC(=O)N(CC2=C3C=CNC3=CC=C2)C1,271.32,3,TRUE,1,10,10,TRUE,0.210,1.000,A71EV2A-x4847a,1,-92.827,TRUE,-0.298664072,-0.127020403,C004,0.209889978,1,A71EV2A-x4847a,1,0,TRUE,TRUE,FALSE
A71EV2A-x4324_A_201_0_1_A71EV2A-x0526+A+147+0+1__LIG,NC(=O)[C@H]1CCC(=O)N(CC2=CC=CC3=C2OCC3)C1,274.32,3,TRUE,1,10,10,TRUE,0.286,1.000,A71EV2A-x4324a,10,-99.947,TRUE,-0.284768839,-0.150504624,C004,0.212334991,1,A71EV2A-x4324a,4,0.074061453,TRUE,TRUE,FALSE
A71EV2A-x4315_A_201_0_1_A71EV2A-x0526+A+147+0+1__LIG,NC(=O)[C@H]1CCC(=O)N(CC2=CC=CC3=C2OCO3)C1,276.29,3,TRUE,1,10,10,TRUE,0.357,0.994,A71EV2A-x4315a,2,-96.307,TRUE,-0.282149312,-0.147259694,C004,0.305087507,1,A71EV2A-x4315a,4,0.051462352,TRUE,TRUE,FALSE
A71EV2A-x4490_A_201_0_1_A71EV2A-x0526+A+147+0+1__LIG,NC(=O)[C@H]1CCC(=O)N(CC2=C3NC=CC3=CC=C2)C1,271.32,3,TRUE,2,20,20,TRUE,0.375,0.997,A71EV2A-x4546a,10,-71.967,TRUE,-0.288089846,-0.141625048,C004,0.286394715,1,A71EV2A-x4546a,6,0.088368773,TRUE,TRUE,FALSE
A71EV2A-x4934_A_201_0_1_A71EV2A-x0526+A+147+0+1__LIG,NC(=O)[C@H]1CCC(=O)N(CC2=C(C3=CC=CN=C3)C=CC=C2)C1,309.37,4,TRUE,1,10,10,TRUE,0.343,1.000,A71EV2A-x4934a,6,-100.983,TRUE,-0.286320187,-0.101263189,C004,0.208040223,1,A71EV2A-x4934a,9,0.134787068,TRUE,TRUE,FALSE
A71EV2A-x5608_A_201_0_1_A71EV2A-x0526+A+147+0+1__LIG,NC(=O)[C@H]1CCC(=O)N(CC2=CSC=C2)C1,238.31,3,TRUE,2,20,20,TRUE,0.359,1.000,A71EV2A-x5608a,10,-100.115,TRUE,-0.25810101,-0.149913106,C004,0.177571088,1,A71EV2A-x5608a,2,0.181290776,TRUE,TRUE,FALSE
A71EV2A-x4537_A_201_0_1_A71EV2A-x0526+A+147+0+1__LIG,NC(=O)[C@H]1CCC(=O)N(CC2=CSC3=CC=CC=C23)C1,288.37,3,TRUE,1,10,10,TRUE,0.739,0.931,A71EV2A-x4537a,10,-100.262,TRUE,-0.309032571,-0.1453413,C004,0.73895669,0.929117143,A71EV2A-x4537a,1,0.000313997,TRUE,TRUE,FALSE
A71EV2A-x4611_A_201_0_1_A71EV2A-x0526+A+147+0+1__LIG,NC(=O)[C@H]1CCC(=O)N(CC2=NOC3=CC=CC=C32)C1,273.29,3,TRUE,2,20,20,TRUE,1.925,0.829,A71EV2A-x4611a,8,-94.781,TRUE,-0.309474806,-0.120149018,C004,0.279016942,1,A71EV2A-x4611a,7,1.645666629,TRUE,TRUE,FALSE
A71EV2A-x5665_A_4000_0_1_A71EV2A-x0526+A+147+0+1__LIG,NC(=O)[C@H]1CCC(=O)N([C@@H](C[C@@](F)(F)F)C2=CC(Cl)=CC(Cl)=C2)C1,383.2,5,TRUE,1,10,10,TRUE,0.560,0.969,A71EV2A-x5665a,10,-106.649,TRUE,-0.193934229,-0.104991228,C016,0.263911277,1,A71EV2A-x5665a,2,0.296109587,TRUE,TRUE,FALSE
A71EV2A-x5073_A_201_0_1_A71EV2A-x0526+A+147+0+1__LIG,NC(=O)[C@H]1CCC(=O)N([C@@H]2CCCC3=C2C=CC=C3)C1,272.35,2,TRUE,1,10,10,TRUE,0.242,1.000,A71EV2A-x5073a,1,-99.060,TRUE,-0.233193826,-0.18853953,C013,0.162971914,1,A71EV2A-x5073a,3,0.078579247,TRUE,TRUE,FALSE
A71EV2A-x5210_A_201_0_1_A71EV2A-x0526+A+147+0+1__LIG,NC(=O)[C@H]1CCC(=O)N([C@H]2CCCC3=C2C=CC=C3)C1,272.35,2,TRUE,2,20,20,TRUE,0.338,0.995,A71EV2A-x5210a,3,-99.544,TRUE,-0.233193826,-0.18853953,C013,0.25539133,0.997619033,A71EV2A-x5210b,6,0.082889378,TRUE,TRUE,FALSE
A71EV2A-x6714_A_4000_0_1_A71EV2A-x0526+A+147+0+1__LIG,NC(=O)[C@H]1CCC(=O)N(C2=CC3=CN=CC=C3C(F)=C2F)C1,305.28,2,TRUE,1,10,10,TRUE,0.266,0.999,A71EV2A-x6714a,7,-91.588,TRUE,-0.219540103,-0.087017956,C084,0.176769957,1,A71EV2A-x6714a,5,0.088992849,TRUE,TRUE,FALSE
A71EV2A-x5460_A_201_0_1_A71EV2A-x0526+A+147+0+1__LIG,NC(=O)[C@H]1CCC(=O)N(C2=C3C=CC=CC3=CC=C2)C1,268.32,2,TRUE,1,10,10,TRUE,0.320,0.995,A71EV2A-x5460a,3,-87.037,TRUE,-0.29989792,-0.163630878,C013,0.250298768,0.998592854,A71EV2A-x5460a,10,0.069645405,TRUE,TRUE,FALSE
A71EV2A-x4563_A_201_0_1_A71EV2A-x0526+A+147+0+1__LIG,NC(=O)[C@H]1CCC(=O)N(C2=CC=CC=C2)C1,218.26,2,TRUE,1,10,10,TRUE,0.298,1.000,A71EV2A-x4563a,8,-85.457,TRUE,-0.270726181,-0.180374076,C013,0.153915107,1,A71EV2A-x4563a,3,0.144493312,TRUE,TRUE,FALSE
A71EV2A-x4538_A_201_0_1_A71EV2A-x0526+A+147+0+1__LIG,NC(=O)[C@H]1CCCN(C(=O)[C@](F)(F)C2=CC=CC(F)=C2Br)C1,379.18,4,TRUE,1,10,10,TRUE,1.945,0.818,A71EV2A-x4538a,4,-88.333,TRUE,0.063566151,-0.255097366,C043,0.284895152,1,A71EV2A-x4538a,7,1.660441905,TRUE,TRUE,FALSE
A71EV2A-x4516_A_201_0_1_A71EV2A-x0526+A+147+0+1__LIG,NC(=O)[C@H]1CCCN(C(=O)[C@](F)(F)C2=C(Cl)SN=C2)C1,323.75,4,TRUE,3,30,30,TRUE,0.214,1.000,A71EV2A-x4541b,6,-104.524,TRUE,0.093564778,-0.226860646,C043,0.181117773,1,A71EV2A-x4541b,8,0.033173978,TRUE,TRUE,FALSE
A71EV2A-x3982_A_201_0_1_A71EV2A-x0526+A+147+0+1__LIG,NC(=O)[C@H]1CCCN(C(=O)[C@H](C2=CC=CC=C2)C2=CC=CC=C2)C1,322.41,5,TRUE,1,10,10,TRUE,0.729,0.970,A71EV2A-x3982a,4,-94.080,TRUE,0.071056823,-0.307001521,C008,0.474510103,0.982913673,A71EV2A-x3982a,6,0.254443556,TRUE,TRUE,FALSE
A71EV2A-x4708_A_201_0_1_A71EV2A-x0526+A+147+0+1__LIG,NC(=O)[C@H]1CCCN(C(=O)[C@@]2(O)CCSCC2)C1,272.37,3,TRUE,1,10,10,TRUE,0.636,0.959,A71EV2A-x4708a,4,-95.208,TRUE,0.16475657,-0.260360202,C014,0.366104364,0.995108724,A71EV2A-x4708a,10,0.269679546,TRUE,TRUE,FALSE
A71EV2A-x4496_A_201_0_1_A71EV2A-x0526+A+147+0+1__LIG,NC(=O)[C@H]1CCCN(C(=O)[C@@]2(C3=CC=NN3[C@@](F)(F)F)CC2)C1,330.31,5,TRUE,1,10,10,TRUE,2.364,0.694,A71EV2A-x4496a,5,-62.944,TRUE,0.094511689,-0.183301784,C044,0.331984937,0.99386251,A71EV2A-x4496a,1,2.032130778,FALSE,TRUE,TRUE
A71EV2A-x4514_A_201_0_1_A71EV2A-x0526+A+147+0+1__LIG,NC(=O)[C@H]1CCCN(C(=O)[C@@]2(C3=COC=C3)CCC2)C1,276.34,4,TRUE,2,20,20,TRUE,0.820,0.909,A71EV2A-x4575a,4,-55.110,TRUE,0.080594582,-0.230293515,C044,0.344115227,0.993797719,A71EV2A-x4514a,5,0.475599974,TRUE,TRUE,FALSE
A71EV2A-x4467_A_201_0_1_A71EV2A-x0526+A+147+0+1__LIG,NC(=O)[C@H]1CCCN(C(=O)[C@@]2(N3C=CC=N3)CCCC2)C1,290.37,4,TRUE,1,10,10,TRUE,0.962,0.881,A71EV2A-x4467a,5,-78.986,TRUE,0.113174505,-0.217542295,C085,0.961988389,0.881140351,A71EV2A-x4467a,5,0,TRUE,TRUE,FALSE
A71EV2A-x4706_A_201_0_1_A71EV2A-x0526+A+147+0+1__LIG,NC(=O)[C@H]1CCCN(C(=O)[C@@H]2CCSCC2)C1,256.37,3,TRUE,1,10,10,TRUE,0.994,0.917,A71EV2A-x4706a,7,-96.118,TRUE,0.190929903,-0.298530571,C014,0.792312205,0.943638384,A71EV2A-x4706a,5,0.201526284,TRUE,TRUE,FALSE
A71EV2A-x4707_A_201_0_1_A71EV2A-x0526+A+147+0+1__LIG,NC(=O)[C@H]1CCCN(C(=O)C[C@@H]2CSC2)C1,242.34,4,TRUE,1,10,10,TRUE,0.698,0.934,A71EV2A-x4707a,10,-72.201,TRUE,0.238996657,-0.194630005,C014,0.298941761,1,A71EV2A-x4707a,9,0.399520963,TRUE,TRUE,FALSE
A71EV2A-x4528_A_201_0_1_A71EV2A-x0526+A+147+0+1__LIG,NC(=O)[C@H]1CCCN(C(=O)CN2CCOC3=CC=C(Cl)C=C32)C1,337.81,4,TRUE,2,20,20,TRUE,0.388,0.998,A71EV2A-x4528a,6,-99.166,TRUE,0.102122603,-0.175679333,C023,0.387500793,0.998307943,A71EV2A-x4528a,6,0,TRUE,TRUE,FALSE
A71EV2A-x4381_A_201_0_1_A71EV2A-x0526+A+147+0+1__LIG,NC(=O)[C@H]1CCCN(C(=O)CC2=CC([C@](F)(F)F)=CC=C2[C@@](F)(F)F)C1,382.3,6,TRUE,1,10,10,TRUE,3.758,0.628,A71EV2A-x4381a,9,-103.406,TRUE,0.213292313,-0.094755459,C001,0.730989218,0.94448477,A71EV2A-x4381a,4,3.027394056,FALSE,TRUE,TRUE
A71EV2A-x3208_A_201_0_1_A71EV2A-x0526+A+147+0+1__LIG,NC(=O)[C@H]1CCCN(C(=O)CC2=CC([C@](F)(F)F)=CC=C2Cl)C1,348.75,5,TRUE,1,10,10,TRUE,0.380,0.987,A71EV2A-x3208a,1,-112.663,TRUE,0.207006082,-0.106271528,C001,0.310878783,0.991596639,A71EV2A-x3208a,3,0.069385678,TRUE,TRUE,FALSE
A71EV2A-x4882_A_201_0_1_A71EV2A-x0526+A+147+0+1__LIG,NC(=O)[C@H]1CCCN(C(=O)CC2=CC(F)=C(F)C=C2Br)C1,361.19,4,TRUE,2,20,20,TRUE,0.241,1.000,A71EV2A-x4882a,7,-107.087,TRUE,0.229282494,-0.088428056,C001,0.240722999,1,A71EV2A-x4882a,7,0,TRUE,TRUE,FALSE
A71EV2A-x4380_A_201_0_1_A71EV2A-x0526+A+147+0+1__LIG,NC(=O)[C@H]1CCCN(C(=O)CC2=CC(F)=CC=C2Cl)C1,298.75,4,TRUE,1,10,10,TRUE,0.387,0.986,A71EV2A-x4380a,7,-105.040,TRUE,0.205476756,-0.132760499,C001,0.372447729,0.991176486,A71EV2A-x4380a,4,0.014512807,TRUE,TRUE,FALSE
A71EV2A-x4673_A_201_0_1_A71EV2A-x0526+A+147+0+1__LIG,NC(=O)[C@H]1CCCN(C(=O)CC2=CC3=C(C=C2Br)OCO3)C1,369.22,4,TRUE,2,20,20,TRUE,0.235,0.998,A71EV2A-x4673b,7,-105.027,TRUE,0.219053469,-0.096038996,C001,0.189079255,1,A71EV2A-x4673a,7,0.046193689,TRUE,TRUE,FALSE
A71EV2A-x4669_A_201_0_1_A71EV2A-x0526+A+147+0+1__LIG,NC(=O)[C@H]1CCCN(C(=O)CC2=CC3=C(C=C2Cl)OCCO3)C1,338.79,4,TRUE,2,20,20,TRUE,0.366,0.992,A71EV2A-x4669a,3,-113.026,TRUE,0.204790326,-0.109042555,C001,0.240052819,0.998584926,A71EV2A-x4669b,1,0.125663072,TRUE,TRUE,FALSE
A71EV2A-x4644_A_201_0_1_A71EV2A-x0526+A+147+0+1__LIG,NC(=O)[C@H]1CCCN(C(=O)CC2=CC=C(F)C(F)=C2Br)C1,361.19,4,TRUE,2,20,20,TRUE,0.394,0.985,A71EV2A-x4644a,6,-97.749,TRUE,0.216257719,-0.116053551,C001,0.171197996,1,A71EV2A-x4644b,1,0.222760603,TRUE,TRUE,FALSE
A71EV2A-x4320_A_201_0_1_A71EV2A-x0526+A+147+0+1__LIG,NC(=O)[C@H]1CCCN(C(=O)CC2=CC=C3NC(=O)CCC3=C2)C1,315.37,4,TRUE,1,10,10,TRUE,1.009,0.943,A71EV2A-x4320a,8,-103.234,TRUE,0.137851614,-0.12135521,C026,1.009339213,0.942967415,A71EV2A-x4320a,8,0,TRUE,TRUE,FALSE
A71EV2A-x4336_A_201_0_1_A71EV2A-x0526+A+147+0+1__LIG,NC(=O)[C@H]1CCCN(C(=O)CC2=CC=CC(Cl)=C2Cl)C1,315.2,4,TRUE,1,10,10,TRUE,0.559,0.966,A71EV2A-x4336a,7,-98.266,TRUE,0.207370179,-0.151978457,C001,0.332128495,0.998560488,A71EV2A-x4336a,9,0.226962954,TRUE,TRUE,FALSE
A71EV2A-x4344_A_201_0_1_A71EV2A-x0526+A+147+0+1__LIG,NC(=O)[C@H]1CCCN(C(=O)CC2=CC=CC3=C2CCC3)C1,286.38,4,TRUE,1,10,10,TRUE,0.922,0.932,A71EV2A-x4344a,4,-96.519,TRUE,0.174896131,-0.142577929,C001,0.274060339,0.996810198,A71EV2A-x4344a,7,0.647444636,TRUE,TRUE,FALSE
A71EV2A-x4365_A_201_0_1_A71EV2A-x0526+A+147+0+1__LIG,NC(=O)[C@H]1CCCN(C(=O)CC2=C3OCCOC3=CC=C2)C1,304.35,4,TRUE,2,20,20,TRUE,2.488,0.748,A71EV2A-x4365b,6,-108.963,TRUE,0.17091718,-0.128029847,C001,0.407649636,0.989530981,A71EV2A-x4365a,2,2.080292106,FALSE,TRUE,TRUE
A71EV2A-x4373_A_201_0_1_A71EV2A-x0526+A+147+0+1__LIG,NC(=O)[C@H]1CCCN(C(=O)CC2=CC=CC3=C2OCO3)C1,290.32,4,TRUE,1,10,10,TRUE,0.331,1.000,A71EV2A-x4373a,5,-93.478,TRUE,0.175417082,-0.130548758,C001,0.238730088,1,A71EV2A-x4373a,10,0.091889337,TRUE,TRUE,FALSE
A71EV2A-x5151_A_201_0_1_A71EV2A-x0526+A+147+0+1__LIG,NC(=O)[C@H]1CCCN(C(=O)CC2=CC=CC3=C2SCC3)C1,304.42,4,TRUE,1,10,10,TRUE,0.346,0.991,A71EV2A-x5151a,4,-97.335,TRUE,0.156456182,-0.139148536,C001,0.305858701,0.995346844,A71EV2A-x5151a,9,0.040234566,TRUE,TRUE,FALSE
A71EV2A-x4908_A_201_0_1_A71EV2A-x0526+A+147+0+1__LIG,NC(=O)[C@H]1CCCN(C(=O)CC2=C3OC=CC3=CC=C2)C1,286.33,4,TRUE,1,10,10,TRUE,0.348,1.000,A71EV2A-x4908a,7,-89.673,TRUE,0.168050656,-0.12628501,C001,0.253141701,1,A71EV2A-x4908a,9,0.095267087,TRUE,TRUE,FALSE
A71EV2A-x3210_A_201_0_1_A71EV2A-x0526+A+147+0+1__LIG,NC(=O)[C@H]1CCCN(C(=O)CC2=C3NN=CC3=CC=C2)C1,286.34,4,TRUE,1,10,10,TRUE,0.404,1.000,A71EV2A-x3210a,4,-87.172,TRUE,0.164549547,-0.106374941,C001,0.317809343,1,A71EV2A-x3210a,3,0.08631444,TRUE,TRUE,FALSE
A71EV2A-x5221_A_201_0_1_A71EV2A-x0526+A+147+0+1__LIG,NC(=O)[C@H]1CCCN(C(=O)CC2=C3SC=NC3=CC=C2)C1,303.39,4,TRUE,1,10,10,TRUE,0.335,0.996,A71EV2A-x5221a,9,-106.995,TRUE,0.186742394,-0.074868297,C001,0.294807941,1,A71EV2A-x5221a,8,0.040070146,TRUE,TRUE,FALSE
A71EV2A-x4346_A_201_0_1_A71EV2A-x0526+A+147+0+1__LIG,NC(=O)[C@H]1CCCN(C(=O)CC2=CC=CC3=NON=C23)C1,288.31,4,TRUE,1,10,10,TRUE,0.319,0.998,A71EV2A-x4346a,3,-94.716,TRUE,0.168959728,-0.093305111,C001,0.226687133,1,A71EV2A-x4346a,8,0.092140526,TRUE,TRUE,FALSE
A71EV2A-x4463_A_201_0_1_A71EV2A-x0526+A+147+0+1__LIG,NC(=O)[C@H]1CCCN(C(=O)CC2=CC=CC3=NSN=C23)C1,304.38,4,TRUE,1,10,10,TRUE,0.288,0.997,A71EV2A-x4463a,1,-109.451,TRUE,0.173619843,-0.099579276,C001,0.171059996,1,A71EV2A-x4463a,2,0.117180765,TRUE,TRUE,FALSE
A71EV2A-x3191_A_201_0_1_A71EV2A-x0526+A+147+0+1__LIG,NC(=O)[C@H]1CCCN(C(=O)CC2=C3C=COC3=CC=C2)C1,286.33,4,TRUE,1,10,10,TRUE,0.316,1.000,A71EV2A-x3191a,1,-93.766,TRUE,0.166735993,-0.122176464,C001,0.264343649,0.992030203,A71EV2A-x3191a,8,0.051962674,TRUE,TRUE,FALSE
A71EV2A-x4341_A_201_0_1_A71EV2A-x0526+A+147+0+1__LIG,NC(=O)[C@H]1CCCN(C(=O)CC2=C3C=CSC3=CC=C2)C1,302.4,4,TRUE,1,10,10,TRUE,2.917,0.609,A71EV2A-x4341a,5,-81.820,TRUE,0.167038124,-0.129522389,C001,1.611266851,0.779172301,A71EV2A-x4341a,6,1.305376291,FALSE,TRUE,TRUE
A71EV2A-x4650_A_201_0_1_A71EV2A-x0526+A+147+0+1__LIG,NC(=O)[C@H]1CCCN(C(=O)CC2=CC=CC=C2[C@@](F)(F)F)C1,314.31,5,TRUE,1,10,10,TRUE,0.338,0.994,A71EV2A-x4650a,9,-92.626,TRUE,0.181551055,-0.140023759,C001,0.337835431,0.994363904,A71EV2A-x4650a,9,0,TRUE,TRUE,FALSE
A71EV2A-x4374_A_201_0_1_A71EV2A-x0526+A+147+0+1__LIG,NC(=O)[C@H]1CCCN(C(=O)CC2=CC=CC=C2CO)C1,276.34,5,TRUE,2,20,20,TRUE,0.334,0.998,A71EV2A-x4374a,2,-111.760,TRUE,0.190359823,-0.136767284,C001,0.267678231,1,A71EV2A-x4374a,7,0.066273183,TRUE,TRUE,FALSE
A71EV2A-x4403_A_201_0_1_A71EV2A-x0526+A+147+0+1__LIG,NC(=O)[C@H]1CCCN(C(=O)CC2=CC=CC=C2C[S@](N)(=O)=O)C1,339.42,6,TRUE,1,10,10,TRUE,0.279,0.996,A71EV2A-x4403a,8,-101.480,TRUE,0.179254416,-0.131124492,C001,0.279231638,0.996070743,A71EV2A-x4403a,8,0,TRUE,TRUE,FALSE
A71EV2A-x5394_A_201_0_1_A71EV2A-x0526+A+147+0+1__LIG,NC(=O)[C@H]1CCCN(C(=O)CC2=CC=CC=C2Cl)C1,280.76,4,TRUE,2,20,20,TRUE,0.251,0.998,A71EV2A-x5394a,7,-108.466,TRUE,0.198101711,-0.155395367,C001,0.236735448,1,A71EV2A-x5394b,4,0.014332578,TRUE,TRUE,FALSE
A71EV2A-x4319_A_201_0_1_A71EV2A-x0526+A+147+0+1__LIG,NC(=O)[C@H]1CCCN(C(=O)CC2=CC=CC=C2O[C@@H](F)F)C1,312.32,6,TRUE,1,10,10,TRUE,2.579,0.655,A71EV2A-x4319a,9,-95.305,TRUE,0.14186041,-0.153181094,C001,2.579478741,0.654715776,A71EV2A-x4319a,9,0,FALSE,FALSE,FALSE
A71EV2A-x4342_A_201_0_1_A71EV2A-x0526+A+147+0+1__LIG,NC(=O)[C@H]1CCCN(C(=O)CC2=CC=CN=C2[C@@](F)(F)F)C1,315.3,5,TRUE,1,10,10,TRUE,2.831,0.697,A71EV2A-x4342a,6,-86.717,TRUE,0.19709357,-0.07857525,C001,1.072280884,0.89775908,A71EV2A-x4342a,2,1.759000063,FALSE,TRUE,TRUE
A71EV2A-x5079_A_201_0_1_A71EV2A-x0526+A+147+0+1__LIG,NC(=O)[C@H]1CCCN(C(=O)CC2=CC=CN=C2Cl)C1,281.74,4,TRUE,2,20,20,TRUE,0.214,1.000,A71EV2A-x5079a,6,-110.575,TRUE,0.212130843,-0.084562447,C001,0.190493912,1,A71EV2A-x5079a,5,0.023652673,TRUE,TRUE,FALSE
A71EV2A-x3963_A_201_0_1_A71EV2A-x0526+A+147+0+1__LIG,NC(=O)[C@H]1CCCN(C(=O)CC2=CC=CN=C2N)C1,262.31,4,TRUE,4,40,40,TRUE,0.199,1.000,A71EV2A-x4489b,3,-109.419,TRUE,0.206628601,-0.065762864,C001,0.198950484,1,A71EV2A-x4489b,3,0,TRUE,TRUE,FALSE
A71EV2A-x4372_A_201_0_1_A71EV2A-x0526+A+147+0+1__LIG,NC(=O)[C@H]1CCCN(C(=O)CC2=CC=CN=C2O)C1,263.3,4,TRUE,1,10,10,TRUE,1.680,0.842,A71EV2A-x4372a,5,-104.137,TRUE,0.215207497,-0.077389783,C001,0.60978508,0.957547188,A71EV2A-x4372a,4,1.06993854,TRUE,TRUE,FALSE
A71EV2A-x3193_A_201_0_1_A71EV2A-x0526+A+147+0+1__LIG,NC(=O)[C@H]1CCCN(C(=O)CC2=CC=NC(Cl)=C2Br)C1,360.64,4,TRUE,1,10,10,TRUE,0.417,0.990,A71EV2A-x3193a,5,-104.966,TRUE,0.226303744,-0.069601799,C001,0.333938986,1,A71EV2A-x3193a,7,0.083053082,TRUE,TRUE,FALSE
A71EV2A-x5213_A_201_0_1_A71EV2A-x0526+A+147+0+1__LIG,NC(=O)[C@H]1CCCN(C(=O)CC2=NC(Cl)=NC=C2)C1,282.73,4,TRUE,2,20,20,TRUE,0.225,1.000,A71EV2A-x5213b,6,-114.455,TRUE,0.216394941,-0.092798511,C001,0.197527543,1,A71EV2A-x5213b,7,0.02703543,TRUE,TRUE,FALSE
A71EV2A-x3207_A_201_0_1_A71EV2A-x0526+A+147+0+1__LIG,NC(=O)[C@H]1CCCN(C(=O)CC2=CC=NC(N)=C2)C1,262.31,4,TRUE,1,10,10,TRUE,0.307,1.000,A71EV2A-x3207a,9,-108.828,TRUE,0.215877403,-0.065757318,C001,0.25510186,1,A71EV2A-x3207a,1,0.051543504,TRUE,TRUE,FALSE
A71EV2A-x4343_A_201_0_1_A71EV2A-x0526+A+147+0+1__LIG,NC(=O)[C@H]1CCCN(C(=O)CC2=CC=NC(O)=C2Br)C1,342.19,4,TRUE,2,20,20,TRUE,0.327,0.995,A71EV2A-x4343b,8,-108.396,TRUE,0.240715313,-0.044814363,C001,0.327405512,0.995495498,A71EV2A-x4343b,8,0,TRUE,TRUE,FALSE
A71EV2A-x4461_A_201_0_1_A71EV2A-x0526+A+147+0+1__LIG,NC(=O)[C@H]1CCCN(C(=O)CC2=CC=NC=C2Cl)C1,281.74,4,TRUE,1,10,10,TRUE,0.292,0.998,A71EV2A-x4461a,3,-99.831,TRUE,0.215794171,-0.100932219,C001,0.205802679,1,A71EV2A-x4461a,9,0.086046606,TRUE,TRUE,FALSE
A71EV2A-x5425_A_201_0_1_A71EV2A-x0526+A+147+0+1__LIG,NC(=O)[C@H]1CCCN(C(=O)CC2=CSC=C2)C1,252.34,4,TRUE,2,20,20,TRUE,0.296,0.996,A71EV2A-x5425a,9,-100.457,TRUE,0.222984137,-0.142040892,C001,0.24825491,1,A71EV2A-x5425a,8,0.047699139,TRUE,TRUE,FALSE
A71EV2A-x4292_A_201_0_1_A71EV2A-x0526+A+147+0+1__LIG,NC(=O)[C@H]1CCCN(C(=O)CC2=CN=CC=C2[C@@](F)(F)F)C1,315.3,5,TRUE,1,10,10,TRUE,0.266,1.000,A71EV2A-x4292a,7,-110.201,TRUE,0.205089041,-0.088986203,C001,0.222725704,1,A71EV2A-x4292a,6,0.042862669,TRUE,TRUE,FALSE
A71EV2A-x5081_A_201_0_1_A71EV2A-x0526+A+147+0+1__LIG,NC(=O)[C@H]1CCCN(C(=O)CC2=CN=CN=C2Cl)C1,282.73,4,TRUE,2,20,20,TRUE,0.222,1.000,A71EV2A-x5081a,8,-110.430,TRUE,0.272758299,-0.047651286,C001,0.184227332,1,A71EV2A-x5081a,9,0.037638187,TRUE,TRUE,FALSE
A71EV2A-x4519_A_201_0_1_A71EV2A-x0526+A+147+0+1__LIG,NC(=O)[C@H]1CCCN(C(=O)CC2=NC=C3C=CC(Br)=CN32)C1,365.23,4,TRUE,4,40,40,TRUE,0.221,1.000,A71EV2A-x4580a,2,-91.755,TRUE,0.196635564,-0.06798654,C086,0.220951021,1,A71EV2A-x4580a,2,0,TRUE,TRUE,FALSE
A71EV2A-x4979_A_201_0_1_A71EV2A-x0526+A+147+0+1__LIG,NC(=O)[C@H]1CCCN(C(=O)CC2=NC=NC=C2Cl)C1,282.73,4,TRUE,2,20,20,TRUE,0.197,1.000,A71EV2A-x4979b,10,-108.981,TRUE,0.261730459,-0.068666397,C017,0.176252171,1,A71EV2A-x4979a,5,0.020690441,TRUE,TRUE,FALSE
A71EV2A-x4540_A_201_0_1_A71EV2A-x0526+A+147+0+1__LIG,NC(=O)[C@H]1CCCN(C(=O)CN2C=C(Br)C=C(Cl)C2=O)C1,376.64,4,TRUE,1,10,10,TRUE,2.322,0.734,A71EV2A-x4540a,7,-115.373,TRUE,0.134445026,-0.161412098,C031,0.280020565,1,A71EV2A-x4540a,4,2.042227179,FALSE,TRUE,TRUE
A71EV2A-x3417_A_201_0_1_A71EV2A-x0526+A+147+0+1__LIG,NC(=O)[C@H]1CCCN(C(=O)NC[C@@H]2CC2)C1,225.29,5,TRUE,1,10,10,TRUE,0.229,1.000,A71EV2A-x3417a,8,-118.225,TRUE,0.158677359,-0.272519956,C020,0.193601042,1,A71EV2A-x3417a,7,0.034926757,TRUE,TRUE,FALSE
A71EV2A-x4308_A_201_0_1_A71EV2A-x0526+A+147+0+1__LIG,NC(=O)[C@H]1CCCN(C(=O)NC2=CC3=C(C=C2Cl)OCO3)C1,325.75,4,TRUE,1,10,10,TRUE,0.356,1.000,A71EV2A-x4308a,5,-112.090,TRUE,0.071707425,-0.287515936,C003,0.244907871,0.997632563,A71EV2A-x4308a,3,0.110882774,TRUE,TRUE,FALSE
A71EV2A-x4654_A_201_0_1_A71EV2A-x0526+A+147+0+1__LIG,NC(=O)[C@H]1CCCN(C(=O)NC2=C3C(=CC=C2)CCC[S@@]3(=O)=O)C1,351.43,4,TRUE,1,10,10,TRUE,0.632,0.957,A71EV2A-x4654a,5,-114.672,TRUE,0.019812357,-0.313890486,C003,0.360267907,0.999567449,A71EV2A-x4654a,8,0.272146374,TRUE,TRUE,FALSE
A71EV2A-x4674_A_201_0_1_A71EV2A-x0526+A+147+0+1__LIG,NC(=O)[C@H]1CCCN(C(=O)NC2=C3SCCCC3=CC=C2)C1,319.43,4,TRUE,3,30,30,TRUE,0.817,0.928,A71EV2A-x4674c,7,-122.328,TRUE,0.026168642,-0.327026148,C003,0.587109685,0.970489025,A71EV2A-x4674a,5,0.229622662,TRUE,TRUE,FALSE
A71EV2A-x5793_A_4000_0_1_A71EV2A-x0526+A+147+0+1__LIG,NC(=O)[C@H]1CCCN(C(=O)NC2=CC=CC=C2Cl)C1,281.74,4,TRUE,2,20,20,TRUE,0.367,0.997,A71EV2A-x5793b,8,-126.542,TRUE,0.053398542,-0.360533022,C003,0.204698578,1,A71EV2A-x5793b,4,0.162352577,TRUE,TRUE,FALSE
A71EV2A-x3612_A_201_0_1_A71EV2A-x0526+A+147+0+1__LIG,NC(=O)[C@H]1CCCN(C(=O)NC2=CC=CC=C2F)C1,265.29,4,TRUE,1,10,10,TRUE,0.178,1.000,A71EV2A-x3612a,4,-122.100,TRUE,0.05190142,-0.346689442,C003,0.17807287,1,A71EV2A-x3612a,4,0,TRUE,TRUE,FALSE
A71EV2A-x4306_A_201_0_1_A71EV2A-x0526+A+147+0+1__LIG,NC(=O)[C@H]1CCCN(C(=O)NC2=CC=CC=C2OC[C@](F)(F)F)C1,345.32,7,TRUE,1,10,10,TRUE,0.261,0.998,A71EV2A-x4306a,8,-131.898,TRUE,0.025347192,-0.290475355,C003,0.260967284,0.998145401,A71EV2A-x4306a,8,0,TRUE,TRUE,FALSE
A71EV2A-x4656_A_201_0_1_A71EV2A-x0526+A+147+0+1__LIG,NC(=O)[C@H]1CCCN(C(=O)NC2=CC=CC=C2S[C@H](F)F)C1,329.37,6,TRUE,1,10,10,TRUE,0.233,1.000,A71EV2A-x4656a,5,-111.496,TRUE,0.02729295,-0.25529781,C003,0.200621486,1,A71EV2A-x4656a,2,0.032712296,TRUE,TRUE,FALSE
A71EV2A-x4959_A_201_0_1_A71EV2A-x0526+A+147+0+1__LIG,NC(=O)[C@H]1CCCN(C(=O)NC2=C(S[C@@H]3CC3)C=CC=C2)C1,319.43,6,TRUE,2,20,20,TRUE,1.069,0.907,A71EV2A-x4959b,2,-116.532,TRUE,0.035358642,-0.25633796,C001,0.744531572,0.936521769,A71EV2A-x4959a,6,0.324001014,TRUE,TRUE,FALSE
A71EV2A-x5351_A_201_0_1_A71EV2A-x0526+A+147+0+1__LIG,NC(=O)[C@H]1CCCN(C(=O)O[C@@H]2CCCCC2)C1,254.33,4,TRUE,1,10,10,TRUE,0.224,1.000,A71EV2A-x5351a,6,-96.336,TRUE,0.167029197,-0.279498,C014,0.223736659,1,A71EV2A-x5351a,6,0,TRUE,TRUE,FALSE
A71EV2A-x5401_A_4000_0_1_A71EV2A-x0526+A+147+0+1__LIG,NC(=O)[C@H]1CCCN(C(=O)OC2=CC=CC=C2)C1,248.28,4,TRUE,1,10,10,TRUE,0.394,0.996,A71EV2A-x5401a,6,-95.620,TRUE,0.066759249,-0.291466821,C003,0.345546305,0.997916639,A71EV2A-x5401a,5,0.048118055,TRUE,TRUE,FALSE
A71EV2A-x5402_A_201_0_1_A71EV2A-x0526+A+147+0+1__LIG,NC(=O)[C@H]1CCCN(C(=O)OC2=CC=CC=C2F)C1,266.27,4,TRUE,1,10,10,TRUE,0.328,0.999,A71EV2A-x5402a,3,-98.974,TRUE,0.039613572,-0.290969877,C003,0.319657266,0.999521077,A71EV2A-x5402a,10,0.008585483,TRUE,TRUE,FALSE
A71EV2A-x5576_A_4000_0_1_A71EV2A-x0526+A+147+0+1__LIG,NC(=O)[C@H]1CCCN(C(=O)OC2=CC=CC=C2N2CCCCC2)C1,331.42,5,TRUE,2,20,20,TRUE,1.186,0.904,A71EV2A-x5576b,6,-100.104,TRUE,0.035611789,-0.267928917,C003,0.347697377,0.999058366,A71EV2A-x5576a,6,0.838701487,TRUE,TRUE,FALSE
A71EV2A-x3981_A_201_0_1_A71EV2A-x0526+A+147+0+1__LIG,NC(=O)[C@H]1CCCN(C(=O)[C@@H](CCC2=CC=CC=C2)C2=CC=CC=C2)C1,350.46,7,TRUE,1,10,10,TRUE,1.965,0.891,A71EV2A-x3981a,2,-105.652,TRUE,0.043906544,-0.259487612,C008,1.565258741,0.929887831,A71EV2A-x3981a,6,0.399373889,TRUE,TRUE,FALSE
A71EV2A-x3975_A_201_0_1_A71EV2A-x0526+A+147+0+1__LIG,NC(=O)[C@H]1CCCN(C(=O)[C@@H](CN2CCCC2)C2=CC=CC=C2)C1,329.44,6,TRUE,1,10,10,TRUE,0.320,0.999,A71EV2A-x3975a,6,-102.544,TRUE,0.053963182,-0.257887106,C008,0.276968271,0.999152541,A71EV2A-x3975a,3,0.04315877,TRUE,TRUE,FALSE
A71EV2A-x4237_A_201_A_1_A71EV2A-x0526+A+147+0+1_ALIG,NC(=O)[C@H]1CCCN(C(=O)[C@@H](CC2=CC=C(F)C=C2)C2=CC=CC=C2)C1,354.43,6,TRUE,4,40,40,TRUE,0.819,0.949,A71EV2A-x4237b,3,-103.430,TRUE,0.031358991,-0.262124576,C008,0.401694953,0.996515691,A71EV2A-x4237b,9,0.417119265,TRUE,TRUE,FALSE
A71EV2A-x3986_A_201_0_1_A71EV2A-x0526+A+147+0+1__LIG,NC(=O)[C@H]1CCCN(C(=O)[C@@H](SC2=CC=CC=C2)C2=CC=CC=C2)C1,354.48,6,TRUE,2,20,20,TRUE,1.526,0.776,A71EV2A-x3986a,9,-94.415,TRUE,0.047769976,-0.228806457,C008,0.741837621,0.947723448,A71EV2A-x3986b,9,0.784583092,TRUE,TRUE,FALSE
A71EV2A-x3218_A_201_0_1_A71EV2A-x0526+A+147+0+1__LIG,NC(=O)[C@H]1CCCN(C(=O)[C@@H]2CCNC3=C2C=NN3)C1,277.33,3,TRUE,1,10,10,TRUE,0.296,0.991,A71EV2A-x3218a,8,-101.194,TRUE,0.106540048,-0.213256077,C022,0.276435882,0.990636706,A71EV2A-x3218a,1,0.019719988,TRUE,TRUE,FALSE
A71EV2A-x4786_A_201_0_1_A71EV2A-x0526+A+147+0+1__LIG,NC(=O)[C@H]1CCCN(C(=O)[C@@H]2CCSC2)C1,242.34,3,TRUE,1,10,10,TRUE,0.430,0.989,A71EV2A-x4786a,5,-95.836,TRUE,0.177578774,-0.288545655,C014,0.319109052,0.997044921,A71EV2A-x4786a,1,0.110474676,TRUE,TRUE,FALSE
A71EV2A-x4742_A_201_0_1_A71EV2A-x0526+A+147+0+1__LIG,NC(=O)[C@H]1CCCN(C(=O)[C@@H]2CCSC3=C2C=CC=C3)C1,304.42,3,TRUE,2,20,20,TRUE,0.262,1.000,A71EV2A-x4742b,7,-106.573,TRUE,0.052451,-0.294027677,C009,0.249833837,1,A71EV2A-x4742b,3,0.01263161,TRUE,TRUE,FALSE
A71EV2A-x4456_A_201_0_1_A71EV2A-x0526+A+147+0+1__LIG,NC(=O)[C@H]1CCCN(C(=O)[C@@H]2CCC3=CC=CC(O)=C32)C1,288.35,3,TRUE,2,20,20,TRUE,0.204,1.000,A71EV2A-x4456a,4,-98.699,TRUE,0.04234875,-0.293161756,C009,0.189209417,1,A71EV2A-x4456a,1,0.014580816,TRUE,TRUE,FALSE
A71EV2A-x4606_A_201_0_1_A71EV2A-x0526+A+147+0+1__LIG,NC(=O)[C@H]1CCCN(C(=O)[C@@H]2SCC3=CC=CN=C32)C1,291.38,3,TRUE,2,20,20,TRUE,0.245,1.000,A71EV2A-x4606a,4,-108.502,TRUE,0.079509983,-0.214864696,C009,0.202230945,1,A71EV2A-x4606a,9,0.042427137,TRUE,TRUE,FALSE
A71EV2A-x3968_A_201_0_1_A71EV2A-x0526+A+147+0+1__LIG,NC(=O)[C@H]1CCCN(C(=O)[C@H](OC[C@@H]2CCCC2)C2=CC=CC=C2)C1,344.46,7,TRUE,1,10,10,TRUE,3.636,0.740,A71EV2A-x3968a,3,-94.391,TRUE,0.027899885,-0.244165971,C008,3.040719748,0.750712276,A71EV2A-x3968a,2,0.595665216,FALSE,FALSE,FALSE
A71EV2A-x4451_A_201_0_1_A71EV2A-x0526+A+147+0+1__LIG,NC(=O)[C@H]1CCCN(C(=O)[C@H](C2=CC=CC=C2)N2C=CC=N2)C1,312.37,5,TRUE,2,20,20,TRUE,2.873,0.683,A71EV2A-x4451b,9,-90.947,TRUE,0.028952353,-0.237305853,C008,0.989059329,0.878839612,A71EV2A-x4451b,3,1.884261012,FALSE,TRUE,TRUE
A71EV2A-x4260_A_201_0_1_A71EV2A-x0526+A+147+0+1__LIG,NC(=O)[C@H]1CCCN(C(=O)[C@H]2CCOC3=CC=C(Cl)C=C32)C1,322.79,3,TRUE,1,10,10,TRUE,0.767,0.916,A71EV2A-x4260a,10,-98.008,TRUE,0.062744358,-0.258851893,C009,0.766962886,0.916379333,A71EV2A-x4260a,10,0,TRUE,TRUE,FALSE
A71EV2A-x4943_A_201_0_1_A71EV2A-x0526+A+147+0+1__LIG,NC(=O)[C@H]1CCCN(C(=O)[C@H]2CCSC3=C2C=CC=C3)C1,304.42,3,TRUE,2,20,20,TRUE,0.391,0.993,A71EV2A-x4943b,1,-115.498,TRUE,0.052451,-0.294027677,C009,0.360160589,0.998239458,A71EV2A-x4943a,6,0.030448526,TRUE,TRUE,FALSE
A71EV2A-x5550_A_201_0_1_A71EV2A-x0526+A+147+0+1__LIG,NC(=O)[C@H]1CCCN(C(=O)[C@H]2CC[C@H]2C2=CC=C(Cl)C=C2)C1,320.82,4,TRUE,1,10,10,TRUE,0.245,1.000,A71EV2A-x5550a,3,-76.389,TRUE,0.089499216,-0.253352803,C009,0.18867287,1,A71EV2A-x5550a,4,0.056091711,TRUE,TRUE,FALSE
A71EV2A-x4202_A_201_0_1_A71EV2A-x0526+A+147+0+1__LIG,NC(=O)[C@H]1CCCN(C(=O)[C@H]2CCC3=C2C(Br)=CC=C3)C1,351.24,3,TRUE,2,20,20,TRUE,0.244,1.000,A71EV2A-x4202a,1,-101.588,TRUE,0.043354054,-0.290592114,C009,0.229031593,1,A71EV2A-x4202a,4,0.015125513,TRUE,TRUE,FALSE
A71EV2A-x4472_A_201_0_1_A71EV2A-x0526+A+147+0+1__LIG,NC(=O)[C@H]1CCCN(C(=O)[C@H]2CCC3=C2N=NS3)C1,280.35,3,TRUE,1,10,10,TRUE,0.198,1.000,A71EV2A-x4472a,8,-78.542,TRUE,0.123176806,-0.238944957,C014,0.182310969,1,A71EV2A-x4472a,9,0.015376762,TRUE,TRUE,FALSE
A71EV2A-x4806_A_201_0_1_A71EV2A-x0526+A+147+0+1__LIG,NC(=O)[C@H]1CCCN(C(=O)[C@H]2CSC3=CC=CC=C32)C1,290.39,3,TRUE,2,20,20,TRUE,0.327,1.000,A71EV2A-x4806a,5,-105.823,TRUE,0.060070042,-0.296437488,C008,0.317551404,1,A71EV2A-x4806a,7,0.009428293,TRUE,TRUE,FALSE
A71EV2A-x4254_A_201_0_1_A71EV2A-x0526+A+147+0+1__LIG,NC(=O)[C@H]1CCCN(C(=O)[C@H]2CC3=C2C(Cl)=CC=C3)C1,292.77,3,TRUE,1,10,10,TRUE,0.455,0.984,A71EV2A-x4254a,6,-82.983,TRUE,0.080091571,-0.282883516,C009,0.286304891,1,A71EV2A-x4254a,8,0.169157773,TRUE,TRUE,FALSE
A71EV2A-x4877_A_201_0_1_A71EV2A-x0526+A+147+0+1__LIG,NC(=O)[C@H]1CCCN(C(=O)[C@H]2SCCC3=C2C=CS3)C1,310.44,3,TRUE,2,20,20,TRUE,0.489,0.974,A71EV2A-x4877b,6,-105.242,TRUE,0.076918509,-0.261301712,C014,0.275527298,0.996993959,A71EV2A-x4877a,3,0.213753253,TRUE,TRUE,FALSE
A71EV2A-x4416_A_201_0_1_A71EV2A-x0526+A+147+0+1__LIG,NC(=O)[C@H]1CCCN(C(=O)[C@]2(CC3=CC=C(F)C=C3)CCCCO2)C1,348.42,5,TRUE,1,10,10,TRUE,0.470,0.978,A71EV2A-x4416a,9,-99.676,TRUE,0.061869447,-0.213575675,C032,0.470127106,0.978242993,A71EV2A-x4416a,9,0,TRUE,TRUE,FALSE
A71EV2A-x3222_E_201_0_1_A71EV2A-x0526+A+147+0+1__LIG,NC(=O)[C@H]1CCCN(C(=O)C2=C(Br)C=NN2)C1,301.14,3,TRUE,1,10,10,TRUE,2.089,0.778,A71EV2A-x3222a,3,-66.882,TRUE,0.125168315,-0.209504229,C022,0.334207565,0.998497009,A71EV2A-x3222a,9,1.754517049,FALSE,TRUE,TRUE
A71EV2A-x3223_D_301_0_1_A71EV2A-x0526+A+147+0+1__LIG,NC(=O)[C@H]1CCCN(C(=O)C2=C3C=NNC3=NC=C2)C1,273.3,3,TRUE,1,10,10,TRUE,2.275,0.787,A71EV2A-x3223a,5,-64.403,TRUE,0.068043407,-0.183788218,C022,0.392395735,0.98613596,A71EV2A-x3223a,8,1.88303709,FALSE,TRUE,TRUE
A71EV2A-x5822_A_201_0_1_A71EV2A-x0526+A+147+0+1__LIG,NC(=O)[C@H]1CCN(C(=O)[C@@]2(C3=CC=C4OCOC4=C3)CCOCC2)C1,346.38,4,TRUE,1,10,10,TRUE,0.238,1.000,A71EV2A-x5822a,4,-76.402,TRUE,-0.092862331,-0.141906326,C087,0.238236725,1,A71EV2A-x5822a,4,0,TRUE,TRUE,FALSE
A71EV2A-x5427_A_201_0_1_A71EV2A-x0526+A+147+0+1__LIG,NC(=O)[C@H]1CCN(C(=O)CC2=C(Cl)C=CC=C2Cl)C1,301.17,4,TRUE,1,10,10,TRUE,1.026,0.912,A71EV2A-x5427a,3,-101.312,TRUE,0.0922227,-0.067881154,C001,0.605096698,0.966131926,A71EV2A-x5427a,4,0.420616269,TRUE,TRUE,FALSE
A71EV2A-x3989_A_201_0_1_A71EV2A-x0526+A+147+0+1__LIG,NC(=O)[C@H]1CCN(C(=O)CC2=CC([C@@](F)(F)F)=CC=C2Cl)C1,334.73,5,TRUE,2,20,20,TRUE,0.450,0.991,A71EV2A-x4838a,1,-103.624,TRUE,0.062197552,-0.037910272,C033,0.403850675,0.991743147,A71EV2A-x3989a,9,0.046300977,TRUE,TRUE,FALSE
A71EV2A-x5824_A_4000_0_1_A71EV2A-x0526+A+147+0+1__LIG,NC(=O)[C@H]1CCN(C(=O)CN2C(=O)SC3=CC=C(Cl)C=C32)C1,339.8,4,TRUE,2,20,20,TRUE,0.303,1.000,A71EV2A-x5824a,9,-122.617,TRUE,-0.047046916,-0.108736224,C088,0.174266338,1,A71EV2A-x5824a,3,0.128841341,TRUE,TRUE,FALSE
A71EV2A-x5779_A_4000_0_1_A71EV2A-x0526+A+147+0+1__LIG,NC(=O)[C@H]1CCN(C(=O)CN2C=C(Br)C=C(Cl)C2=O)C1,362.61,4,TRUE,1,10,10,TRUE,0.257,1.000,A71EV2A-x5779a,5,-121.593,TRUE,-0.01351379,-0.093564809,C031,0.253580093,0.997073591,A71EV2A-x5779a,7,0.003708363,TRUE,TRUE,FALSE
A71EV2A-x5705_A_4000_0_1_A71EV2A-x0526+A+147+0+1__LIG,NC(=O)[C@H]1CCN(C(=O)[C@@H]2CCCN2C(=O)C2=CC=CS2)C1,321.4,5,TRUE,2,20,20,TRUE,0.967,0.910,A71EV2A-x5705b,2,-118.607,TRUE,-0.024137763,-0.21739885,C089,0.35458979,0.991637349,A71EV2A-x5705a,8,0.612177998,TRUE,TRUE,FALSE
A71EV2A-x5728_A_4000_0_1_A71EV2A-x0526+A+147+0+1__LIG,NC(=O)[C@H]1CCN(C(=O)[C@@H]2CCOC3=CC=C(Cl)C=C32)C1,308.77,3,TRUE,1,10,10,TRUE,0.230,1.000,A71EV2A-x5728a,3,-103.681,TRUE,-0.085235138,-0.193844452,C023,0.230203271,1,A71EV2A-x5728a,3,0,TRUE,TRUE,FALSE
A71EV2A-x5764_A_4000_0_1_A71EV2A-x0526+A+147+0+1__LIG,NC(=O)[C@H]1CCN(C(=O)[C@@H]2CCC3=CC=CC(Br)=C32)C1,337.22,3,TRUE,2,20,20,TRUE,0.892,0.917,A71EV2A-x5764a,1,-86.303,TRUE,-0.111788312,-0.223621633,C009,0.328904182,0.995876312,A71EV2A-x5764b,4,0.563213736,TRUE,TRUE,FALSE
A71EV2A-x5570_A_4000_0_1_A71EV2A-x0526+A+147+0+1__LIG,NC(=O)[C@H]1CCN(C(=O)[C@@H]2CSC3=CC=CC=C32)C1,276.36,3,TRUE,1,10,10,TRUE,0.211,1.000,A71EV2A-x5570a,4,-93.362,TRUE,-0.098387035,-0.228148981,C090,0.21085301,1,A71EV2A-x5570a,4,0,TRUE,TRUE,FALSE
A71EV2A-x5431_A_4000_0_1_A71EV2A-x0526+A+147+0+1__LIG,NC(=O)[C@H]1CCN(C(=O)[C@@H]2SCCC3=C2C=CS3)C1,296.42,3,TRUE,1,10,10,TRUE,0.262,1.000,A71EV2A-x5431a,3,-99.561,TRUE,-0.075662791,-0.194339193,C091,0.217270955,1,A71EV2A-x5431a,10,0.044825718,TRUE,TRUE,FALSE
A71EV2A-x5802_A_4000_0_1_A71EV2A-x0526+A+147+0+1__LIG,NC(=O)[C@H]1C[C@@H]2C[C@@H]2N(C(=O)CC2=CC=CC=C2Cl)C1,292.77,4,TRUE,2,20,20,TRUE,0.485,0.978,A71EV2A-x5802a,4,-84.516,TRUE,-0.255065574,0.14721841,C034,0.272893131,1,A71EV2A-x5802b,6,0.212336361,TRUE,TRUE,FALSE
A71EV2A-x5798_A_4000_0_1_A71EV2A-x0526+A+147+0+1__LIG,NC(=O)[C@H]1C[C@H]2C[C@H]2N(C(=O)CC2=CC=CC=C2Cl)C1,292.77,4,TRUE,2,20,20,TRUE,3.519,0.598,A71EV2A-x5798b,3,-9.797,TRUE,-0.255065574,0.14721841,C034,0.209697768,1,A71EV2A-x5798b,5,3.309012607,FALSE,TRUE,TRUE
A71EV2A-x5277_A_201_0_1_A71EV2A-x0526+A+147+0+1__LIG,NC(=O)[C@@]12C[C@@H](CN(C(=O)CC3=CC=CC=C3Cl)C1)C2,292.77,4,TRUE,1,10,10,TRUE,0.552,0.981,A71EV2A-x5277a,6,-56.949,TRUE,-0.157720966,0.051303062,C045,0.395263582,0.983736038,A71EV2A-x5277a,5,0.156237155,TRUE,TRUE,FALSE
A71EV2A-x4840_A_201_0_1_A71EV2A-x0526+A+147+0+1__LIG,NC(=O)C1=CC=CC=C1CC(=O)N1CCC[C@H](C(N)=O)C1,289.33,5,TRUE,1,10,10,TRUE,0.365,0.988,A71EV2A-x4840a,7,-105.503,TRUE,0.191796379,-0.136627564,C001,0.353548497,0.990099013,A71EV2A-x4840a,2,0.011151582,TRUE,TRUE,FALSE
A71EV2A-x3392_A_201_0_1_A71EV2A-x0526+A+147+0+1__LIG,O=C(NCCC1=COC=N1)N1CCC2=C1C=CC=C2,257.29,5,TRUE,1,10,10,TRUE,0.315,1.000,A71EV2A-x3392a,6,-86.522,TRUE,-0.354326929,0.058926586,C092,0.253532827,1,A71EV2A-x3392a,8,0.061158568,TRUE,TRUE,FALSE
A71EV2A-x3435_A_201_0_1_A71EV2A-x0526+A+147+0+1__LIG,O=C(NCCC1=COC=N1)C1=CC=CC=C1,216.24,5,TRUE,1,10,10,TRUE,0.468,0.980,A71EV2A-x3435a,1,-72.455,TRUE,-0.413831971,0.121169769,C007,0.468188465,0.979706407,A71EV2A-x3435a,1,0,TRUE,TRUE,FALSE
