compound_name,SMILES,cluster,nRot,selection,sdf_path,event,run,RMSD,LDDT_PLI,Energy (kcal/mol),FittedScore,pb_valid,sha256,openstructure_report,openstructure_sha256,posebusters_report,posebusters_sha256
A71EV2A-x5747_A_4000_0_1_A71EV2A-x0526+A+147+0+1__LIG,C#C[C@@H]1CCCC[C@H]1OC(=O)N1CCC[C@H](C(N)=O)C1,C029,4,lowest-energy,poses/A71EV2A-x5747a/A71EV2A-x5747a_lowest-energy.sdf,A71EV2A-x5747a,3,0.563,0.967,-98.540,-28.840,TRUE,ffe293358e28270dadf922c52a63eee30d53952ce14156bcea0c1b6bd41d02e5,poses/A71EV2A-x5747a/A71EV2A-x5747a_lowest-energy.openstructure.json,45cf4d97eb03c77a2a4f77b711ff04eb1a41fcd3230c817839004bfaeadd62da,poses/A71EV2A-x5747a/A71EV2A-x5747a_lowest-energy.posebusters.csv,3741ceea07e8e96a68e428b935fa7a0b5e89ab51c55fc1c3cccebd63068f4fe9
A71EV2A-x5747_A_4000_0_1_A71EV2A-x0526+A+147+0+1__LIG,C#C[C@@H]1CCCC[C@H]1OC(=O)N1CCC[C@H](C(N)=O)C1,C029,4,best-RMSD,poses/A71EV2A-x5747a/A71EV2A-x5747a_best-RMSD.sdf,A71EV2A-x5747a,9,0.501,0.973,-97.959,-28.170,TRUE,15d76ab89948707506e6cb9af76859c4026f2075d3541bc3f2ad3f7dce19d5d9,poses/A71EV2A-x5747a/A71EV2A-x5747a_best-RMSD.openstructure.json,14362f69086d550ba81f12989703bd92673fe167b504e48aea9a1e415e00e4d3,poses/A71EV2A-x5747a/A71EV2A-x5747a_best-RMSD.posebusters.csv,3575030a23607a4b0f08e884ce85840480fbd60ed186418ac8be86377703dc63
A71EV2A-x4426_A_201_0_1_A71EV2A-x0526+A+147+0+1__LIG,C#C[C@H](NCCc1cocn1)c1nn(C)c2ccccc12,C007,5,lowest-energy,poses/A71EV2A-x4426a/A71EV2A-x4426a_lowest-energy.sdf,A71EV2A-x4426a,4,1.538,0.824,-44.463,-30.630,TRUE,77df440046453b8fc4b83d969f48e53efd4aa4b4ab7385b15c2599f60534a53d,poses/A71EV2A-x4426a/A71EV2A-x4426a_lowest-energy.openstructure.json,ce72d57d50a963d9841a346b8455d4c34acc73918d422435f861bbaf81d89781,poses/A71EV2A-x4426a/A71EV2A-x4426a_lowest-energy.posebusters.csv,c565909cfb09fb12d8dc554d9dbccb35cc8a4341fd1ce6ce4e89fc3cee81c046
A71EV2A-x4426_A_201_0_1_A71EV2A-x0526+A+147+0+1__LIG,C#C[C@H](NCCc1cocn1)c1nn(C)c2ccccc12,C007,5,best-RMSD,poses/A71EV2A-x4426a/A71EV2A-x4426a_best-RMSD.sdf,A71EV2A-x4426a,2,0.835,0.899,-38.199,-29.950,TRUE,0092793ce3e6d003917cc7e1f11a94a6528d5c567063181ac315a1cf15173eb5,poses/A71EV2A-x4426a/A71EV2A-x4426a_best-RMSD.openstructure.json,48a827e43a84aae675dc4fd07f2a542719afcb6073e48cedbdd8d5bd1be6e5ce,poses/A71EV2A-x4426a/A71EV2A-x4426a_best-RMSD.posebusters.csv,53de8ccd930314b42ae9e13aa675815b123fff75b3811abacc10e41296394bb5
A71EV2A-x5466_A_201_0_1_A71EV2A-x0526+A+147+0+1__LIG,C#Cc1ccc(C)c(OC(=O)N2CCC[C@H](C(N)=O)C2)c1,C015,4,lowest-energy,poses/A71EV2A-x5466a/A71EV2A-x5466a_lowest-energy.sdf,A71EV2A-x5466a,9,0.491,0.985,-97.363,-30.520,TRUE,bda6535c89229eb4e14aa7932b5e116b9967bfae718d607a661a5780e2493c3c,poses/A71EV2A-x5466a/A71EV2A-x5466a_lowest-energy.openstructure.json,7334fb14a10fe460adeab08f758f4ae9896f507e88c3abe7ea78e25d602698c9,poses/A71EV2A-x5466a/A71EV2A-x5466a_lowest-energy.posebusters.csv,105ab1db56848e45822483213f859e776e8cf0a2c3a4086612082082482bc920
A71EV2A-x5466_A_201_0_1_A71EV2A-x0526+A+147+0+1__LIG,C#Cc1ccc(C)c(OC(=O)N2CCC[C@H](C(N)=O)C2)c1,C015,4,best-RMSD,poses/A71EV2A-x5466a/A71EV2A-x5466a_best-RMSD.sdf,A71EV2A-x5466a,10,0.293,0.998,-97.344,-30.830,TRUE,cf926ab28fdb5d8fffd36180dbacb7148245f67d71ed6f0ae39299b785d396ae,poses/A71EV2A-x5466a/A71EV2A-x5466a_best-RMSD.openstructure.json,3025785513e82b8d43da01c49bdb9cb7a78969fddbae7196f881f7871f8cab09,poses/A71EV2A-x5466a/A71EV2A-x5466a_best-RMSD.posebusters.csv,04603f52eb6e4cee618499d4197cad645b5a18ebc3b0cf8acab256e20bf27f5a
A71EV2A-x6027_A_4000_0_1_A71EV2A-x0526+A+147+0+1__LIG,C=C(C)c1cccc(SC)c1CC(=O)N1CCC[C@H](C(N)=O)C1,C001,6,lowest-energy,poses/A71EV2A-x6027a/A71EV2A-x6027a_lowest-energy.sdf,A71EV2A-x6027a,10,0.279,1.000,-109.025,-35.350,TRUE,4dfc0c7a074aea264c0875ba7ad4006ed046b608238b639635879f1d85982e1f,poses/A71EV2A-x6027a/A71EV2A-x6027a_lowest-energy.openstructure.json,47816c036a87353bde286fb801bda17746132c88d42c28387c0167ed63f791d1,poses/A71EV2A-x6027a/A71EV2A-x6027a_lowest-energy.posebusters.csv,36181ca59127c15d49a0f3c3629eac053c6872046be1553e2e4503c2c97f15d8
A71EV2A-x6027_A_4000_0_1_A71EV2A-x0526+A+147+0+1__LIG,C=C(C)c1cccc(SC)c1CC(=O)N1CCC[C@H](C(N)=O)C1,C001,6,best-RMSD,poses/A71EV2A-x6027a/A71EV2A-x6027a_best-RMSD.sdf,A71EV2A-x6027a,6,0.263,1.000,-108.445,-35.160,TRUE,5169c55e7241a78e380b1bad92c66d610efacf8faf25873798c71652cbdf25a0,poses/A71EV2A-x6027a/A71EV2A-x6027a_best-RMSD.openstructure.json,526c714072569f7b811d9d603b21d795faf5b31bbcf947f78154241db75e8457,poses/A71EV2A-x6027a/A71EV2A-x6027a_best-RMSD.posebusters.csv,f42e13627eb5a13256c40b5b1741aa7ca00e02a8c79d412efdc6abddffa32405
A71EV2A-x3408_A_201_0_1_A71EV2A-x0526+A+147+0+1__LIG,C=CS(=O)(=O)N1CCC[C@H](C(N)=O)C1,C035,3,lowest-energy,poses/A71EV2A-x3408a/A71EV2A-x3408a_lowest-energy.sdf,A71EV2A-x3408a,4,0.388,0.990,-41.138,-27.400,TRUE,2407eb51a1453c60308fc5ec3aee17175d71b02496dd23f485fb3eda42c20a89,poses/A71EV2A-x3408a/A71EV2A-x3408a_lowest-energy.openstructure.json,0330e0b019e2f82205f2d3c74d338825e845a39d07eb090f42d3d867600058c2,poses/A71EV2A-x3408a/A71EV2A-x3408a_lowest-energy.posebusters.csv,032fe4ae80f5cca1436195e2186c23895b5fa3814e2d804357eb687d630e8d56
A71EV2A-x3408_A_201_0_1_A71EV2A-x0526+A+147+0+1__LIG,C=CS(=O)(=O)N1CCC[C@H](C(N)=O)C1,C035,3,best-RMSD,poses/A71EV2A-x3408a/A71EV2A-x3408a_best-RMSD.sdf,A71EV2A-x3408a,2,0.333,0.993,-40.655,-27.580,TRUE,b2f0003a7dc257b25b0daa03ed5fc1f99da28b1aa6049cb0f243529f94ae3830,poses/A71EV2A-x3408a/A71EV2A-x3408a_best-RMSD.openstructure.json,424f18221e41ade36eda84906c8341ee651715bb56a58716003b07a4497262fb,poses/A71EV2A-x3408a/A71EV2A-x3408a_best-RMSD.posebusters.csv,c68b3d2727f20fed175aa3449bbc3cb6e26282442816fdbd9c28ed2e27ca5507
A71EV2A-x5015_A_201_0_1_A71EV2A-x0526+A+147+0+1__LIG,C=Cc1cccc(CC(=O)N2CCC[C@H](C(N)=O)C2)n1,C001,5,lowest-energy,poses/A71EV2A-x5015b/A71EV2A-x5015b_lowest-energy.sdf,A71EV2A-x5015b,2,0.562,0.975,-110.651,-35.500,TRUE,d3a20cccfcdbf3b3856395b5f0064eb9d3d1e355508b4db4b8f43b608a45a73f,poses/A71EV2A-x5015b/A71EV2A-x5015b_lowest-energy.openstructure.json,1341644a4871bd349d3f1355aa64350b50a58528ad04dda2eb1a9dad8283fbdb,poses/A71EV2A-x5015b/A71EV2A-x5015b_lowest-energy.posebusters.csv,68b8d9d01d7905a14f12fe7f199a02b118ae336c684a31ec2763b9de117b46d4
A71EV2A-x5015_A_201_0_1_A71EV2A-x0526+A+147+0+1__LIG,C=Cc1cccc(CC(=O)N2CCC[C@H](C(N)=O)C2)n1,C001,5,best-RMSD,poses/A71EV2A-x5015a/A71EV2A-x5015a_best-RMSD.sdf,A71EV2A-x5015a,8,0.375,0.991,-105.918,-35.570,TRUE,59eb73777614ea25e8291d2c7a9a46518262caf9d407c1fccb5baf87f7acdcc6,poses/A71EV2A-x5015a/A71EV2A-x5015a_best-RMSD.openstructure.json,85f2b3120130b00d39ca8f66daf3056ab981e28cd4e2936e705a9bc31ee7795c,poses/A71EV2A-x5015a/A71EV2A-x5015a_best-RMSD.posebusters.csv,ace9e6146a86a5febaf1a2c55fea42b9d70154ba09f86d680c33945fa139152c
A71EV2A-x5359_A_201_0_1_A71EV2A-x0526+A+147+0+1__LIG,C=Cc1ccccc1CS(=O)(=O)N1CCC[C@H](C(N)=O)C1,C035,5,lowest-energy,poses/A71EV2A-x5359a/A71EV2A-x5359a_lowest-energy.sdf,A71EV2A-x5359a,7,0.262,1.000,-99.277,-35.790,TRUE,56246eca08d18cb96eef6ae1e3ab873bb208f3b34435116255a9354832241be0,poses/A71EV2A-x5359a/A71EV2A-x5359a_lowest-energy.openstructure.json,82bb2c439e7b2071cae2581178b4af2390b9bc6a8edfc4ece562dfe2c58e5ec6,poses/A71EV2A-x5359a/A71EV2A-x5359a_lowest-energy.posebusters.csv,4db39489eda77dd1e480b409915ac1f6b694e899a8222684a266f97d8df1f390
A71EV2A-x5359_A_201_0_1_A71EV2A-x0526+A+147+0+1__LIG,C=Cc1ccccc1CS(=O)(=O)N1CCC[C@H](C(N)=O)C1,C035,5,best-RMSD,poses/A71EV2A-x5359a/A71EV2A-x5359a_best-RMSD.sdf,A71EV2A-x5359a,1,0.242,1.000,-99.150,-36.100,TRUE,1f5c903c75be4c3d35c272cf8cd0610510b663ec1662a10f82e3eef727f7a44a,poses/A71EV2A-x5359a/A71EV2A-x5359a_best-RMSD.openstructure.json,b17bdc1030a57c7a3a6db33c0f0518edafa423d4669f300be47925463a370ff7,poses/A71EV2A-x5359a/A71EV2A-x5359a_best-RMSD.posebusters.csv,4398f1303e461bfacd95ecb66fd99f1e1edb99cd7afd77e93fc673165e641eeb
A71EV2A-x5016_A_201_0_1_A71EV2A-x0526+A+147+0+1__LIG,C=Cc1ncccc1CC(=O)N1CCC[C@H](C(N)=O)C1,C001,5,lowest-energy,poses/A71EV2A-x5016a/A71EV2A-x5016a_lowest-energy.sdf,A71EV2A-x5016a,7,0.382,0.980,-110.298,-33.280,TRUE,144c64c498b8c3da0cad683ec7ae4c3e851e06fa349e29b152cb4c972e052253,poses/A71EV2A-x5016a/A71EV2A-x5016a_lowest-energy.openstructure.json,4df399f11d625772bdb5416379e5daf670432d0eaf73f9c00f8503ae52c93421,poses/A71EV2A-x5016a/A71EV2A-x5016a_lowest-energy.posebusters.csv,d723cad99ae0c9efdc2883acabb2a94a6b2c0619f4a950fae682252c8c01bab9
A71EV2A-x5016_A_201_0_1_A71EV2A-x0526+A+147+0+1__LIG,C=Cc1ncccc1CC(=O)N1CCC[C@H](C(N)=O)C1,C001,5,best-RMSD,poses/A71EV2A-x5016a/A71EV2A-x5016a_best-RMSD.sdf,A71EV2A-x5016a,6,0.361,0.985,-110.025,-33.820,TRUE,541a96a2a415b6c902514c68f0c2dd62852156a5e260191a80c7dd7051424a27,poses/A71EV2A-x5016a/A71EV2A-x5016a_best-RMSD.openstructure.json,8d2be596aa5773d2f0bbac4542a4e8ccef1f75482d1d10cdfdfde314a0f074b3,poses/A71EV2A-x5016a/A71EV2A-x5016a_best-RMSD.posebusters.csv,74bef79320abe00931bb170200a63e3929bc6ed507129ffaff749e3e5f8dd46b
A71EV2A-x4836_A_201_0_1_A71EV2A-x0526+A+147+0+1__LIG,CC(=O)N1c2ccccc2C[C@@H]1C(=O)N1CCC[C@H](C(N)=O)C1,C009,4,lowest-energy,poses/A71EV2A-x4836a/A71EV2A-x4836a_lowest-energy.sdf,A71EV2A-x4836a,9,0.751,0.942,-111.502,-30.990,TRUE,425359566e7e215b48f32f672589e9dec1e25d081c6d9df6c4f2a46b27c087fd,poses/A71EV2A-x4836a/A71EV2A-x4836a_lowest-energy.openstructure.json,905ac43d4db80c4bc177ae644337fcc579fc633f0720b427b43191a7a8229f7d,poses/A71EV2A-x4836a/A71EV2A-x4836a_lowest-energy.posebusters.csv,97c36bb936c4bc47ceb9cc71e61f95ded019740bcaebf5889f0cb7cc6ef60529
A71EV2A-x4836_A_201_0_1_A71EV2A-x0526+A+147+0+1__LIG,CC(=O)N1c2ccccc2C[C@@H]1C(=O)N1CCC[C@H](C(N)=O)C1,C009,4,best-RMSD,poses/A71EV2A-x4836a/A71EV2A-x4836a_best-RMSD.sdf,A71EV2A-x4836a,2,0.743,0.943,-110.638,-31.010,TRUE,af57fab5b6709dd7bdab220bede9a40323a8b8c1738a6ed825ddafe8096bd846,poses/A71EV2A-x4836a/A71EV2A-x4836a_best-RMSD.openstructure.json,6379fb8cf31bb1900be9ca91bda65851ac45969796e88b687d43b76bb157e352,poses/A71EV2A-x4836a/A71EV2A-x4836a_best-RMSD.posebusters.csv,4c5720c5ef1ca238ec63d51ecf57875e94ff91a0ee0bdc3e2f16cfd7623e3813
A71EV2A-x4322_A_201_0_1_A71EV2A-x0526+A+147+0+1__LIG,CC(=O)Nc1ccccc1CC(=O)N1CCC[C@H](C(N)=O)C1,C001,6,lowest-energy,poses/A71EV2A-x4322a/A71EV2A-x4322a_lowest-energy.sdf,A71EV2A-x4322a,6,3.007,0.722,-115.487,-30.560,TRUE,fabcfb3b655bab054a61921d6f0a34ff2b773f0a11e55104603e623e8c6d3b29,poses/A71EV2A-x4322a/A71EV2A-x4322a_lowest-energy.openstructure.json,a934177cb91bc5e9574d11528d2685020a0ecfc3ebc4fdfd582054005f3cf908,poses/A71EV2A-x4322a/A71EV2A-x4322a_lowest-energy.posebusters.csv,c0d74d5dbabbba7aad4517318a6c706d53caef9302479d108a0ecb2f69a9351a
A71EV2A-x4322_A_201_0_1_A71EV2A-x0526+A+147+0+1__LIG,CC(=O)Nc1ccccc1CC(=O)N1CCC[C@H](C(N)=O)C1,C001,6,best-RMSD,poses/A71EV2A-x4322a/A71EV2A-x4322a_best-RMSD.sdf,A71EV2A-x4322a,1,0.328,0.995,-114.563,-34.380,TRUE,7d5bf463e507d35962e4eef00a27b287948a7975baa8b6147c0399012d8ce3ca,poses/A71EV2A-x4322a/A71EV2A-x4322a_best-RMSD.openstructure.json,f2502b31453ef1eaddb6fe568761b3d0cd89af8399b3992eb81197dfe252caca,poses/A71EV2A-x4322a/A71EV2A-x4322a_best-RMSD.posebusters.csv,d1e4056fb76a8e825e8e4ae95300b00cbb79ad86bca9f6d6e35dd81f117e7135
A71EV2A-x4311_A_201_0_1_A71EV2A-x0526+A+147+0+1__LIG,CC(C)(C)c1ccccc1NC(=O)N1CCC[C@H](C(N)=O)C1,C003,5,lowest-energy,poses/A71EV2A-x4311a/A71EV2A-x4311a_lowest-energy.sdf,A71EV2A-x4311a,4,0.721,0.940,-116.787,-39.310,TRUE,bc66b4f17ab6dd06e1aec0e22673846d08e1f6a30116bb9df5248b8c9799ba75,poses/A71EV2A-x4311a/A71EV2A-x4311a_lowest-energy.openstructure.json,125ef6a27f847cf654ffcb15707da145686fe33393df1afc005b64d4426f86c2,poses/A71EV2A-x4311a/A71EV2A-x4311a_lowest-energy.posebusters.csv,1b094035bf3ec8da84314388020dd066b8da8ac815534898ed8c1621dff3c707
A71EV2A-x4311_A_201_0_1_A71EV2A-x0526+A+147+0+1__LIG,CC(C)(C)c1ccccc1NC(=O)N1CCC[C@H](C(N)=O)C1,C003,5,best-RMSD,poses/A71EV2A-x4311a/A71EV2A-x4311a_best-RMSD.sdf,A71EV2A-x4311a,7,0.368,0.994,-115.365,-38.490,TRUE,7981b42e467f6b003f8701aeab3e8718de188963e891b1c619884628ba1b4308,poses/A71EV2A-x4311a/A71EV2A-x4311a_best-RMSD.openstructure.json,96a6172577bde4f72e873d621060b7aec3710229395922fd7e26aecbdfe3b1bd,poses/A71EV2A-x4311a/A71EV2A-x4311a_best-RMSD.posebusters.csv,7fed5ab3ec5f186145749b7d0ef21a5ee31bfc2865b97b3c2425fd998b466e52
A71EV2A-x4305_A_201_0_1_A71EV2A-x0526+A+147+0+1__LIG,CC(C)Oc1ccccc1NC(=O)N1CCC[C@H](C(N)=O)C1,C003,6,lowest-energy,poses/A71EV2A-x4305a/A71EV2A-x4305a_lowest-energy.sdf,A71EV2A-x4305a,8,0.256,0.997,-133.141,-36.320,TRUE,d531bbed959fecc2af02c0fcddd0121b046e83c623c0d806962fa729f34a4fc2,poses/A71EV2A-x4305a/A71EV2A-x4305a_lowest-energy.openstructure.json,f405afcceef5e6d3a53ee241a403608c1b3d4ca63efd960bd3fec435beefc876,poses/A71EV2A-x4305a/A71EV2A-x4305a_lowest-energy.posebusters.csv,bd2153f2bc82c0820c6445a4d9ac762851592b0a437dd54eb821c49f40595bed
A71EV2A-x4305_A_201_0_1_A71EV2A-x0526+A+147+0+1__LIG,CC(C)Oc1ccccc1NC(=O)N1CCC[C@H](C(N)=O)C1,C003,6,best-RMSD,poses/A71EV2A-x4305a/A71EV2A-x4305a_best-RMSD.sdf,A71EV2A-x4305a,10,0.188,1.000,-130.218,-35.600,TRUE,ed47f433694e9ca3387a3f6ee2990cc35b64d5eb4149412061bc686c3bb76eb2,poses/A71EV2A-x4305a/A71EV2A-x4305a_best-RMSD.openstructure.json,fd9412c859c5ad35a43c1e866bf0d2ca89d820ffc20e99f09ee458a34b0a3b1b,poses/A71EV2A-x4305a/A71EV2A-x4305a_best-RMSD.posebusters.csv,01757d32035df1a8633ae0b5c650e0687853204129cd710a51f8bbbfe161cf25
A71EV2A-x5868_A_4000_0_1_A71EV2A-x0526+A+147+0+1__LIG,CC(C)[C@@H](c1cc(Cl)cc(Br)c1)N1C[C@@H](C(N)=O)CCC1=O,C016,4,lowest-energy,poses/A71EV2A-x5868a/A71EV2A-x5868a_lowest-energy.sdf,A71EV2A-x5868a,9,2.019,0.817,-114.054,-33.430,TRUE,d52f551a7f9d1e88b6815aeac3b502e8a3b8fcf6753bd5417f925589cad1b9af,poses/A71EV2A-x5868a/A71EV2A-x5868a_lowest-energy.openstructure.json,82c3000a61eb8caeafa1b37bef2c13000c19abebc04f349dc6257f897c02d614,poses/A71EV2A-x5868a/A71EV2A-x5868a_lowest-energy.posebusters.csv,19701a3789a78950ecfd32b36c16cb98a4bf7cf45ccebfeb59c02e9c4e52f883
A71EV2A-x5868_A_4000_0_1_A71EV2A-x0526+A+147+0+1__LIG,CC(C)[C@@H](c1cc(Cl)cc(Br)c1)N1C[C@@H](C(N)=O)CCC1=O,C016,4,best-RMSD,poses/A71EV2A-x5868a/A71EV2A-x5868a_best-RMSD.sdf,A71EV2A-x5868a,2,1.981,0.822,-111.405,-33.090,TRUE,e45d3e4cd51f2c8530a6f447eb62837fb566a5c0eedac4b90532c7a7661d9541,poses/A71EV2A-x5868a/A71EV2A-x5868a_best-RMSD.openstructure.json,7c831b97fc9d6c8f50393daea036e9850f99f8c5caf2a4977991fb3394d591a8,poses/A71EV2A-x5868a/A71EV2A-x5868a_best-RMSD.posebusters.csv,27ae791317b0fcc6f436030df957fb7d530495eb4cfb98250241e5f5efd57eb9
A71EV2A-x6853_A_4000_0_1_A71EV2A-x0526+A+147+0+1__LIG,CCC(=O)N[C@@H](C(=O)N1CC[C@H](C(N)=O)C1)c1ccccc1SC,C006,8,lowest-energy,poses/A71EV2A-x6853a/A71EV2A-x6853a_lowest-energy.sdf,A71EV2A-x6853a,4,0.240,0.995,-152.636,-37.420,TRUE,d285e66746869991894e590b92eeacff10fe3eb6c2e621da951505b7dc7abaa6,poses/A71EV2A-x6853a/A71EV2A-x6853a_lowest-energy.openstructure.json,21e32007db9fda78cb3bb13eda9204daa09efd0ff89b7c697dedcf7978c80b05,poses/A71EV2A-x6853a/A71EV2A-x6853a_lowest-energy.posebusters.csv,e37042ea4a9495e4062cf191550fe10c1129a2c01be62b2d90265537b6cf4a17
A71EV2A-x6853_A_4000_0_1_A71EV2A-x0526+A+147+0+1__LIG,CCC(=O)N[C@@H](C(=O)N1CC[C@H](C(N)=O)C1)c1ccccc1SC,C006,8,best-RMSD,poses/A71EV2A-x6853a/A71EV2A-x6853a_best-RMSD.sdf,A71EV2A-x6853a,3,0.204,1.000,-152.283,-37.180,TRUE,1eab61aad4c827cfecb287ed0ec74e678dc51537ce4255428e0f16f7b8b08cd4,poses/A71EV2A-x6853a/A71EV2A-x6853a_best-RMSD.openstructure.json,e64bb09421a4181ca15e08409e686f90a0518b14588bfa9006bd1ec824abd68d,poses/A71EV2A-x6853a/A71EV2A-x6853a_best-RMSD.posebusters.csv,ef46d75b7db81f2c7af5748d02c525ebcc916feb360561cd36f9f854e784adf7
A71EV2A-x6738_A_201_0_1_A71EV2A-x0526+A+147+0+1__LIG,CCC1(CC)CCN(c2ncnc(SC)c2CC(=O)N2CCC[C@H](C(N)=O)C2)C1,C002,8,lowest-energy,poses/A71EV2A-x6738a/A71EV2A-x6738a_lowest-energy.sdf,A71EV2A-x6738a,8,1.662,0.912,-109.074,-33.220,TRUE,39c7dd4b23423189d99780db2192691e7eafbbd0fb6489453946f718b6aef17f,poses/A71EV2A-x6738a/A71EV2A-x6738a_lowest-energy.openstructure.json,68035c24af822fece7a252450219ef316497397d9ac0675d9749c6f83692bff5,poses/A71EV2A-x6738a/A71EV2A-x6738a_lowest-energy.posebusters.csv,12b787fe4e386ded80b6792cec3dd9774a6aca1c41a052be7728d6a6ead205b7
A71EV2A-x6738_A_201_0_1_A71EV2A-x0526+A+147+0+1__LIG,CCC1(CC)CCN(c2ncnc(SC)c2CC(=O)N2CCC[C@H](C(N)=O)C2)C1,C002,8,best-RMSD,poses/A71EV2A-x6738a/A71EV2A-x6738a_best-RMSD.sdf,A71EV2A-x6738a,3,1.071,0.968,-102.437,-32.450,TRUE,e16f2c2ee31c4f28932a854a105ffddbfce27518a6b51e869811505fbcec5c6b,poses/A71EV2A-x6738a/A71EV2A-x6738a_best-RMSD.openstructure.json,480784606775ce6239fe20c9f77fe42d2d8235482d64fbbcc307c5c5f8f5c170,poses/A71EV2A-x6738a/A71EV2A-x6738a_best-RMSD.posebusters.csv,71a680f5fe56a4b7018029b494ed8766f9e5764d23066f54a1ce62a4ad20d9f9
A71EV2A-x7169_A_4000_0_1_A71EV2A-x0526+A+147+0+1__LIG,CCC1(CC)CN(c2ncnc(SC)c2CC(=O)N2CCC[C@H](C(N)=O)C2)CCS1(=O)=O,C002,8,lowest-energy,poses/A71EV2A-x7169a/A71EV2A-x7169a_lowest-energy.sdf,A71EV2A-x7169a,6,0.284,0.999,-118.364,-36.410,TRUE,cd82b2e93515ff6436f4d8101de836addb580398f57ae4ea4c0ece12ae26ccdb,poses/A71EV2A-x7169a/A71EV2A-x7169a_lowest-energy.openstructure.json,aff8113b1d42c2fc09945e4f2734a881b703cc20acd1db38d1512dceefe240cc,poses/A71EV2A-x7169a/A71EV2A-x7169a_lowest-energy.posebusters.csv,a733a3a06be9e87ef378901b9c4f1635f8df370c0b40163865960726fbe34b8e
A71EV2A-x7169_A_4000_0_1_A71EV2A-x0526+A+147+0+1__LIG,CCC1(CC)CN(c2ncnc(SC)c2CC(=O)N2CCC[C@H](C(N)=O)C2)CCS1(=O)=O,C002,8,best-RMSD,poses/A71EV2A-x7169a/A71EV2A-x7169a_best-RMSD.sdf,A71EV2A-x7169a,5,0.274,1.000,-117.264,-35.450,TRUE,87243001da41acc6b4e831d406d29e702834e26a1b42fbda6cf9633232e9adaa,poses/A71EV2A-x7169a/A71EV2A-x7169a_best-RMSD.openstructure.json,2d2731ca8c15e93f50fb8de65d1bba7103d150adac4fe1ddbb753a8eed4141a2,poses/A71EV2A-x7169a/A71EV2A-x7169a_best-RMSD.posebusters.csv,f6d8897225fcb8d24021be1e7f6190dc749d29a82bffc3ea8b603d2cea5683e9
A71EV2A-x5288_A_201_0_1_A71EV2A-x0526+A+147+0+1__LIG,CCCSc1cccc(OC)c1NC(=O)N1CCC[C@H](C(N)=O)C1,C003,8,lowest-energy,poses/A71EV2A-x5288b/A71EV2A-x5288b_lowest-energy.sdf,A71EV2A-x5288b,7,1.399,0.957,-132.409,-37.950,TRUE,fa86842add9edade0e3d89f031493fb6a0c6f2ffb005a8e0d20dde03c6f33da8,poses/A71EV2A-x5288b/A71EV2A-x5288b_lowest-energy.openstructure.json,ce71889d80f8f2f259f874ae7a4170c8528cd469056fbe63ebfe360b0536a970,poses/A71EV2A-x5288b/A71EV2A-x5288b_lowest-energy.posebusters.csv,0750513500aa02534bca0cf7c807ede6bf9eed8a8b628cd6d6a4b4d14e436a79
A71EV2A-x5288_A_201_0_1_A71EV2A-x0526+A+147+0+1__LIG,CCCSc1cccc(OC)c1NC(=O)N1CCC[C@H](C(N)=O)C1,C003,8,best-RMSD,poses/A71EV2A-x5288b/A71EV2A-x5288b_best-RMSD.sdf,A71EV2A-x5288b,2,1.127,0.979,-130.205,-36.710,TRUE,e1d0ead94f3cfd3a467f3c493561841b4957633fc493cf34d103ee3b64f69170,poses/A71EV2A-x5288b/A71EV2A-x5288b_best-RMSD.openstructure.json,4fe9d6a9f11ef01d821dedf1f5311810a1c47a769b81f2191bf13c00e70d8768,poses/A71EV2A-x5288b/A71EV2A-x5288b_best-RMSD.posebusters.csv,f35c78384a2f377b4908b3491aa463f0dc57389ef7671b4e9a3ebb81ae374405
A71EV2A-x3944_A_201_0_1_A71EV2A-x0526+A+147+0+1__LIG,CCN(CC1CC1)C(=O)c1cccc(CC(=O)N2CCC[C@H](C(N)=O)C2)c1,C046,9,lowest-energy,poses/A71EV2A-x3944a/A71EV2A-x3944a_lowest-energy.sdf,A71EV2A-x3944a,1,2.817,0.837,-96.621,-30.230,TRUE,5ef8c030ac2f5d2836d5d5f9614b39bd5c97d9d949aab779f0fa7127a108c89d,poses/A71EV2A-x3944a/A71EV2A-x3944a_lowest-energy.openstructure.json,d84477591e15441362e0d82a2436d64014c5c18548426c10de705f3aa06e2937,poses/A71EV2A-x3944a/A71EV2A-x3944a_lowest-energy.posebusters.csv,b49a7d1b451ea31b140a73125bea33d891026e51e5418c55155c10e51733c84a
A71EV2A-x3944_A_201_0_1_A71EV2A-x0526+A+147+0+1__LIG,CCN(CC1CC1)C(=O)c1cccc(CC(=O)N2CCC[C@H](C(N)=O)C2)c1,C046,9,best-RMSD,poses/A71EV2A-x3944a/A71EV2A-x3944a_best-RMSD.sdf,A71EV2A-x3944a,10,2.484,0.894,-93.167,-29.720,TRUE,36728421dbf650d28b50cdc5b1a74e1477e9b0ca0e2f9899ed3bcfe05d94ffa3,poses/A71EV2A-x3944a/A71EV2A-x3944a_best-RMSD.openstructure.json,eaadaeb46b86ff67c11f31fe8c0d2782f9eae8742acb91d772c6569420359544,poses/A71EV2A-x3944a/A71EV2A-x3944a_best-RMSD.posebusters.csv,36c3d48af78593b986e1da5865ab206ba18c23021e6cb1dc751eff0b45e70a01
A71EV2A-x7432_A_4000_0_1_A71EV2A-x0526+A+147+0+1__LIG,CCN(c1ncnc(SC)c1CC(=O)N1CCC[C@H](C(N)=O)C1)C(C)C,C002,8,lowest-energy,poses/A71EV2A-x7432a/A71EV2A-x7432a_lowest-energy.sdf,A71EV2A-x7432a,7,0.835,0.977,-105.430,-31.240,TRUE,bf0ca48fafbd3ecc3a6c54acc83d54cf2b578b6a6d986eb6e659ce583c29146a,poses/A71EV2A-x7432a/A71EV2A-x7432a_lowest-energy.openstructure.json,4555a6ac4293030bc6dabbde41ecc2f970b67f1e76bdce418093dee3b1b4399c,poses/A71EV2A-x7432a/A71EV2A-x7432a_lowest-energy.posebusters.csv,5fc9c586765561c5f9799048372ff69b46cd1d7aa42784e6c0f7bf7a0ada86d8
A71EV2A-x7432_A_4000_0_1_A71EV2A-x0526+A+147+0+1__LIG,CCN(c1ncnc(SC)c1CC(=O)N1CCC[C@H](C(N)=O)C1)C(C)C,C002,8,best-RMSD,poses/A71EV2A-x7432a/A71EV2A-x7432a_best-RMSD.sdf,A71EV2A-x7432a,8,0.827,0.968,-103.754,-30.580,TRUE,3e2d43fe252d0079b2a28f661d9b58a7a35df3390215fd7e49914b0e674230b2,poses/A71EV2A-x7432a/A71EV2A-x7432a_best-RMSD.openstructure.json,65e8f8a2e4b5224f2f7a2aea2759abc473e3a9e12907680d227586df3ac6c76c,poses/A71EV2A-x7432a/A71EV2A-x7432a_best-RMSD.posebusters.csv,4f6bcc789a22819732ccfdd69316b4246646b530d802d6e5d3b6431fdb78cc10
A71EV2A-x3618_A_201_A_1_A71EV2A-x0526+A+147+0+1_ALIG,CCNC(=O)c1cccc(NC(=O)N2CCC[C@H](C(N)=O)C2)c1,C003,7,lowest-energy,poses/A71EV2A-x3618a/A71EV2A-x3618a_lowest-energy.sdf,A71EV2A-x3618a,4,0.308,0.995,-156.209,-40.230,TRUE,dcaaabb3802687e5cc16d54ebb6e37e1c1b238ad5db71d69149d285b0ee8889c,poses/A71EV2A-x3618a/A71EV2A-x3618a_lowest-energy.openstructure.json,a016f79da8fbf852fa678bf292c5ec0ca13e2ceae4e373e69e5c021e81dcc8ec,poses/A71EV2A-x3618a/A71EV2A-x3618a_lowest-energy.posebusters.csv,d12805190970b44744d50f77b66c2c3b2160c69dfaa4c30e5144bcfe1bfd43e3
A71EV2A-x3618_A_201_A_1_A71EV2A-x0526+A+147+0+1_ALIG,CCNC(=O)c1cccc(NC(=O)N2CCC[C@H](C(N)=O)C2)c1,C003,7,best-RMSD,poses/A71EV2A-x3618a/A71EV2A-x3618a_best-RMSD.sdf,A71EV2A-x3618a,3,0.278,0.996,-154.262,-38.620,TRUE,7fa46b9cc6257ba0fcc9fb7f9ed741a499fbe6cddcec2609dbd6d04bbf69c1bc,poses/A71EV2A-x3618a/A71EV2A-x3618a_best-RMSD.openstructure.json,07a98401d937ba292bdce019a1f6a879c52c67b11d90a7be8bef230ad232666e,poses/A71EV2A-x3618a/A71EV2A-x3618a_best-RMSD.posebusters.csv,9db3647aaa3869808c58373714c2dba815ee23bf16803c37a21620d2fce5db52
A71EV2A-x6841_A_4000_0_1_A71EV2A-x0526+A+147+0+1__LIG,CCOC(=O)N[C@@H](C(=O)N1CC[C@H](C(N)=O)C1)c1ccccc1SC,C006,9,lowest-energy,poses/A71EV2A-x6841a/A71EV2A-x6841a_lowest-energy.sdf,A71EV2A-x6841a,9,0.243,1.000,-156.430,-41.810,TRUE,97e58d0415011df3c029151e51308a141858840cb7ddbbf9e8f85683f9f2ebab,poses/A71EV2A-x6841a/A71EV2A-x6841a_lowest-energy.openstructure.json,f7de638b38977c1968814dc744166c0dd4b07c6777c71a98417c7a4a45a96775,poses/A71EV2A-x6841a/A71EV2A-x6841a_lowest-energy.posebusters.csv,cdc38708aa2be274c2e5e04e2c8a7d4827bce48ece6f04498a335bdf5a1e1d7c
A71EV2A-x6841_A_4000_0_1_A71EV2A-x0526+A+147+0+1__LIG,CCOC(=O)N[C@@H](C(=O)N1CC[C@H](C(N)=O)C1)c1ccccc1SC,C006,9,best-RMSD,poses/A71EV2A-x6841a/A71EV2A-x6841a_best-RMSD.sdf,A71EV2A-x6841a,8,0.191,1.000,-156.152,-42.420,TRUE,c3995fcc06faaf267ee6ae14dd2596e47e09f443defe29e46b25fe1df348741e,poses/A71EV2A-x6841a/A71EV2A-x6841a_best-RMSD.openstructure.json,61394139c348a75493330ba3c33bad0951cd332a62f48839ad16b45d80046d7b,poses/A71EV2A-x6841a/A71EV2A-x6841a_best-RMSD.posebusters.csv,a0206c71afaf7dca2317b82cbd6b479560cfb036324de32723580165b83f1404
A71EV2A-x6844_A_4000_0_1_A71EV2A-x0526+A+147+0+1__LIG,CCOC(=O)N[C@H](C(=O)N1CC[C@H](C(N)=O)C1)c1ccccc1SC,C006,9,lowest-energy,poses/A71EV2A-x6844a/A71EV2A-x6844a_lowest-energy.sdf,A71EV2A-x6844a,4,0.233,1.000,-144.915,-41.570,TRUE,7a5b0ab5bb0d8e75df909ebae3e5da0d5bdde25ef970a5a76a13d6d383e416a8,poses/A71EV2A-x6844a/A71EV2A-x6844a_lowest-energy.openstructure.json,1bdd7c6d70a494b0c99bd42b7498d93e29582c1527a0bfb3d4dac2b34ab6b5fe,poses/A71EV2A-x6844a/A71EV2A-x6844a_lowest-energy.posebusters.csv,03b12c0e44f1f793f3890b5025c8bd9e1c5dbfa3eed8a8a89de70f7bc859eadd
A71EV2A-x6844_A_4000_0_1_A71EV2A-x0526+A+147+0+1__LIG,CCOC(=O)N[C@H](C(=O)N1CC[C@H](C(N)=O)C1)c1ccccc1SC,C006,9,best-RMSD,poses/A71EV2A-x6844a/A71EV2A-x6844a_best-RMSD.sdf,A71EV2A-x6844a,4,0.233,1.000,-144.915,-41.570,TRUE,223465268126db3da2c4ffa759eef978826c99617605f86f8a8dbb18dffb4353,poses/A71EV2A-x6844a/A71EV2A-x6844a_best-RMSD.openstructure.json,1bdd7c6d70a494b0c99bd42b7498d93e29582c1527a0bfb3d4dac2b34ab6b5fe,poses/A71EV2A-x6844a/A71EV2A-x6844a_best-RMSD.posebusters.csv,03b12c0e44f1f793f3890b5025c8bd9e1c5dbfa3eed8a8a89de70f7bc859eadd
A71EV2A-x7446_A_201_0_1_A71EV2A-x0526+A+147+0+1__LIG,CCS(=O)(=O)N1CCN(c2ncnc(SC)c2CC(=O)N2CCC[C@H](C(N)=O)C2)[C@H](C)C1,C002,8,lowest-energy,poses/A71EV2A-x7446a/A71EV2A-x7446a_lowest-energy.sdf,A71EV2A-x7446a,4,2.341,0.868,-122.436,-37.810,TRUE,496c859b8393d480c0d792ccff3365871fae848426bb677d24bb21199ca8c02b,poses/A71EV2A-x7446a/A71EV2A-x7446a_lowest-energy.openstructure.json,ccb4fd985bd1b49960ab966134c2ffbb8bd90e1ef4556808f8ec5def797775f4,poses/A71EV2A-x7446a/A71EV2A-x7446a_lowest-energy.posebusters.csv,1287138bb745ff9f9e1edb2a9922787b0e824b363c1d50d6b1386234fb3b0f6a
A71EV2A-x7446_A_201_0_1_A71EV2A-x0526+A+147+0+1__LIG,CCS(=O)(=O)N1CCN(c2ncnc(SC)c2CC(=O)N2CCC[C@H](C(N)=O)C2)[C@H](C)C1,C002,8,best-RMSD,poses/A71EV2A-x7446a/A71EV2A-x7446a_best-RMSD.sdf,A71EV2A-x7446a,10,0.483,0.988,-121.110,-35.470,TRUE,edf3b0ca0840bc182e707c2e13f5e5521bcf3611e7c3e39886a2410abad5cd76,poses/A71EV2A-x7446a/A71EV2A-x7446a_best-RMSD.openstructure.json,d20f10c0a137395c71bfa1701354de4476b006a5dbad62dee86c7479f230d0c7,poses/A71EV2A-x7446a/A71EV2A-x7446a_best-RMSD.posebusters.csv,740205cd7a214f6626a0cd05222790a943c301555bdf4d0ad7183ad86384d2c7
A71EV2A-x4309_A_201_0_1_A71EV2A-x0526+A+147+0+1__LIG,CCS(=O)(=O)c1ccc(OC)c(NC(=O)N2CCC[C@H](C(N)=O)C2)c1,C003,7,lowest-energy,poses/A71EV2A-x4309b/A71EV2A-x4309b_lowest-energy.sdf,A71EV2A-x4309b,1,0.496,0.986,-147.113,-40.740,TRUE,7159014162f9646f0f52e749e03f0a83a58d1cf8a8d8e1346b7c8797c081ef37,poses/A71EV2A-x4309b/A71EV2A-x4309b_lowest-energy.openstructure.json,9e0fe99fb6ae884e1f2c3261398f47bf8d066e1ba51f622115373083467db85b,poses/A71EV2A-x4309b/A71EV2A-x4309b_lowest-energy.posebusters.csv,ed99dda0019534b884a4ef6719ffb16b9a0e2e7e50db36a33607ba40c4a1bbbc
A71EV2A-x4309_A_201_0_1_A71EV2A-x0526+A+147+0+1__LIG,CCS(=O)(=O)c1ccc(OC)c(NC(=O)N2CCC[C@H](C(N)=O)C2)c1,C003,7,best-RMSD,poses/A71EV2A-x4309b/A71EV2A-x4309b_best-RMSD.sdf,A71EV2A-x4309b,7,0.222,1.000,-145.401,-39.630,TRUE,37bbb2fc69007aebd1e3093faba209a167558150d4022f67097004257ccfd0f7,poses/A71EV2A-x4309b/A71EV2A-x4309b_best-RMSD.openstructure.json,0ad3f6023800140fb579d481ee67d4fd1477dcbf75d89715a0986ada388dbe38,poses/A71EV2A-x4309b/A71EV2A-x4309b_best-RMSD.posebusters.csv,5a942d43fe120b65834426c869d8156aeeb704c2997e94ba50c479142504064a
A71EV2A-x5539_A_201_0_1_A71EV2A-x0526+A+147+0+1__LIG,CCSc1ccccc1OC(=O)N1CCC[C@H](C(N)=O)C1,C001,6,lowest-energy,poses/A71EV2A-x5539b/A71EV2A-x5539b_lowest-energy.sdf,A71EV2A-x5539b,4,0.643,0.943,-112.496,-29.380,TRUE,59cdcdad6ec2b9c9427b9ce74454a429e4ad1c1a97457477be54a25cbc8f5759,poses/A71EV2A-x5539b/A71EV2A-x5539b_lowest-energy.openstructure.json,0c1eee3a42d572e2b3aaa517befa2c9ce215cce15568ed1c7b49909734f9f9a0,poses/A71EV2A-x5539b/A71EV2A-x5539b_lowest-energy.posebusters.csv,c24ff7231a76156d4143a913052a1fb52ce64a718f6cb70fd82fffafe17c6cd2
A71EV2A-x5539_A_201_0_1_A71EV2A-x0526+A+147+0+1__LIG,CCSc1ccccc1OC(=O)N1CCC[C@H](C(N)=O)C1,C001,6,best-RMSD,poses/A71EV2A-x5539b/A71EV2A-x5539b_best-RMSD.sdf,A71EV2A-x5539b,1,0.209,0.995,-112.390,-29.640,TRUE,a17589929fbfef8c0153c3605cf12fa07d1c5286b61050f28d55f485e1793415,poses/A71EV2A-x5539b/A71EV2A-x5539b_best-RMSD.openstructure.json,5ef35a4c48d3543abec8a7d7a7a363d4bedb542305f317cbcac2c485fda3a72c,poses/A71EV2A-x5539b/A71EV2A-x5539b_best-RMSD.posebusters.csv,773dacbfb29e4cec587164c7a8eb9d25c1cd009620bfb7ae01d3c0bcdfbb29de
A71EV2A-x5699_A_4000_0_1_A71EV2A-x0526+A+147+0+1__LIG,CC[C@@H](c1cc(F)cc(Br)c1)N1C[C@@H](C(N)=O)CCC1=O,C016,4,lowest-energy,poses/A71EV2A-x5699a/A71EV2A-x5699a_lowest-energy.sdf,A71EV2A-x5699a,1,1.945,0.816,-97.738,-30.450,TRUE,27f2cc0cadfa7d977f54ebb9562a160dfeb9941015849f6a075ea1192dd95d05,poses/A71EV2A-x5699a/A71EV2A-x5699a_lowest-energy.openstructure.json,171859d7387dc7e966d1b60c38d82dc1b25e10463f8284edaaf4ea11c12f2a4e,poses/A71EV2A-x5699a/A71EV2A-x5699a_lowest-energy.posebusters.csv,e1a19a3f749ee6460f5445ef49f70ba6a29e78f849b77f5bdab7671be6d37056
A71EV2A-x5699_A_4000_0_1_A71EV2A-x0526+A+147+0+1__LIG,CC[C@@H](c1cc(F)cc(Br)c1)N1C[C@@H](C(N)=O)CCC1=O,C016,4,best-RMSD,poses/A71EV2A-x5699a/A71EV2A-x5699a_best-RMSD.sdf,A71EV2A-x5699a,9,0.772,0.925,-94.129,-30.570,TRUE,c73584128c46cf246bc1c2c7a60f8dfdb0880f4c39d749b0f65f27efcd8a4bf0,poses/A71EV2A-x5699a/A71EV2A-x5699a_best-RMSD.openstructure.json,7e805d75275ac7131bf8d2fd55f9a5b5e13cd71d8524e5da648ec330ae6af9bc,poses/A71EV2A-x5699a/A71EV2A-x5699a_best-RMSD.posebusters.csv,c2391e9f3dcf56d4665d6817d9c437283086edef4e5758a452d76247080aea22
A71EV2A-x5676_A_204_0_1_A71EV2A-x0526+A+147+0+1__LIG,CC[C@@H](c1ccc(Cl)c(Cl)c1)N1C[C@@H](C(N)=O)CCC1=O,C016,4,lowest-energy,poses/A71EV2A-x5676a/A71EV2A-x5676a_lowest-energy.sdf,A71EV2A-x5676a,1,1.597,0.850,-96.103,-29.620,TRUE,fc99202190ba2108845665525ca63dd551d289d5a977ede5cc93b4046a25b935,poses/A71EV2A-x5676a/A71EV2A-x5676a_lowest-energy.openstructure.json,6290a20565554d5c608a38837d9b77ce58bbd5f048c6e68596442047773ee77f,poses/A71EV2A-x5676a/A71EV2A-x5676a_lowest-energy.posebusters.csv,c27a7a95c42f909dae10fae6d04d72688aae6fa608ea547a1fb4a51358f4ce43
A71EV2A-x5676_A_204_0_1_A71EV2A-x0526+A+147+0+1__LIG,CC[C@@H](c1ccc(Cl)c(Cl)c1)N1C[C@@H](C(N)=O)CCC1=O,C016,4,best-RMSD,poses/A71EV2A-x5676a/A71EV2A-x5676a_best-RMSD.sdf,A71EV2A-x5676a,3,0.611,0.980,-92.039,-27.910,TRUE,f85367aaf7388f1fef2763ff24e09d2037bd4f960ebe8da407de167a7a6eb54b,poses/A71EV2A-x5676a/A71EV2A-x5676a_best-RMSD.openstructure.json,9ce35be9cfa7b30c4e8ba4e59648cabfc91bf67960ce72a8fce2663a4c8c1a36,poses/A71EV2A-x5676a/A71EV2A-x5676a_best-RMSD.posebusters.csv,e2aecc29ea3e0a064a7e47d80c0daffe3ddd970b95c4ca7ce0060eb6b7fbbf4c
A71EV2A-x5381_A_201_0_1_A71EV2A-x0526+A+147+0+1__LIG,CC[C@@H](c1cccc2cc[nH]c12)N1C[C@@H](C(N)=O)CCC1=O,C016,4,lowest-energy,poses/A71EV2A-x5381a/A71EV2A-x5381a_lowest-energy.sdf,A71EV2A-x5381a,10,0.201,1.000,-92.724,-34.670,TRUE,3f6b8684daf69fb1ac3ff23cc3d627a9dd5ebab8b14452f34344ac7267a62d69,poses/A71EV2A-x5381a/A71EV2A-x5381a_lowest-energy.openstructure.json,1a189173ece488b7218010f308e07cd3c02ec5c3f15e2a3c9d8db74eef41404f,poses/A71EV2A-x5381a/A71EV2A-x5381a_lowest-energy.posebusters.csv,06f8fdf90e30f47e5539194e53712c307bec07133b02eb22eaab03f161aa441f
A71EV2A-x5381_A_201_0_1_A71EV2A-x0526+A+147+0+1__LIG,CC[C@@H](c1cccc2cc[nH]c12)N1C[C@@H](C(N)=O)CCC1=O,C016,4,best-RMSD,poses/A71EV2A-x5381a/A71EV2A-x5381a_best-RMSD.sdf,A71EV2A-x5381a,3,0.146,1.000,-92.485,-34.620,TRUE,d6aa631c0aa72efab0a3dfc8070185e9a738ed2c5412a5af5398beacad324206,poses/A71EV2A-x5381a/A71EV2A-x5381a_best-RMSD.openstructure.json,864ff1aff949fe671900c44e5eaab083e7edb8873fffe1e9c9b1053ec19d7484,poses/A71EV2A-x5381a/A71EV2A-x5381a_best-RMSD.posebusters.csv,eb69791b384ebe8088933daebaa9c5d7d112674adc33e56f0102d74f99b6b3c0
A71EV2A-x7510_A_207_0_1_A71EV2A-x0526+A+147+0+1__LIG,CC[C@@H]1CCCN1c1ncnc(SC)c1CC(=O)N1CCC[C@H](C(N)=O)C1,C002,7,lowest-energy,poses/A71EV2A-x7510b/A71EV2A-x7510b_lowest-energy.sdf,A71EV2A-x7510b,4,0.694,0.973,-114.124,-36.370,TRUE,0a7037e75c5ee85cbd3841cb8347af5d7490549520f6bc10a01f07d27ede8f33,poses/A71EV2A-x7510b/A71EV2A-x7510b_lowest-energy.openstructure.json,295ddcfc58b367a9264cbaa2a23d9f592b53e95e97dd9128590e8b1442cc96d6,poses/A71EV2A-x7510b/A71EV2A-x7510b_lowest-energy.posebusters.csv,fc379254bea20bc7d03ee973d5f4aababfc17b046f85c2b9111ac586e84176c1
A71EV2A-x7510_A_207_0_1_A71EV2A-x0526+A+147+0+1__LIG,CC[C@@H]1CCCN1c1ncnc(SC)c1CC(=O)N1CCC[C@H](C(N)=O)C1,C002,7,best-RMSD,poses/A71EV2A-x7510b/A71EV2A-x7510b_best-RMSD.sdf,A71EV2A-x7510b,4,0.694,0.973,-114.124,-36.370,TRUE,f2173047dc2202e658e149b5f399aa6237a6a07524fea7beea9193d6948e0c52,poses/A71EV2A-x7510b/A71EV2A-x7510b_best-RMSD.openstructure.json,295ddcfc58b367a9264cbaa2a23d9f592b53e95e97dd9128590e8b1442cc96d6,poses/A71EV2A-x7510b/A71EV2A-x7510b_best-RMSD.posebusters.csv,fc379254bea20bc7d03ee973d5f4aababfc17b046f85c2b9111ac586e84176c1
A71EV2A-x7613_A_4000_0_1_A71EV2A-x0526+A+147+0+1__LIG,CC[C@@H]1CS[C@H](C(N)=O)CN1C(=O)Oc1cc(Br)ccc1SC,C005,6,lowest-energy,poses/A71EV2A-x7613a/A71EV2A-x7613a_lowest-energy.sdf,A71EV2A-x7613a,7,0.274,0.999,-115.385,-28.920,TRUE,1fb93aad868857de8d032b8e78e87fe38ae5653bb0e6d0c1889d95d49aa85db3,poses/A71EV2A-x7613a/A71EV2A-x7613a_lowest-energy.openstructure.json,ed44661a8758b05fd3c3817bf1602ba01328575fb4f8387327aad7d9890c3d17,poses/A71EV2A-x7613a/A71EV2A-x7613a_lowest-energy.posebusters.csv,c3eaa0eb94a965bb029902c1b110ef4d43b7ef9041be938bce23fd81e4caa264
A71EV2A-x7613_A_4000_0_1_A71EV2A-x0526+A+147+0+1__LIG,CC[C@@H]1CS[C@H](C(N)=O)CN1C(=O)Oc1cc(Br)ccc1SC,C005,6,best-RMSD,poses/A71EV2A-x7613a/A71EV2A-x7613a_best-RMSD.sdf,A71EV2A-x7613a,8,0.236,1.000,-115.056,-29.150,TRUE,40226e59ea4b6528778cf1e685a5090902a95a4365afb8c0a964946dc6113b27,poses/A71EV2A-x7613a/A71EV2A-x7613a_best-RMSD.openstructure.json,df97be7353a7a61253a109d8c17bc93329472a3dfb40cc8e64901f5f91cd6334,poses/A71EV2A-x7613a/A71EV2A-x7613a_best-RMSD.posebusters.csv,01b9a1bbde7f82b661456a11b4ef8a798970033553bbbd16af9f0804e226988f
A71EV2A-x7011_A_4000_0_1_A71EV2A-x0526+A+147+0+1__LIG,CC[C@H]1CCCN1c1ncnc(SC)c1CC(=O)N1CCC[C@H](C(N)=O)C1,C002,7,lowest-energy,poses/A71EV2A-x7011a/A71EV2A-x7011a_lowest-energy.sdf,A71EV2A-x7011a,6,1.573,0.946,-111.109,-32.090,TRUE,9b47f4fa94710edd7d423351920a3cb5a95efb9da598050dfa75c7b8e0e4c126,poses/A71EV2A-x7011a/A71EV2A-x7011a_lowest-energy.openstructure.json,6713f7868d5b014f1c496466e97e1827837fc4689da9e8e2b0eed206cd2cde48,poses/A71EV2A-x7011a/A71EV2A-x7011a_lowest-energy.posebusters.csv,aef71c5ad63fe8cbec0c4baeb524055351a8ae6283c8a13bfe508c63cc77ac65
A71EV2A-x7011_A_4000_0_1_A71EV2A-x0526+A+147+0+1__LIG,CC[C@H]1CCCN1c1ncnc(SC)c1CC(=O)N1CCC[C@H](C(N)=O)C1,C002,7,best-RMSD,poses/A71EV2A-x7011a/A71EV2A-x7011a_best-RMSD.sdf,A71EV2A-x7011a,10,0.727,0.990,-109.318,-32.200,TRUE,28bad7a495e6bb4356467cb77496e945c4a7ef012c0fe1b0bc54acd66ba545b1,poses/A71EV2A-x7011a/A71EV2A-x7011a_best-RMSD.openstructure.json,b939e24a47c4c9b0602e9bdd252ae9818627fa4affcc51eed697309a1346dd24,poses/A71EV2A-x7011a/A71EV2A-x7011a_best-RMSD.posebusters.csv,e351167d0920bd0deadaece686e43ee8e69b1bc53c93e017080d282b7c1adfd2
A71EV2A-x7321_A_4000_0_1_A71EV2A-x0526+A+147+0+1__LIG,CC[C@H]1CS[C@H](C(N)=O)CN1C(=O)Oc1cc(Br)ccc1SC,C005,6,lowest-energy,poses/A71EV2A-x7321a/A71EV2A-x7321a_lowest-energy.sdf,A71EV2A-x7321a,3,0.885,0.949,-109.852,-31.420,TRUE,d6de65f289f536207935eef55e29093ad96396850ddc9c4addbcc2f56357dd3b,poses/A71EV2A-x7321a/A71EV2A-x7321a_lowest-energy.openstructure.json,dbcf8b1f492dd46da7f0a2acd9e51b3d3a0f015a4cfbba7ad2729d3bb115ead7,poses/A71EV2A-x7321a/A71EV2A-x7321a_lowest-energy.posebusters.csv,d8a8e1681542ab997b2deeeb1e2d776386b5675edff3379890b9348f314fb492
A71EV2A-x7321_A_4000_0_1_A71EV2A-x0526+A+147+0+1__LIG,CC[C@H]1CS[C@H](C(N)=O)CN1C(=O)Oc1cc(Br)ccc1SC,C005,6,best-RMSD,poses/A71EV2A-x7321a/A71EV2A-x7321a_best-RMSD.sdf,A71EV2A-x7321a,7,0.230,0.996,-64.218,-31.930,TRUE,3f2db6d636feadfc81db9ce8ef82cf70da7e57dbf6aaea4f0d51875ba23246a5,poses/A71EV2A-x7321a/A71EV2A-x7321a_best-RMSD.openstructure.json,af909eadfc060298747bf6fab45a78a227ef1af2f5504cce056ccde863309256,poses/A71EV2A-x7321a/A71EV2A-x7321a_best-RMSD.posebusters.csv,10e26133a8b3b02febc85a95814ebee664af047a085a326548adca31a2a86290
A71EV2A-x4331_A_201_0_1_A71EV2A-x0526+A+147+0+1__LIG,CCc1ccccc1CC(=O)N1CCC[C@H](C(N)=O)C1,C001,5,lowest-energy,poses/A71EV2A-x4331a/A71EV2A-x4331a_lowest-energy.sdf,A71EV2A-x4331a,4,0.284,0.998,-108.590,-33.020,TRUE,b31d94719a78bebb9ed44272393e92750650daa37c73381255251abb42c6d785,poses/A71EV2A-x4331a/A71EV2A-x4331a_lowest-energy.openstructure.json,80c1418bff7cc9eefb7ff212fda357e33d2f76982f1bbb92c2c789167319aa1a,poses/A71EV2A-x4331a/A71EV2A-x4331a_lowest-energy.posebusters.csv,ca4ec1d9c03de16becf664f59a0096c5db1564dc9e7773fc2713040cc1cc8fb2
A71EV2A-x4331_A_201_0_1_A71EV2A-x0526+A+147+0+1__LIG,CCc1ccccc1CC(=O)N1CCC[C@H](C(N)=O)C1,C001,5,best-RMSD,poses/A71EV2A-x4331a/A71EV2A-x4331a_best-RMSD.sdf,A71EV2A-x4331a,1,0.231,1.000,-108.347,-33.010,TRUE,86e2bd41d7053aada71783d41a05c854786decabafcf4d2202013de8aa51811f,poses/A71EV2A-x4331a/A71EV2A-x4331a_best-RMSD.openstructure.json,88febf2eaf9a40d70ea7a403d07a34706a999e11b67afd646277ddc2ccf06ad2,poses/A71EV2A-x4331a/A71EV2A-x4331a_best-RMSD.posebusters.csv,8a58f16b96bf4cab7dddb94eec3a366143f2b6362f81b7e5ea657cb438d7c618
A71EV2A-x4954_A_201_0_1_A71EV2A-x0526+A+147+0+1__LIG,CCc1ccsc1CN1C[C@@H](C(N)=O)CCC1=O,C004,4,lowest-energy,poses/A71EV2A-x4954a/A71EV2A-x4954a_lowest-energy.sdf,A71EV2A-x4954a,5,0.438,0.989,-99.974,-27.190,TRUE,de383d362a6bda13234e6fef57280a675fc317a6c5afe13c31285841e68d44c7,poses/A71EV2A-x4954a/A71EV2A-x4954a_lowest-energy.openstructure.json,caf73c90a9de8d81083662517b776db65e56ed40196d3b8c97f94bad830a25ce,poses/A71EV2A-x4954a/A71EV2A-x4954a_lowest-energy.posebusters.csv,21ff7656d3880d9e55a1d0ab4ce1e5bc8b1fa3fedf72b6e5e0970e639ea1647a
A71EV2A-x4954_A_201_0_1_A71EV2A-x0526+A+147+0+1__LIG,CCc1ccsc1CN1C[C@@H](C(N)=O)CCC1=O,C004,4,best-RMSD,poses/A71EV2A-x4954a/A71EV2A-x4954a_best-RMSD.sdf,A71EV2A-x4954a,8,0.355,0.997,-99.286,-26.940,TRUE,7573241f6ee8319f582fcb0b40332d040e9e4f42959d42cdb6f36dde9caf25da,poses/A71EV2A-x4954a/A71EV2A-x4954a_best-RMSD.openstructure.json,22cf86a17055759237c936849aa96180fa1368dd7da92501c3a07b0678f07464,poses/A71EV2A-x4954a/A71EV2A-x4954a_best-RMSD.posebusters.csv,0159a320fc4dc4e5d76346a834d3d4c9960628d6d6be6e59ba35b9f304bb6839
A71EV2A-x6797_A_4000_0_1_A71EV2A-x0526+A+147+0+1__LIG,CCn1cc(C(=O)N[C@H](C(=O)N2CC[C@H](C(N)=O)C2)c2ccccc2SC)cn1,C006,9,lowest-energy,poses/A71EV2A-x6797a/A71EV2A-x6797a_lowest-energy.sdf,A71EV2A-x6797a,1,0.513,0.987,-131.892,-42.380,TRUE,b80efd5da7d325a38a07e6df9dbf68d04b381c97e81e15b892cde28d0d6532d5,poses/A71EV2A-x6797a/A71EV2A-x6797a_lowest-energy.openstructure.json,7d7f2d3bd63f48e0e6a9c2843adb0a6818a5d6fd81f80b6cb536961de8777d4a,poses/A71EV2A-x6797a/A71EV2A-x6797a_lowest-energy.posebusters.csv,334b7af7ac6509193a125fc6fe417e608724cc48752f8abfb4ca700713643709
A71EV2A-x6797_A_4000_0_1_A71EV2A-x0526+A+147+0+1__LIG,CCn1cc(C(=O)N[C@H](C(=O)N2CC[C@H](C(N)=O)C2)c2ccccc2SC)cn1,C006,9,best-RMSD,poses/A71EV2A-x6797a/A71EV2A-x6797a_best-RMSD.sdf,A71EV2A-x6797a,6,0.498,0.982,-131.777,-42.440,TRUE,d2c06b94b4d619fe75491d36588f92cf5c72fa2e265c138e9b1ac9e4812713a3,poses/A71EV2A-x6797a/A71EV2A-x6797a_best-RMSD.openstructure.json,ef790b1fa5542047f09238f3783c82581f5eb767e6e39ff0f23f2926f3800a55,poses/A71EV2A-x6797a/A71EV2A-x6797a_best-RMSD.posebusters.csv,e70d66800b1cd7d3791d99b8621aeedcc4cdc238864e901670cf9a41a3d8aeec
A71EV2A-x5753_A_4000_0_1_A71EV2A-x0526+A+147+0+1__LIG,CCn1ncc2c1C[C@@H](C(=O)N1CC[C@H](C(N)=O)C1)CC2,C047,4,lowest-energy,poses/A71EV2A-x5753a/A71EV2A-x5753a_lowest-energy.sdf,A71EV2A-x5753a,10,0.412,0.994,-95.453,-33.570,TRUE,a422db3ccbde0deeb18c0f97091432f9d7188034d4fb7109020ef9b5c69c25e1,poses/A71EV2A-x5753a/A71EV2A-x5753a_lowest-energy.openstructure.json,75a767de7b488214ae32f3a84286fe1378526806e36c0c28b3af6585eacc0731,poses/A71EV2A-x5753a/A71EV2A-x5753a_lowest-energy.posebusters.csv,06de567ca9c787f82f53a888a51b5ab212f0e6dd17e4f238bfa07707ac5efa49
A71EV2A-x5753_A_4000_0_1_A71EV2A-x0526+A+147+0+1__LIG,CCn1ncc2c1C[C@@H](C(=O)N1CC[C@H](C(N)=O)C1)CC2,C047,4,best-RMSD,poses/A71EV2A-x5753a/A71EV2A-x5753a_best-RMSD.sdf,A71EV2A-x5753a,3,0.266,0.999,-92.415,-31.870,TRUE,ab3c4ea02e80759e6409e881f35f21c9f39e21dc86e11996c009a7a8d0fa8bff,poses/A71EV2A-x5753a/A71EV2A-x5753a_best-RMSD.openstructure.json,bfffec3ec1377f205a8c6ed14386ccf3ce30520813d7626c25d832612ee7ad66,poses/A71EV2A-x5753a/A71EV2A-x5753a_best-RMSD.posebusters.csv,7fcb48152c0cd2066f8e7e3b261171eb9fbc0e4a7a5fee25d5c2ca0c5a219a0a
A71EV2A-x6945_A_1001_0_1_A71EV2A-x0526+A+147+0+1__LIG,CCn1nccc1C(=O)N[C@@H](C(=O)N1CC[C@H](C(N)=O)C1)c1ccccc1SC,C006,9,lowest-energy,poses/A71EV2A-x6945a/A71EV2A-x6945a_lowest-energy.sdf,A71EV2A-x6945a,3,0.368,0.992,-131.322,-39.360,TRUE,e5310affb75c89b80e08a3b1290064b46efb5cce4973426ef85804dffaa0b22b,poses/A71EV2A-x6945a/A71EV2A-x6945a_lowest-energy.openstructure.json,74f94013d63db3385238c653ba0a96bdb0a6203966869cef54b13dbe43e2276a,poses/A71EV2A-x6945a/A71EV2A-x6945a_lowest-energy.posebusters.csv,c4388cdf583d87d7ee93b8b35cf2b73fad6b3d011fecb9794f963718544938d9
A71EV2A-x6945_A_1001_0_1_A71EV2A-x0526+A+147+0+1__LIG,CCn1nccc1C(=O)N[C@@H](C(=O)N1CC[C@H](C(N)=O)C1)c1ccccc1SC,C006,9,best-RMSD,poses/A71EV2A-x6945a/A71EV2A-x6945a_best-RMSD.sdf,A71EV2A-x6945a,3,0.368,0.992,-131.322,-39.360,TRUE,9df6aab1de7e6d9380065c4bc41007250a1fd2e0e55f1ac5a1973e6db6fbff5e,poses/A71EV2A-x6945a/A71EV2A-x6945a_best-RMSD.openstructure.json,74f94013d63db3385238c653ba0a96bdb0a6203966869cef54b13dbe43e2276a,poses/A71EV2A-x6945a/A71EV2A-x6945a_best-RMSD.posebusters.csv,c4388cdf583d87d7ee93b8b35cf2b73fad6b3d011fecb9794f963718544938d9
A71EV2A-x5497_A_4000_0_1_A71EV2A-x0526+A+147+0+1__LIG,CN(C)C(=O)[C@@H](c1ccccc1)N1C[C@@H](C(N)=O)CC1=O,C030,5,lowest-energy,poses/A71EV2A-x5497a/A71EV2A-x5497a_lowest-energy.sdf,A71EV2A-x5497a,10,0.291,0.999,-117.402,-32.020,TRUE,305440d6f7613894bccf4dbae356129479c9325fe81c1726e4d06ebc6551b4ae,poses/A71EV2A-x5497a/A71EV2A-x5497a_lowest-energy.openstructure.json,d946366ae22e42763839124b4d704539f31d6c7c4feeb21b52777fcf3798d169,poses/A71EV2A-x5497a/A71EV2A-x5497a_lowest-energy.posebusters.csv,0316c1b5e1f0b490951c9103d6dc64908a677f6b0b26a28e0cf33a6e3c68f879
A71EV2A-x5497_A_4000_0_1_A71EV2A-x0526+A+147+0+1__LIG,CN(C)C(=O)[C@@H](c1ccccc1)N1C[C@@H](C(N)=O)CC1=O,C030,5,best-RMSD,poses/A71EV2A-x5497a/A71EV2A-x5497a_best-RMSD.sdf,A71EV2A-x5497a,5,0.253,0.999,-117.100,-31.220,TRUE,08591659559ea561818b6fdb4a1caae425c85176400c1e54fb88f485b4a80640,poses/A71EV2A-x5497a/A71EV2A-x5497a_best-RMSD.openstructure.json,e7a37e83dc9f9b35d2e421bb3ee3065789c7dfb8c3484b3eba17fa23c2ddca35,poses/A71EV2A-x5497a/A71EV2A-x5497a_best-RMSD.posebusters.csv,6b7362838423b367d39f2349a49bcff18360f94e2ea3f2b42227ae912da21b67
A71EV2A-x5949_A_4000_0_1_A71EV2A-x0526+A+147+0+1__LIG,CN(C)c1cccc2c1C[C@@H](C(=O)N1CC[C@H](C(N)=O)C1)S2,C048,4,lowest-energy,poses/A71EV2A-x5949a/A71EV2A-x5949a_lowest-energy.sdf,A71EV2A-x5949a,8,0.442,0.991,-100.073,-34.480,TRUE,679ca79d45f109db31782418b10bc8cae7f85e754190f92afd52a17b669d2082,poses/A71EV2A-x5949a/A71EV2A-x5949a_lowest-energy.openstructure.json,d93e7e7a3722ed274ff8d6a8a190a7fb1a9af1e5a546f835ed126bf538008c7f,poses/A71EV2A-x5949a/A71EV2A-x5949a_lowest-energy.posebusters.csv,197a233c5bd4767d81e6bc884a0fc1b2c9c71fc3859284c36f5a6dcdd265f35e
A71EV2A-x5949_A_4000_0_1_A71EV2A-x0526+A+147+0+1__LIG,CN(C)c1cccc2c1C[C@@H](C(=O)N1CC[C@H](C(N)=O)C1)S2,C048,4,best-RMSD,poses/A71EV2A-x5949a/A71EV2A-x5949a_best-RMSD.sdf,A71EV2A-x5949a,4,0.275,0.991,-98.475,-34.850,TRUE,11e7e1eccd3396d04dc8c1f797d131f6fcccc88958d3af9fc466254541f02d83,poses/A71EV2A-x5949a/A71EV2A-x5949a_best-RMSD.openstructure.json,8c62476523130924389a244af67783908dcba64a66797452929872492f5b40b8,poses/A71EV2A-x5949a/A71EV2A-x5949a_best-RMSD.posebusters.csv,bcfb8b8bc22e51b1be8d3a080b6d66cca7af3354263fc49694a33c4bd445210e
A71EV2A-x5584_A_201_0_1_A71EV2A-x0526+A+147+0+1__LIG,CN1CCc2cc(F)c(OC(=O)N3CCC[C@H](C(N)=O)C3)cc2C1,C015,4,lowest-energy,poses/A71EV2A-x5584a/A71EV2A-x5584a_lowest-energy.sdf,A71EV2A-x5584a,7,0.848,0.967,-102.463,-30.350,TRUE,7518aaf45d35a01eeff9769f138e451752c3bad4ce99829e095c46ec472de742,poses/A71EV2A-x5584a/A71EV2A-x5584a_lowest-energy.openstructure.json,5aa55e5100860d5e407308902d4d08cb4812270fb178eb2b2d87adbb0964b1e0,poses/A71EV2A-x5584a/A71EV2A-x5584a_lowest-energy.posebusters.csv,2bb4ba8d7c173ec2f7c062d573ff1ede27b31780b3405d3183bbecfeda8302a9
A71EV2A-x5584_A_201_0_1_A71EV2A-x0526+A+147+0+1__LIG,CN1CCc2cc(F)c(OC(=O)N3CCC[C@H](C(N)=O)C3)cc2C1,C015,4,best-RMSD,poses/A71EV2A-x5584a/A71EV2A-x5584a_best-RMSD.sdf,A71EV2A-x5584a,9,0.233,1.000,-98.615,-30.320,TRUE,14506fafcc0c6feb64cde95c284f7e3a790da55790754963ecee8f3d4ee5d3a9,poses/A71EV2A-x5584a/A71EV2A-x5584a_best-RMSD.openstructure.json,0b3c8e8a8b0921903e620a1d1e380be7d07113949919fef6a4482822264d9453,poses/A71EV2A-x5584a/A71EV2A-x5584a_best-RMSD.posebusters.csv,3b4040b9e418a93e739378eeebc8c3a345abfbae4fe71bef93109b26a3bde35c
A71EV2A-x4583_A_201_0_1_A71EV2A-x0526+A+147+0+1__LIG,CN1c2ccccc2C[C@@H]1C(=O)N1CCC[C@H](C(N)=O)C1,C009,3,lowest-energy,poses/A71EV2A-x4583b/A71EV2A-x4583b_lowest-energy.sdf,A71EV2A-x4583b,4,0.305,0.999,-91.647,-30.670,TRUE,f3c89b03e5e148eb4784c55f51156dac02c3f27e8482e22b068840e4f034f71d,poses/A71EV2A-x4583b/A71EV2A-x4583b_lowest-energy.openstructure.json,8001420acc516b5d857e4781065c79abd8954ade057e1ac70fb380ea64c98c5c,poses/A71EV2A-x4583b/A71EV2A-x4583b_lowest-energy.posebusters.csv,da18949e9aca73e71b8db5db20176d274df67135f1638d12acc3bf349e4f9f16
A71EV2A-x4583_A_201_0_1_A71EV2A-x0526+A+147+0+1__LIG,CN1c2ccccc2C[C@@H]1C(=O)N1CCC[C@H](C(N)=O)C1,C009,3,best-RMSD,poses/A71EV2A-x4583b/A71EV2A-x4583b_best-RMSD.sdf,A71EV2A-x4583b,6,0.224,1.000,-91.614,-31.160,TRUE,77fe2c921ef583fce09847fc4dad3660ceeacf58bb6b978e72ee4512e6215bdf,poses/A71EV2A-x4583b/A71EV2A-x4583b_best-RMSD.openstructure.json,71f1a2c60e5610bcd158b6637154c683800d3f5a9c67a742533613fc4f2ed77a,poses/A71EV2A-x4583b/A71EV2A-x4583b_best-RMSD.posebusters.csv,e42a7bc191215acc282e01a56da11a17a85b47f9d137fc9f0fe0300340086aa9
A71EV2A-x5317_A_201_0_1_A71EV2A-x0526+A+147+0+1__LIG,CNC(=O)[C@@H](c1cccc(C)c1)N1C[C@@H](C(N)=O)CC1=O,C049,5,lowest-energy,poses/A71EV2A-x5317a/A71EV2A-x5317a_lowest-energy.sdf,A71EV2A-x5317a,4,0.198,1.000,-132.472,-40.490,TRUE,a5a73be387627980f721f8786fbb5bf97b845351f376f8479af235f16952083c,poses/A71EV2A-x5317a/A71EV2A-x5317a_lowest-energy.openstructure.json,3ed7f901b8411c52b807e771583cb29a4d29fcf7710c7a929492ee3aebec6977,poses/A71EV2A-x5317a/A71EV2A-x5317a_lowest-energy.posebusters.csv,9a84f86e21fde9d4105c06a9b084fd3e61f044704cfd4dd289b6dd0bce780d3d
A71EV2A-x5317_A_201_0_1_A71EV2A-x0526+A+147+0+1__LIG,CNC(=O)[C@@H](c1cccc(C)c1)N1C[C@@H](C(N)=O)CC1=O,C049,5,best-RMSD,poses/A71EV2A-x5317a/A71EV2A-x5317a_best-RMSD.sdf,A71EV2A-x5317a,5,0.193,1.000,-131.679,-40.730,TRUE,2b77a39e07115d78e384e43a37e46b1f5f7442bb8fd66465189201a637736832,poses/A71EV2A-x5317a/A71EV2A-x5317a_best-RMSD.openstructure.json,62329914172d376d500a5b1ed1ec34516c40314700675f61d0a49990094bc8df,poses/A71EV2A-x5317a/A71EV2A-x5317a_best-RMSD.posebusters.csv,697890c60d2b247062563a22869732828cd0add4d6b9230dd8c85ab45594e614
A71EV2A-x7297_A_4000_0_1_A71EV2A-x0526+A+147+0+1__LIG,CNC(=O)[C@@H]1CCN1c1ncnc(SC)c1CC(=O)N1CCC[C@H](C(N)=O)C1,C002,8,lowest-energy,poses/A71EV2A-x7297a/A71EV2A-x7297a_lowest-energy.sdf,A71EV2A-x7297a,10,2.425,0.884,-121.436,-35.140,TRUE,5ba2cd8987a6b42c2ae1aee1c33704538239b29de92c290d43e099ef97388b0b,poses/A71EV2A-x7297a/A71EV2A-x7297a_lowest-energy.openstructure.json,dc56e8571a1c5259a7512e9461daebcfe844930066815b4abd38332fbc5bdaca,poses/A71EV2A-x7297a/A71EV2A-x7297a_lowest-energy.posebusters.csv,ab405d8d582bb99e61c62da739a642fb58c8cfcdff70360f808accac9e2f8372
A71EV2A-x7297_A_4000_0_1_A71EV2A-x0526+A+147+0+1__LIG,CNC(=O)[C@@H]1CCN1c1ncnc(SC)c1CC(=O)N1CCC[C@H](C(N)=O)C1,C002,8,best-RMSD,poses/A71EV2A-x7297a/A71EV2A-x7297a_best-RMSD.sdf,A71EV2A-x7297a,1,0.286,1.000,-119.049,-34.530,TRUE,02e07794c887cb0c0fc99e37438bc76332f5ceccf3afe3d12a86d0b6941248d3,poses/A71EV2A-x7297a/A71EV2A-x7297a_best-RMSD.openstructure.json,8a8537b60b51e7df74c0203d198872fb866ed80845fbbfb5ef8425a64feef035,poses/A71EV2A-x7297a/A71EV2A-x7297a_best-RMSD.posebusters.csv,40e300858b539c82f93df13c49ee51d5fb2da4afb07e8e6d99983a08a7110cd6
A71EV2A-x2290_F_301_0_1_A71EV2A-x0526+A+147+0+1__LIG,CNC(=O)c1nn(C)c2ccccc12,C007,2,lowest-energy,poses/A71EV2A-x2290a/A71EV2A-x2290a_lowest-energy.sdf,A71EV2A-x2290a,10,0.279,1.000,-46.896,-22.410,TRUE,0561cd4f706de1ff6c993ee34f4735c10a1e0d40b3d99ca2fd366de566d83cd5,poses/A71EV2A-x2290a/A71EV2A-x2290a_lowest-energy.openstructure.json,e18029bf3344df1029a9cd8ff7b464f1418e7c621e86f3e46fa991fb08d8fbb6,poses/A71EV2A-x2290a/A71EV2A-x2290a_lowest-energy.posebusters.csv,d17673428c92fd9996d484c1cba320c357e71eb217f8da9ae2b7f5d971328142
A71EV2A-x2290_F_301_0_1_A71EV2A-x0526+A+147+0+1__LIG,CNC(=O)c1nn(C)c2ccccc12,C007,2,best-RMSD,poses/A71EV2A-x2290a/A71EV2A-x2290a_best-RMSD.sdf,A71EV2A-x2290a,3,0.261,0.999,-46.470,-22.330,TRUE,dd1a573434207fa3120e1140079b1def3d936c07b7e1af5c0abe008e76b9816c,poses/A71EV2A-x2290a/A71EV2A-x2290a_best-RMSD.openstructure.json,1ad7208c5aa6700bbd10227fa041135d0adc08ccf8fc13c33b5f8ee2013c1497,poses/A71EV2A-x2290a/A71EV2A-x2290a_best-RMSD.posebusters.csv,c0203eac352116a6aa7301d82d85bfe6ef5d1c2db831c8882efc677cd9eec009
A71EV2A-x5226_A_4000_0_1_A71EV2A-x0526+A+147+0+1__LIG,CNC(=O)c1oc2ccccc2c1CN1C[C@@H](C(N)=O)CCC1=O,C004,5,lowest-energy,poses/A71EV2A-x5226a/A71EV2A-x5226a_lowest-energy.sdf,A71EV2A-x5226a,6,0.196,1.000,-119.770,-41.000,TRUE,b945033ae5b048863c3c699888ce72f427fc8f4cadf64c45f78cd202c237d371,poses/A71EV2A-x5226a/A71EV2A-x5226a_lowest-energy.openstructure.json,2437b083837cc9d17245d22a452fba8123134c20b45dc8e1d39955a76f8139b3,poses/A71EV2A-x5226a/A71EV2A-x5226a_lowest-energy.posebusters.csv,5bbd7f61dc1923b6a57efca847b19d88a4b983c08a2814e7d806afac48e7b34e
A71EV2A-x5226_A_4000_0_1_A71EV2A-x0526+A+147+0+1__LIG,CNC(=O)c1oc2ccccc2c1CN1C[C@@H](C(N)=O)CCC1=O,C004,5,best-RMSD,poses/A71EV2A-x5226a/A71EV2A-x5226a_best-RMSD.sdf,A71EV2A-x5226a,6,0.196,1.000,-119.770,-41.000,TRUE,f25914590cba4d2c95c64314837545dd2ada011c04eba7a46fffb83cc5595e50,poses/A71EV2A-x5226a/A71EV2A-x5226a_best-RMSD.openstructure.json,2437b083837cc9d17245d22a452fba8123134c20b45dc8e1d39955a76f8139b3,poses/A71EV2A-x5226a/A71EV2A-x5226a_best-RMSD.posebusters.csv,5bbd7f61dc1923b6a57efca847b19d88a4b983c08a2814e7d806afac48e7b34e
A71EV2A-x6021_A_201_0_1_A71EV2A-x0526+A+147+0+1__LIG,CNc1ncnc(SC)c1CC(=O)N1CCC[C@H](C(N)=O)C1,C001,6,lowest-energy,poses/A71EV2A-x6021a/A71EV2A-x6021a_lowest-energy.sdf,A71EV2A-x6021a,5,0.249,0.999,-127.544,-36.270,TRUE,356d9bc04952117f9f09e85fbd1afb36e7f5d146880921163bea9e070a1cc53f,poses/A71EV2A-x6021a/A71EV2A-x6021a_lowest-energy.openstructure.json,ce78818cec441562d503c5d6bd1240375f16428b1a536a78c8d9a452ff5e2611,poses/A71EV2A-x6021a/A71EV2A-x6021a_lowest-energy.posebusters.csv,e6a1f273cb97f65fe5f793b9a39ff097243a82189f147f81574973cb7eae551b
A71EV2A-x6021_A_201_0_1_A71EV2A-x0526+A+147+0+1__LIG,CNc1ncnc(SC)c1CC(=O)N1CCC[C@H](C(N)=O)C1,C001,6,best-RMSD,poses/A71EV2A-x6021a/A71EV2A-x6021a_best-RMSD.sdf,A71EV2A-x6021a,3,0.240,1.000,-127.148,-35.960,TRUE,aec928b903c8d097c32dd7c35f87c7498e8cce77625a9b109e9f2d82f47cc498,poses/A71EV2A-x6021a/A71EV2A-x6021a_best-RMSD.openstructure.json,d44032340a1e76b76d3870d9869bcb0cf08cc6a5aa89d750526a551000d08339,poses/A71EV2A-x6021a/A71EV2A-x6021a_best-RMSD.posebusters.csv,0f11d9ba4ac606e2d1a73c12286e9090c637b8c4029ee43a38ff3bf96949778f
A71EV2A-x7018_A_4000_0_1_A71EV2A-x0526+A+147+0+1__LIG,COC(=O)N1CCCN(c2ncnc(SC)c2CC(=O)N2CCC[C@H](C(N)=O)C2)CC1,C002,8,lowest-energy,poses/A71EV2A-x7018a/A71EV2A-x7018a_lowest-energy.sdf,A71EV2A-x7018a,9,0.375,0.995,-145.033,-38.480,TRUE,62e9b0aa805dde3cac8b110a7706b6ce812e8b3c51b345fe3570c85567896fa3,poses/A71EV2A-x7018a/A71EV2A-x7018a_lowest-energy.openstructure.json,e56d9bbf33191a8daf447b28df8da07501f4cb5c6cf65e777fce637299acd154,poses/A71EV2A-x7018a/A71EV2A-x7018a_lowest-energy.posebusters.csv,c15c4ca175b919f146613f8a292d3785e7fee775e41451a078827f741009eb93
A71EV2A-x7018_A_4000_0_1_A71EV2A-x0526+A+147+0+1__LIG,COC(=O)N1CCCN(c2ncnc(SC)c2CC(=O)N2CCC[C@H](C(N)=O)C2)CC1,C002,8,best-RMSD,poses/A71EV2A-x7018a/A71EV2A-x7018a_best-RMSD.sdf,A71EV2A-x7018a,2,0.272,1.000,-144.023,-38.480,TRUE,534475c340396beec52adf0f559e422faa6f5a31130bcdf98d522e1b0910df4e,poses/A71EV2A-x7018a/A71EV2A-x7018a_best-RMSD.openstructure.json,09721ddeba8b2d45765f3011b6f110f792d9f8defc51b8d0a03d237b470db799,poses/A71EV2A-x7018a/A71EV2A-x7018a_best-RMSD.posebusters.csv,af878a7b5252eafbe9065557879e70bf80c6628eb7356372121748d5ab1ede28
A71EV2A-x7589_A_201_0_1_A71EV2A-x0526+A+147+0+1__LIG,COC(=O)N[C@H]1CCN(c2ncnc(SC)c2CC(=O)N2CCC[C@H](C(N)=O)C2)C1,C002,9,lowest-energy,poses/A71EV2A-x7589a/A71EV2A-x7589a_lowest-energy.sdf,A71EV2A-x7589a,5,0.494,0.990,-147.754,-37.820,TRUE,24ad377a484b0e60a241f8b5e3d858e7fd0e8baac1e97e189b12d582148d8bd9,poses/A71EV2A-x7589a/A71EV2A-x7589a_lowest-energy.openstructure.json,8f7a0dd13791e4f12dbef2be267883715a19f04f671e279f86fe8a50581eebd0,poses/A71EV2A-x7589a/A71EV2A-x7589a_lowest-energy.posebusters.csv,0f601e0eeeed8c319b1a98efc79584d776a8c61ec2031a7b3bf4ad312e7bf616
A71EV2A-x7589_A_201_0_1_A71EV2A-x0526+A+147+0+1__LIG,COC(=O)N[C@H]1CCN(c2ncnc(SC)c2CC(=O)N2CCC[C@H](C(N)=O)C2)C1,C002,9,best-RMSD,poses/A71EV2A-x7589a/A71EV2A-x7589a_best-RMSD.sdf,A71EV2A-x7589a,5,0.494,0.990,-147.754,-37.820,TRUE,cd493a5e9538beb229456a2afae477f72992f7d06f53eb5f9ad167e84917ed7f,poses/A71EV2A-x7589a/A71EV2A-x7589a_best-RMSD.openstructure.json,8f7a0dd13791e4f12dbef2be267883715a19f04f671e279f86fe8a50581eebd0,poses/A71EV2A-x7589a/A71EV2A-x7589a_best-RMSD.posebusters.csv,0f601e0eeeed8c319b1a98efc79584d776a8c61ec2031a7b3bf4ad312e7bf616
A71EV2A-x6973_A_4000_0_1_A71EV2A-x0526+A+147+0+1__LIG,COC(C)(C)C(=O)N[C@@H](C(=O)N1CC[C@H](C(N)=O)C1)c1ccccc1SC,C006,9,lowest-energy,poses/A71EV2A-x6973a/A71EV2A-x6973a_lowest-energy.sdf,A71EV2A-x6973a,6,0.207,1.000,-152.243,-41.860,TRUE,bfd11785c4fd4a802550233da1ba6f0146d7c16b9a3ed5ea5600ea28dfe7406e,poses/A71EV2A-x6973a/A71EV2A-x6973a_lowest-energy.openstructure.json,3da1adc949e95efd8cbf499cdfd4c519f02d636cb54770ab690cfb71537d7885,poses/A71EV2A-x6973a/A71EV2A-x6973a_lowest-energy.posebusters.csv,f8aeb3f2ea73145c5eae2a4847bec007b1d66532979eccfa54a0b39e383acb94
A71EV2A-x6973_A_4000_0_1_A71EV2A-x0526+A+147+0+1__LIG,COC(C)(C)C(=O)N[C@@H](C(=O)N1CC[C@H](C(N)=O)C1)c1ccccc1SC,C006,9,best-RMSD,poses/A71EV2A-x6973a/A71EV2A-x6973a_best-RMSD.sdf,A71EV2A-x6973a,6,0.207,1.000,-152.243,-41.860,TRUE,8482323a5852278a641e141d7956bd3b9ffdf9c5918e937ae5cb8df3845a0435,poses/A71EV2A-x6973a/A71EV2A-x6973a_best-RMSD.openstructure.json,3da1adc949e95efd8cbf499cdfd4c519f02d636cb54770ab690cfb71537d7885,poses/A71EV2A-x6973a/A71EV2A-x6973a_best-RMSD.posebusters.csv,f8aeb3f2ea73145c5eae2a4847bec007b1d66532979eccfa54a0b39e383acb94
A71EV2A-x3522_A_201_A_1_A71EV2A-x0526+A+147+0+1_ALIG,COCC(=O)Nc1c(Cl)cc(C)cc1OCc1ncccn1,C036,7,lowest-energy,poses/A71EV2A-x3522b/A71EV2A-x3522b_lowest-energy.sdf,A71EV2A-x3522b,1,0.559,0.978,-86.148,-31.250,TRUE,4e98094f4df84519a5acde29f560119039c7a668c0755f94c83a78393e8f5c7f,poses/A71EV2A-x3522b/A71EV2A-x3522b_lowest-energy.openstructure.json,907d370df57d4ff905ee26130c335db5ca950fed5f2a7d63e9f49df4851bdea7,poses/A71EV2A-x3522b/A71EV2A-x3522b_lowest-energy.posebusters.csv,d83b3bea9d2e7fbaadc430a1fb93ed7e1c9f738d905dd781042357193ef90778
A71EV2A-x3522_A_201_A_1_A71EV2A-x0526+A+147+0+1_ALIG,COCC(=O)Nc1c(Cl)cc(C)cc1OCc1ncccn1,C036,7,best-RMSD,poses/A71EV2A-x3522b/A71EV2A-x3522b_best-RMSD.sdf,A71EV2A-x3522b,6,0.548,0.976,-83.264,-30.700,TRUE,ec8b9772e667000e0a3bc8aa68b7f0b1ac37c4166e9e5df9f56ccb7219c9ed89,poses/A71EV2A-x3522b/A71EV2A-x3522b_best-RMSD.openstructure.json,a6d34354c092f95ec7fb99179ef6e0dc1a7de70361ff2e4561fe6667aecf3dd5,poses/A71EV2A-x3522b/A71EV2A-x3522b_best-RMSD.posebusters.csv,ed070efe24bcb927338a06127d4a8283014a3a1f57ef2bedcd620b6d9f09018e
A71EV2A-x3488_A_201_0_1_A71EV2A-x0526+A+147+0+1__LIG,COCC(=O)Nc1c(Cl)cc(C)cc1Oc1cccc(C(N)=O)c1,C036,7,lowest-energy,poses/A71EV2A-x3488a/A71EV2A-x3488a_lowest-energy.sdf,A71EV2A-x3488a,3,0.773,0.972,-104.710,-37.940,TRUE,8e3eadaa80a7da1c99ca025288fe25cd7d2dd534fecd9fff7f3a17f9cb5c6267,poses/A71EV2A-x3488a/A71EV2A-x3488a_lowest-energy.openstructure.json,ce6ba2a10913cb040e8860a66e5de285919fafbb2a4140bf5e8d4d6e4e72f62e,poses/A71EV2A-x3488a/A71EV2A-x3488a_lowest-energy.posebusters.csv,3fd222d8e1d8b0ff67f2180ac5e2c56bb785b0a0f1b0f56140322f6a6c07f0ac
A71EV2A-x3488_A_201_0_1_A71EV2A-x0526+A+147+0+1__LIG,COCC(=O)Nc1c(Cl)cc(C)cc1Oc1cccc(C(N)=O)c1,C036,7,best-RMSD,poses/A71EV2A-x3488a/A71EV2A-x3488a_best-RMSD.sdf,A71EV2A-x3488a,9,0.446,0.978,-103.644,-37.720,TRUE,28568e4507ce6637cf5905083d510df8a469fa5697939d4f3f96f338d20cbbe8,poses/A71EV2A-x3488a/A71EV2A-x3488a_best-RMSD.openstructure.json,303530e489a232e4249b11fdb9c004f684e46ce11142b5479de06e297fb06fc4,poses/A71EV2A-x3488a/A71EV2A-x3488a_best-RMSD.posebusters.csv,7aa2bbfa13e38d14202347f3338ed028883667ea4aef6f5c2757c3200f8f1e57
A71EV2A-x7161_A_4000_0_1_A71EV2A-x0526+A+147+0+1__LIG,COC[C@@H]1CCCN1c1ncnc(SC)c1CC(=O)N1CCC[C@H](C(N)=O)C1,C002,8,lowest-energy,poses/A71EV2A-x7161a/A71EV2A-x7161a_lowest-energy.sdf,A71EV2A-x7161a,8,1.453,0.929,-113.983,-34.570,TRUE,91bf367f5a341346547c2ac7b239591217115c8ce13ff9e69d8678f596c183a8,poses/A71EV2A-x7161a/A71EV2A-x7161a_lowest-energy.openstructure.json,f43321d4434e70be05f7e4f741c89f289d5e3644a87fe99b11f2defaa734a757,poses/A71EV2A-x7161a/A71EV2A-x7161a_lowest-energy.posebusters.csv,a2cb72489699de1a0a0e658bda0424612c8efbacb3b0056fb16ef7d39ab1fc2b
A71EV2A-x7161_A_4000_0_1_A71EV2A-x0526+A+147+0+1__LIG,COC[C@@H]1CCCN1c1ncnc(SC)c1CC(=O)N1CCC[C@H](C(N)=O)C1,C002,8,best-RMSD,poses/A71EV2A-x7161a/A71EV2A-x7161a_best-RMSD.sdf,A71EV2A-x7161a,1,0.993,0.928,-101.050,-28.020,TRUE,13b9335cb74cbc4a3281eba6dcaf7beda856bf26e1a7a47134685a9f62020d4e,poses/A71EV2A-x7161a/A71EV2A-x7161a_best-RMSD.openstructure.json,9fa9f952f1389c6ab698477c8b462be6107757496f272eee6662e77eee454552,poses/A71EV2A-x7161a/A71EV2A-x7161a_best-RMSD.posebusters.csv,10226bb650c052e526156e9367b93cc54507af5870a5b75416d8f3d145a1b909
A71EV2A-x7353_A_4000_A_1_A71EV2A-x0526+A+147+0+1_ALIG,COC[C@@H]1CCN1c1ncnc(SC)c1CC(=O)N1CCC[C@H](C(N)=O)C1,C002,8,lowest-energy,poses/A71EV2A-x7353b/A71EV2A-x7353b_lowest-energy.sdf,A71EV2A-x7353b,8,1.457,0.939,-103.961,-36.910,TRUE,91a8386c2c3325603bdee05c5122870ece74705dda2d0a40ba94b532996ecb85,poses/A71EV2A-x7353b/A71EV2A-x7353b_lowest-energy.openstructure.json,5ef8e01b54de1051e844329ececa9c9f7138c5a0bdc1a88c4ab8b1d3d6d5dffb,poses/A71EV2A-x7353b/A71EV2A-x7353b_lowest-energy.posebusters.csv,0f14b82795560298beb22a59617e0df05bfe3f9fc53c6867d0fe1bac29fb54b7
A71EV2A-x7353_A_4000_A_1_A71EV2A-x0526+A+147+0+1_ALIG,COC[C@@H]1CCN1c1ncnc(SC)c1CC(=O)N1CCC[C@H](C(N)=O)C1,C002,8,best-RMSD,poses/A71EV2A-x7353b/A71EV2A-x7353b_best-RMSD.sdf,A71EV2A-x7353b,9,0.607,0.989,-98.918,-35.610,TRUE,dee452e6e5a5cf1d7ef662087c60296fe3d13ba42dc6da262985f72bf46f913e,poses/A71EV2A-x7353b/A71EV2A-x7353b_best-RMSD.openstructure.json,5f56bcecc1913bdd3b3ebaf7f265836481248481572240d7aad9a34ae66387a4,poses/A71EV2A-x7353b/A71EV2A-x7353b_best-RMSD.posebusters.csv,39a0af8b7268e1fc2643876107e6a3800191a3d2daf228f2a002603a5c4c3a1b
A71EV2A-x3176_A_201_0_1_A71EV2A-x0526+A+147+0+1__LIG,COC[C@H](C)NC(=O)c1nn(C)c2ccccc12,C024,5,lowest-energy,poses/A71EV2A-x3176a/A71EV2A-x3176a_lowest-energy.sdf,A71EV2A-x3176a,5,1.469,0.815,-75.826,-28.510,TRUE,d258e7d239c2f6a27fe620faa74024362610d76020bc17f8e2c4c4c32e42a3b6,poses/A71EV2A-x3176a/A71EV2A-x3176a_lowest-energy.openstructure.json,af6074471a0e604bf8afac6819bde90e9d50d7d15627b8bd053fbbc19ad89405,poses/A71EV2A-x3176a/A71EV2A-x3176a_lowest-energy.posebusters.csv,da2a99ba094b77857d9a7003aff9871790dea2e82f593dca0325fe2fe115f69c
A71EV2A-x3176_A_201_0_1_A71EV2A-x0526+A+147+0+1__LIG,COC[C@H](C)NC(=O)c1nn(C)c2ccccc12,C024,5,best-RMSD,poses/A71EV2A-x3176a/A71EV2A-x3176a_best-RMSD.sdf,A71EV2A-x3176a,10,0.179,1.000,-73.952,-26.900,TRUE,dc9e544f09e412698c0d4479842f5c45d0f04b12f6fccfeefdbc2d68c3ce088c,poses/A71EV2A-x3176a/A71EV2A-x3176a_best-RMSD.openstructure.json,6d6d894b01802dd85d1501881351d38900bf3e77ccdbce51e6320aecdf8dbf97,poses/A71EV2A-x3176a/A71EV2A-x3176a_best-RMSD.posebusters.csv,e1c719c6048fabb161cbad2f31010354fcb58b53332a761a8e4032beaaf8f3d8
A71EV2A-x7175_A_201_0_1_A71EV2A-x0526+A+147+0+1__LIG,COC[C@H]1CCCN1c1ncnc(SC)c1CC(=O)N1CCC[C@H](C(N)=O)C1,C002,8,lowest-energy,poses/A71EV2A-x7175a/A71EV2A-x7175a_lowest-energy.sdf,A71EV2A-x7175a,1,0.305,1.000,-117.790,-35.840,TRUE,dd556c3647a7bb0059f50cda86563eb6f92d892f3a686a6a27812a116c0e9dfe,poses/A71EV2A-x7175a/A71EV2A-x7175a_lowest-energy.openstructure.json,21feac1b1d6522f14d3bf726549af0f372689bc4ace11304678ba9fa35241be0,poses/A71EV2A-x7175a/A71EV2A-x7175a_lowest-energy.posebusters.csv,87bfa8a72651ab1bff547d4384cd0a8ffa9cf82d2ac8eb9b2d6ad7b6d74c9941
A71EV2A-x7175_A_201_0_1_A71EV2A-x0526+A+147+0+1__LIG,COC[C@H]1CCCN1c1ncnc(SC)c1CC(=O)N1CCC[C@H](C(N)=O)C1,C002,8,best-RMSD,poses/A71EV2A-x7175a/A71EV2A-x7175a_best-RMSD.sdf,A71EV2A-x7175a,7,0.289,0.997,-117.497,-34.930,TRUE,305e65c96db8dcbf131d33aa5cbf945fcfa8424f78834b15cb33735ff5e04dbc,poses/A71EV2A-x7175a/A71EV2A-x7175a_best-RMSD.openstructure.json,44bba642f2b38c8529128800f1a69122908ab8b7ba27be04177a33430c40bcc8,poses/A71EV2A-x7175a/A71EV2A-x7175a_best-RMSD.posebusters.csv,0677a7ad2632b751fe9da7ba3b6227f7d3e76b99b3c4292c346f123908edc8f8
A71EV2A-x5488_A_201_0_1_A71EV2A-x0526+A+147+0+1__LIG,COC[C@H]1CC[C@H](C(N)=O)CN1C(=O)Cc1ccccc1SC,C001,7,lowest-energy,poses/A71EV2A-x5488a/A71EV2A-x5488a_lowest-energy.sdf,A71EV2A-x5488a,1,1.424,0.832,-99.957,-32.540,TRUE,0873794268fc73712a3dae2640d91c2fb0a09d511711ce11f5629a6405bab918,poses/A71EV2A-x5488a/A71EV2A-x5488a_lowest-energy.openstructure.json,8782567472790505ac1f64c5635f8c571c3f2f7082e9b77f55f2ce5060a72cf7,poses/A71EV2A-x5488a/A71EV2A-x5488a_lowest-energy.posebusters.csv,67c51581aae94cffac296690d64a91d340e0d75f15e76002ce03c027a4cc86a0
A71EV2A-x5488_A_201_0_1_A71EV2A-x0526+A+147+0+1__LIG,COC[C@H]1CC[C@H](C(N)=O)CN1C(=O)Cc1ccccc1SC,C001,7,best-RMSD,poses/A71EV2A-x5488a/A71EV2A-x5488a_best-RMSD.sdf,A71EV2A-x5488a,10,1.199,0.910,-97.453,-32.530,TRUE,f65773cc5fe0b1febecb2873a9b127c63eba5ad64e1cdd0626e1492e1cdafb13,poses/A71EV2A-x5488a/A71EV2A-x5488a_best-RMSD.openstructure.json,a207b5f72d0e8124b58a77024c587613eaf15dcbbe48c58a243e34a1df2a96c5,poses/A71EV2A-x5488a/A71EV2A-x5488a_best-RMSD.posebusters.csv,537afc1444eef03e0cd80f2b916c7be3c77281f43307911108ca1f159f2f9636
A71EV2A-x3936_A_201_0_1_A71EV2A-x0526+A+147+0+1__LIG,COC[C@]1(C(=O)N2CCC[C@H](C(N)=O)C2)CCCCO1,C032,5,lowest-energy,poses/A71EV2A-x3936a/A71EV2A-x3936a_lowest-energy.sdf,A71EV2A-x3936a,5,3.069,0.683,-96.949,-33.690,TRUE,b8222ffbcf7eacc518a78747f5bfd21b53b633774c3e4952c5a45dd1f1301b69,poses/A71EV2A-x3936a/A71EV2A-x3936a_lowest-energy.openstructure.json,42241dcb4ec43bdea0516cdd202291edb33d5a5e56f9e5f853d8780b499bcb5e,poses/A71EV2A-x3936a/A71EV2A-x3936a_lowest-energy.posebusters.csv,118ae067c2ddf6a42765625d8d5c320878a03f5a881733d4372be255234ca9aa
A71EV2A-x3936_A_201_0_1_A71EV2A-x0526+A+147+0+1__LIG,COC[C@]1(C(=O)N2CCC[C@H](C(N)=O)C2)CCCCO1,C032,5,best-RMSD,poses/A71EV2A-x3936a/A71EV2A-x3936a_best-RMSD.sdf,A71EV2A-x3936a,3,0.656,0.967,-93.468,-33.810,TRUE,3f6d9cb8f324bf390877a0d8a9ea55ed0e4fcf3ea727c1f5f77b1decbc6b99cd,poses/A71EV2A-x3936a/A71EV2A-x3936a_best-RMSD.openstructure.json,a000aa156ab0c5e92a6b44e097285eea0e91382e7489ad971f473667452bc0e9,poses/A71EV2A-x3936a/A71EV2A-x3936a_best-RMSD.posebusters.csv,a94101bc6420a1127e4677b5180add3f9d066f22b07ca564e5f148e7c5918a86
A71EV2A-x5398_A_4000_0_1_A71EV2A-x0526+A+147+0+1__LIG,COC[C@]1(C)C[C@H](C(N)=O)CN1C(=O)Cc1cc(Br)ccc1SC,C011,7,lowest-energy,poses/A71EV2A-x5398a/A71EV2A-x5398a_lowest-energy.sdf,A71EV2A-x5398a,5,0.244,1.000,-108.381,-34.620,TRUE,5d156d055ea67a4613d8886db383b95336d016c6127e8d1c6f081f44dc5e1fac,poses/A71EV2A-x5398a/A71EV2A-x5398a_lowest-energy.openstructure.json,7ed1beced65aef7e5f8d442c4e99a418c83cdb8f0c38c4c26bc949f37e7d8250,poses/A71EV2A-x5398a/A71EV2A-x5398a_lowest-energy.posebusters.csv,623062af75a675c35fd180474549a6f16c5ba701d93915f7c91f1fb81deeae9a
A71EV2A-x5398_A_4000_0_1_A71EV2A-x0526+A+147+0+1__LIG,COC[C@]1(C)C[C@H](C(N)=O)CN1C(=O)Cc1cc(Br)ccc1SC,C011,7,best-RMSD,poses/A71EV2A-x5398a/A71EV2A-x5398a_best-RMSD.sdf,A71EV2A-x5398a,5,0.244,1.000,-108.381,-34.620,TRUE,c7d75bebeca49a32132346ef2d0854789333d9a4476431250a8b6f27aaa973b4,poses/A71EV2A-x5398a/A71EV2A-x5398a_best-RMSD.openstructure.json,7ed1beced65aef7e5f8d442c4e99a418c83cdb8f0c38c4c26bc949f37e7d8250,poses/A71EV2A-x5398a/A71EV2A-x5398a_best-RMSD.posebusters.csv,623062af75a675c35fd180474549a6f16c5ba701d93915f7c91f1fb81deeae9a
A71EV2A-x4963_A_201_0_1_A71EV2A-x0526+A+147+0+1__LIG,COC[C@]12C[C@](C(N)=O)(CN1C(=O)Cc1ccccc1OC)C2,C050,7,lowest-energy,poses/A71EV2A-x4963b/A71EV2A-x4963b_lowest-energy.sdf,A71EV2A-x4963b,5,0.298,1.000,-70.431,-28.710,TRUE,7823db230e9e5c6d2f8ba3b5fb73cb315e7d651b3fe6611b8f3060352812141a,poses/A71EV2A-x4963b/A71EV2A-x4963b_lowest-energy.openstructure.json,332b6ca546682e585b13190406a4907313c8107378a2b48eab794369b47d99af,poses/A71EV2A-x4963b/A71EV2A-x4963b_lowest-energy.posebusters.csv,f47aec492c43d8b27c6bacbc1ff1bc0ba89ba9ea49cb019c0fc9660f1cfc9265
A71EV2A-x4963_A_201_0_1_A71EV2A-x0526+A+147+0+1__LIG,COC[C@]12C[C@](C(N)=O)(CN1C(=O)Cc1ccccc1OC)C2,C050,7,best-RMSD,poses/A71EV2A-x4963b/A71EV2A-x4963b_best-RMSD.sdf,A71EV2A-x4963b,1,0.270,1.000,-70.430,-29.100,TRUE,3736bf06f6ad803fb98e617c80eefe91620f9624da6aaa65d80eb1c7bda221b8,poses/A71EV2A-x4963b/A71EV2A-x4963b_best-RMSD.openstructure.json,eeda80d14fd5e46496957723028306f196440a53e52d1006d076dad806119368,poses/A71EV2A-x4963b/A71EV2A-x4963b_best-RMSD.posebusters.csv,144b72025c2251d130f9ff93cfeaee50e2200a669b0df46fb8f64d47d9d426d1
A71EV2A-x4368_A_201_0_1_A71EV2A-x0526+A+147+0+1__LIG,COCc1ccccc1CC(=O)N1CCC[C@H](C(N)=O)C1,C001,6,lowest-energy,poses/A71EV2A-x4368a/A71EV2A-x4368a_lowest-energy.sdf,A71EV2A-x4368a,7,0.411,0.992,-111.726,-33.850,TRUE,828ec7aaea4b5eacc77eb7d7ac20f1c4f50a64ca8b501358b9560a560c1772c0,poses/A71EV2A-x4368a/A71EV2A-x4368a_lowest-energy.openstructure.json,5a57802e2e0740a3dc4cb0a0cf1021c7b55c88a646544d95a23143e529ed52ec,poses/A71EV2A-x4368a/A71EV2A-x4368a_lowest-energy.posebusters.csv,a305b4d04c5bf755eaf0f03e06451856d9fa979e16c7f284704f27aa4a69f070
A71EV2A-x4368_A_201_0_1_A71EV2A-x0526+A+147+0+1__LIG,COCc1ccccc1CC(=O)N1CCC[C@H](C(N)=O)C1,C001,6,best-RMSD,poses/A71EV2A-x4368a/A71EV2A-x4368a_best-RMSD.sdf,A71EV2A-x4368a,2,0.343,0.998,-111.589,-33.900,TRUE,775ba11457f8af5e84624b7e1030cb121f5de003763571154fb83170043c3abb,poses/A71EV2A-x4368a/A71EV2A-x4368a_best-RMSD.openstructure.json,9178120fd33afc655856ffc4658e1717e6a60c5ab2a3550bc5657ebe92c4b1ce,poses/A71EV2A-x4368a/A71EV2A-x4368a_best-RMSD.posebusters.csv,40aa4d2563af1031baeaab81a3e8ab5dff2c8a7984c7c96ec7f070f7d7e2529e
A71EV2A-x3483_A_201_0_1_A71EV2A-x0526+A+147+0+1__LIG,COCc1ccccc1NC(=O)N1CCC[C@H](C(N)=O)C1,C001,6,lowest-energy,poses/A71EV2A-x3483a/A71EV2A-x3483a_lowest-energy.sdf,A71EV2A-x3483a,3,0.437,0.980,-119.997,-33.310,TRUE,c93559fe8593e1c6e4623af8f0c8e07dd248db0c48a209dd4dee99c7dfabb804,poses/A71EV2A-x3483a/A71EV2A-x3483a_lowest-energy.openstructure.json,8dd000931c36720bbd6ed27198bbe5377fab9cb6048844e290f8fdc0b9697d6c,poses/A71EV2A-x3483a/A71EV2A-x3483a_lowest-energy.posebusters.csv,50b20fc3650fcbf53f617735247f57461236b91b353336f34de24ab1d780582e
A71EV2A-x3483_A_201_0_1_A71EV2A-x0526+A+147+0+1__LIG,COCc1ccccc1NC(=O)N1CCC[C@H](C(N)=O)C1,C001,6,best-RMSD,poses/A71EV2A-x3483a/A71EV2A-x3483a_best-RMSD.sdf,A71EV2A-x3483a,8,0.367,0.989,-117.940,-31.780,TRUE,404928eba25592d057c1af044451ca1554c936ceb0fc22babd8230e6fec3701e,poses/A71EV2A-x3483a/A71EV2A-x3483a_best-RMSD.openstructure.json,9d97c3980e66c0c5e19fbabcdd2cebf22bee9cfb8ad3ad888ddf9e73a7f18506,poses/A71EV2A-x3483a/A71EV2A-x3483a_best-RMSD.posebusters.csv,3842cc72c21dd97f928a0159e3de4e371ff23a7bf09bae9bc30475ab23df75a1
A71EV2A-x3939_A_201_0_1_A71EV2A-x0526+A+147+0+1__LIG,CO[C@@H](C(=O)N1CCC[C@H](C(N)=O)C1)c1ccccc1C,C003,5,lowest-energy,poses/A71EV2A-x3939a/A71EV2A-x3939a_lowest-energy.sdf,A71EV2A-x3939a,2,2.186,0.798,-96.942,-30.610,TRUE,ecc0dd8d860a337cd04620b7c99b47255dae30a78338a6e08dfdcb057f07f683,poses/A71EV2A-x3939a/A71EV2A-x3939a_lowest-energy.openstructure.json,65ab648839990393e8be49783cba5ee4c88572a2b33edd3d6d9f34e6497e3726,poses/A71EV2A-x3939a/A71EV2A-x3939a_lowest-energy.posebusters.csv,007f740d1327095dd7d6aa77dee1cfd5c37f7e825ef2aeaf0b9e9def13c0534d
A71EV2A-x3939_A_201_0_1_A71EV2A-x0526+A+147+0+1__LIG,CO[C@@H](C(=O)N1CCC[C@H](C(N)=O)C1)c1ccccc1C,C003,5,best-RMSD,poses/A71EV2A-x3939a/A71EV2A-x3939a_best-RMSD.sdf,A71EV2A-x3939a,4,1.594,0.854,-95.017,-31.090,TRUE,ac7edf719f16e8c95c3c1736f7c98cfb756dd558bbd4cd7dbac8dd1b071cf72a,poses/A71EV2A-x3939a/A71EV2A-x3939a_best-RMSD.openstructure.json,b41c9807e5e4ce1a5a0189308f3d9ed3f86ef9dd12a7caa94b228ee9b83d6c61,poses/A71EV2A-x3939a/A71EV2A-x3939a_best-RMSD.posebusters.csv,54b0f415a67a35d9ee763bf4887e8dcb371f066b09cef064ef2286662ead44b7
A71EV2A-x3937_A_201_0_1_A71EV2A-x0526+A+147+0+1__LIG,CO[C@@H](C(=O)N1CCC[C@H](C(N)=O)C1)c1cccnc1,C008,5,lowest-energy,poses/A71EV2A-x3937a/A71EV2A-x3937a_lowest-energy.sdf,A71EV2A-x3937a,6,0.770,0.939,-97.627,-28.910,TRUE,50134b44847d83284b8d3ea11c414270b25e610594f78a211aef931a1c573800,poses/A71EV2A-x3937a/A71EV2A-x3937a_lowest-energy.openstructure.json,7f726d5fa9d3616b810ef3693215caa6339870f6590d8d36eb2929554a59f425,poses/A71EV2A-x3937a/A71EV2A-x3937a_lowest-energy.posebusters.csv,f14ce58a03e1ae423c5f6dd7399a2ab6b01f67b49fef2f9af873b56953d6a99f
A71EV2A-x3937_A_201_0_1_A71EV2A-x0526+A+147+0+1__LIG,CO[C@@H](C(=O)N1CCC[C@H](C(N)=O)C1)c1cccnc1,C008,5,best-RMSD,poses/A71EV2A-x3937a/A71EV2A-x3937a_best-RMSD.sdf,A71EV2A-x3937a,2,0.471,0.984,-96.677,-29.120,TRUE,0a2ba4d42eb6ba226541c6fd2ecb12a4400911d584866842e481e899ba15f3fb,poses/A71EV2A-x3937a/A71EV2A-x3937a_best-RMSD.openstructure.json,d05f4b361c78580027a648bca23a4d3d150ce6792ef77d875c720b09a7361d3e,poses/A71EV2A-x3937a/A71EV2A-x3937a_best-RMSD.posebusters.csv,3f4b6f7052df3ef4fde3bea63687d71fb71fa6f621c333f70c4accfc4fdd36d3
A71EV2A-x7238_A_201_0_1_A71EV2A-x0526+A+147+0+1__LIG,CO[C@@H]1CCCN(c2ncnc(SC)c2CC(=O)N2CCC[C@H](C(N)=O)C2)C1,C002,7,lowest-energy,poses/A71EV2A-x7238a/A71EV2A-x7238a_lowest-energy.sdf,A71EV2A-x7238a,8,1.622,0.920,-109.788,-33.040,TRUE,e5586b96a0cbecccc1652781623ab8d906f3a97467f1a9e013febcc9286287ca,poses/A71EV2A-x7238a/A71EV2A-x7238a_lowest-energy.openstructure.json,3f2334f51b952a219b85d5ee2b50a2297743e229fdca85ae5df3bb2a1dd14ef3,poses/A71EV2A-x7238a/A71EV2A-x7238a_lowest-energy.posebusters.csv,fea9247cf1e634ea268a2f8b26e5392f65a5e3c5c952795c5b31bb9e341043ac
A71EV2A-x7238_A_201_0_1_A71EV2A-x0526+A+147+0+1__LIG,CO[C@@H]1CCCN(c2ncnc(SC)c2CC(=O)N2CCC[C@H](C(N)=O)C2)C1,C002,7,best-RMSD,poses/A71EV2A-x7238a/A71EV2A-x7238a_best-RMSD.sdf,A71EV2A-x7238a,1,1.396,0.937,-108.866,-32.530,TRUE,998c319012e5299e2eef058e7df1c1d95680ae2d4f3a18c002c3e2c7dc8f2011,poses/A71EV2A-x7238a/A71EV2A-x7238a_best-RMSD.openstructure.json,a6a03afea87c001039bebd27ab33ed871d3c1b560705aa7841c7fbc906691e5b,poses/A71EV2A-x7238a/A71EV2A-x7238a_best-RMSD.posebusters.csv,818f1c0982062858f88f04408e02aa0c03222716c537ed91a3e04a8ffafc4db7
A71EV2A-x3575_A_201_0_1_A71EV2A-x0526+A+147+0+1__LIG,COc1c(C#N)cccc1CC(=O)N1CCC[C@H](C(N)=O)C1,C001,5,lowest-energy,poses/A71EV2A-x3575a/A71EV2A-x3575a_lowest-energy.sdf,A71EV2A-x3575a,2,0.798,0.926,-100.829,-32.730,TRUE,a615ac3c2126fa4fe2982636cc9e5b39a86bb22a01d7ff77e65625c230a3ad19,poses/A71EV2A-x3575a/A71EV2A-x3575a_lowest-energy.openstructure.json,19b4ca182c7783d336066cdf0afab34485478edaeea61ae4c7eddb03fbc08836,poses/A71EV2A-x3575a/A71EV2A-x3575a_lowest-energy.posebusters.csv,891e892d31b9c39da95b4fc5b2711bdcc5a4331e9c60f1251d55c930ce8a9d9c
A71EV2A-x3575_A_201_0_1_A71EV2A-x0526+A+147+0+1__LIG,COc1c(C#N)cccc1CC(=O)N1CCC[C@H](C(N)=O)C1,C001,5,best-RMSD,poses/A71EV2A-x3575a/A71EV2A-x3575a_best-RMSD.sdf,A71EV2A-x3575a,9,0.524,0.975,-98.888,-34.720,TRUE,5dbb66c485cd0ca976fb1e26efd7d59251c0047ecc91de7edd2ba1882eb9ead5,poses/A71EV2A-x3575a/A71EV2A-x3575a_best-RMSD.openstructure.json,858543bec3e0538eb74f34c6d6ef6b2ac38c099f2ff0096b183199ae3c0ff208,poses/A71EV2A-x3575a/A71EV2A-x3575a_best-RMSD.posebusters.csv,cd6033ef8a221e63d422a1d8dcbad21b9633531eb53e78760a4222912b0a1647
A71EV2A-x4310_A_201_0_1_A71EV2A-x0526+A+147+0+1__LIG,COc1c(NC(=O)N2CCC[C@H](C(N)=O)C2)cccc1C(F)(F)F,C003,6,lowest-energy,poses/A71EV2A-x4310a/A71EV2A-x4310a_lowest-energy.sdf,A71EV2A-x4310a,7,0.353,0.990,-126.737,-40.280,TRUE,3cc6ad84e0c5ace731c0ce3654d6b8a64d155694a05f9d7c8f99181be09b85ad,poses/A71EV2A-x4310a/A71EV2A-x4310a_lowest-energy.openstructure.json,2add462b1619c74e8c3e202606d1bfe243c0c5e23f51b59226c023532f83ce94,poses/A71EV2A-x4310a/A71EV2A-x4310a_lowest-energy.posebusters.csv,272f26a1bf5dc73fb1d688cf256638e9a1eedebd56017a15da26977ead574eaa
A71EV2A-x4310_A_201_0_1_A71EV2A-x0526+A+147+0+1__LIG,COc1c(NC(=O)N2CCC[C@H](C(N)=O)C2)cccc1C(F)(F)F,C003,6,best-RMSD,poses/A71EV2A-x4310b/A71EV2A-x4310b_best-RMSD.sdf,A71EV2A-x4310b,3,0.255,1.000,-125.435,-36.320,TRUE,5da5f6d29f492f9fa94714c4e568f88c7c184d6759e1ff4fbcf30cd2365d85ab,poses/A71EV2A-x4310b/A71EV2A-x4310b_best-RMSD.openstructure.json,2ce5e821c1f9bd4193d504075d6520fef4e76a9507f61e49b40e100298d20512,poses/A71EV2A-x4310b/A71EV2A-x4310b_best-RMSD.posebusters.csv,a220231b0ef023b90bd1664ec99411274a78d7ba4119ddae7d4f757658b62eb9
A71EV2A-x4845_A_201_0_1_A71EV2A-x0526+A+147+0+1__LIG,COc1cc(Br)c(CC(=O)N2CCC[C@H](C(N)=O)C2)cc1OC,C001,6,lowest-energy,poses/A71EV2A-x4845a/A71EV2A-x4845a_lowest-energy.sdf,A71EV2A-x4845a,5,0.759,0.951,-103.285,-31.430,TRUE,07a176c7b53b9659df5d239d4567cb5974857333ae5920fb267e10b714226b45,poses/A71EV2A-x4845a/A71EV2A-x4845a_lowest-energy.openstructure.json,a275c5822284d4b5559644743a2726ba55ff4ea3d4043447a7f256af59f90931,poses/A71EV2A-x4845a/A71EV2A-x4845a_lowest-energy.posebusters.csv,86a2f360dd3aec25d27912297b074eaa3e548ab576af6c17aa5029b77bc9d991
A71EV2A-x4845_A_201_0_1_A71EV2A-x0526+A+147+0+1__LIG,COc1cc(Br)c(CC(=O)N2CCC[C@H](C(N)=O)C2)cc1OC,C001,6,best-RMSD,poses/A71EV2A-x4845a/A71EV2A-x4845a_best-RMSD.sdf,A71EV2A-x4845a,6,0.754,0.941,-100.949,-31.370,TRUE,849ca346970d838b8bf29544dab758d3bc43de41b535b499afd98c8af579ec8d,poses/A71EV2A-x4845a/A71EV2A-x4845a_best-RMSD.openstructure.json,d4b413f83adaa0f3608bcebc50a5728f218b3c8d0f4f8b02388ef76e0fd118fe,poses/A71EV2A-x4845a/A71EV2A-x4845a_best-RMSD.posebusters.csv,e04bffc39b5e81d2abe1221d0f54b9b7ec5aa274150e9d4355bd65b5e4ac661a
A71EV2A-x4203_A_201_0_1_A71EV2A-x0526+A+147+0+1__LIG,COc1cc(Cl)ccc1CC(=O)N1CCC[C@H](C(N)=O)C1,C001,5,lowest-energy,poses/A71EV2A-x4203a/A71EV2A-x4203a_lowest-energy.sdf,A71EV2A-x4203a,8,0.243,1.000,-104.202,-31.060,TRUE,55ba4d0276dcb423bfab630b8986ba64f34930c0c840a129e7ee991e86475c4e,poses/A71EV2A-x4203a/A71EV2A-x4203a_lowest-energy.openstructure.json,87f98061265abf7bfeb1883d5e47c3d7ecbfb1de453943a9d1ffc385935296da,poses/A71EV2A-x4203a/A71EV2A-x4203a_lowest-energy.posebusters.csv,ee701f3d3f65c86ee64ac4e46c4e726f1ba03db2d0f8d9dfab014c9a4cc9ba4f
A71EV2A-x4203_A_201_0_1_A71EV2A-x0526+A+147+0+1__LIG,COc1cc(Cl)ccc1CC(=O)N1CCC[C@H](C(N)=O)C1,C001,5,best-RMSD,poses/A71EV2A-x4203a/A71EV2A-x4203a_best-RMSD.sdf,A71EV2A-x4203a,8,0.243,1.000,-104.202,-31.060,TRUE,2bfb01c3c7fe6cf17a2a1be172db9faa5c1cd9d32cd5439f18a78db72667a4a7,poses/A71EV2A-x4203a/A71EV2A-x4203a_best-RMSD.openstructure.json,87f98061265abf7bfeb1883d5e47c3d7ecbfb1de453943a9d1ffc385935296da,poses/A71EV2A-x4203a/A71EV2A-x4203a_best-RMSD.posebusters.csv,ee701f3d3f65c86ee64ac4e46c4e726f1ba03db2d0f8d9dfab014c9a4cc9ba4f
A71EV2A-x1445_B_201_0_1_A71EV2A-x0526+A+147+0+1__LIG,COc1cc(NC(=O)C[C@@H](C)C(F)(F)F)n(C)n1,C051,6,lowest-energy,poses/A71EV2A-x1445a/A71EV2A-x1445a_lowest-energy.sdf,A71EV2A-x1445a,3,1.757,0.872,-58.903,-24.920,TRUE,68dd4ae358603815a0c97ed7b50137e4977bfc6868580abac0b200ec5b9e45fc,poses/A71EV2A-x1445a/A71EV2A-x1445a_lowest-energy.openstructure.json,e8a6627b0f0f8990ba4099a10cc1ac3d49aa4fa420305729cb6651cc371a9475,poses/A71EV2A-x1445a/A71EV2A-x1445a_lowest-energy.posebusters.csv,0f9df788b210dba154baa5db6ec985b31b1eef8c177b46501f5fd7f1500e43eb
A71EV2A-x1445_B_201_0_1_A71EV2A-x0526+A+147+0+1__LIG,COc1cc(NC(=O)C[C@@H](C)C(F)(F)F)n(C)n1,C051,6,best-RMSD,poses/A71EV2A-x1445a/A71EV2A-x1445a_best-RMSD.sdf,A71EV2A-x1445a,10,0.979,0.950,-54.018,-22.960,TRUE,3a603f699b070063a1ffea23b8d51675c4549457481bcfe5c20deb0df8caadd0,poses/A71EV2A-x1445a/A71EV2A-x1445a_best-RMSD.openstructure.json,843b978d0e6a70c2105392339ad42703be1961715ac3085dc262a507d8cbe793,poses/A71EV2A-x1445a/A71EV2A-x1445a_best-RMSD.posebusters.csv,d78716d730c6580684063929a71813037c53e296cb42d4ae0a1b8cd9385366e2
A71EV2A-x4415_A_201_0_1_A71EV2A-x0526+A+147+0+1__LIG,COc1ccc(C#N)cc1NC(=O)N1CCC[C@H](C(N)=O)C1,C003,5,lowest-energy,poses/A71EV2A-x4415a/A71EV2A-x4415a_lowest-energy.sdf,A71EV2A-x4415a,1,0.300,0.998,-127.727,-36.270,TRUE,e132d97c0d9bb87bb49b26abc7f069f207c87ce96f696958cd21ea2c322884c5,poses/A71EV2A-x4415a/A71EV2A-x4415a_lowest-energy.openstructure.json,77713ca938d72b1c6e42afb0710cb0909bb690bcc185e7774e231ff65560368c,poses/A71EV2A-x4415a/A71EV2A-x4415a_lowest-energy.posebusters.csv,707db4aca7c7f78f9ffc84f24b5831b994b729dc6266724445c9374a0f9d04ff
A71EV2A-x4415_A_201_0_1_A71EV2A-x0526+A+147+0+1__LIG,COc1ccc(C#N)cc1NC(=O)N1CCC[C@H](C(N)=O)C1,C003,5,best-RMSD,poses/A71EV2A-x4415a/A71EV2A-x4415a_best-RMSD.sdf,A71EV2A-x4415a,9,0.271,0.997,-126.929,-36.160,TRUE,8ebe12d2dc65b0f277010d417dc9c3b3ea23b3368b9b28e03baa73b31c092016,poses/A71EV2A-x4415a/A71EV2A-x4415a_best-RMSD.openstructure.json,30eeb1dc84b1b36fe79cf96b0dc2ce83fa29f990874750c9084988525aa2ee0b,poses/A71EV2A-x4415a/A71EV2A-x4415a_best-RMSD.posebusters.csv,62cec342e0b9a0eac48a80d5ea99e334a8e92df647c7cbccc42305903279f03e
A71EV2A-x4028_A_201_0_1_A71EV2A-x0526+A+147+0+1__LIG,COc1ccc(C(F)(F)F)cc1CC(=O)N1CCC[C@H](C(N)=O)C1,C001,6,lowest-energy,poses/A71EV2A-x4028a/A71EV2A-x4028a_lowest-energy.sdf,A71EV2A-x4028a,1,0.326,0.994,-100.805,-31.080,TRUE,2bf17e31a5bdac629cf3cd5ed44c0a55fe3462fac7351caa953ecd2d3818c278,poses/A71EV2A-x4028a/A71EV2A-x4028a_lowest-energy.openstructure.json,15ac4868d3339a1ebb41fc12266b7eb10fecd4c76506e8103c3675df79b2319a,poses/A71EV2A-x4028a/A71EV2A-x4028a_lowest-energy.posebusters.csv,02a7dd79f543cbb4bc140422d6b2a9489de723dd1fe47c7397f43e832646c0e1
A71EV2A-x4028_A_201_0_1_A71EV2A-x0526+A+147+0+1__LIG,COc1ccc(C(F)(F)F)cc1CC(=O)N1CCC[C@H](C(N)=O)C1,C001,6,best-RMSD,poses/A71EV2A-x4028a/A71EV2A-x4028a_best-RMSD.sdf,A71EV2A-x4028a,1,0.326,0.994,-100.805,-31.080,TRUE,ddfa1af37c5ccb8802676fdb1a3d407d72d5584c29e2769282a82433e6f1a5d0,poses/A71EV2A-x4028a/A71EV2A-x4028a_best-RMSD.openstructure.json,15ac4868d3339a1ebb41fc12266b7eb10fecd4c76506e8103c3675df79b2319a,poses/A71EV2A-x4028a/A71EV2A-x4028a_best-RMSD.posebusters.csv,02a7dd79f543cbb4bc140422d6b2a9489de723dd1fe47c7397f43e832646c0e1
A71EV2A-x4777_A_201_0_1_A71EV2A-x0526+A+147+0+1__LIG,COc1ccc(C(F)(F)F)cc1CC(=O)N1CCS[C@@H](C(N)=O)C1,C033,6,lowest-energy,poses/A71EV2A-x4777a/A71EV2A-x4777a_lowest-energy.sdf,A71EV2A-x4777a,4,0.531,0.989,-109.649,-34.640,TRUE,544d7cb350ff66a15bba8155cf073c1ddbee57c81b536eb68c9c1040a677373d,poses/A71EV2A-x4777a/A71EV2A-x4777a_lowest-energy.openstructure.json,eab416b393970d7a87f7f7fd095cf41490f712110cf055c48b3080ad3f495ccb,poses/A71EV2A-x4777a/A71EV2A-x4777a_lowest-energy.posebusters.csv,f5901f6f4baa85fdd61558acb767e7535ad48e6b9ee99f268f1abee553134c3e
A71EV2A-x4777_A_201_0_1_A71EV2A-x0526+A+147+0+1__LIG,COc1ccc(C(F)(F)F)cc1CC(=O)N1CCS[C@@H](C(N)=O)C1,C033,6,best-RMSD,poses/A71EV2A-x4777a/A71EV2A-x4777a_best-RMSD.sdf,A71EV2A-x4777a,1,0.433,0.996,-109.270,-34.120,TRUE,29bf939822bb73010b217ba29d28f912671e6aded11c9bd5d432a524f584be9a,poses/A71EV2A-x4777a/A71EV2A-x4777a_best-RMSD.openstructure.json,eebb9d418f0f427c1e09f005e93d7726b3ea03ba1f63d19e87015a3c1fc69ad6,poses/A71EV2A-x4777a/A71EV2A-x4777a_best-RMSD.posebusters.csv,6d586087cd4288a78aee908e1b58b968d73c5f331db60f9484b71d33ba6780fb
A71EV2A-x4778_A_201_0_1_A71EV2A-x0526+A+147+0+1__LIG,COc1ccc(C(F)(F)F)cc1CC(=O)N1CCS[C@H](C(N)=O)C1,C033,6,lowest-energy,poses/A71EV2A-x4778a/A71EV2A-x4778a_lowest-energy.sdf,A71EV2A-x4778a,8,0.516,0.982,-113.161,-32.030,TRUE,d44cd83c02b53be0389d6fe9d7d0803597149bccc13eed4ed385a05e990f9701,poses/A71EV2A-x4778a/A71EV2A-x4778a_lowest-energy.openstructure.json,74f3cf0189b5dd0f4275a3156ccf55ca2f6621118359572178de805f6d595238,poses/A71EV2A-x4778a/A71EV2A-x4778a_lowest-energy.posebusters.csv,ee6135d2fc0c328eadca5c225ece61f39d9dd891fb90e64cd99ccb78a858f06b
A71EV2A-x4778_A_201_0_1_A71EV2A-x0526+A+147+0+1__LIG,COc1ccc(C(F)(F)F)cc1CC(=O)N1CCS[C@H](C(N)=O)C1,C033,6,best-RMSD,poses/A71EV2A-x4778a/A71EV2A-x4778a_best-RMSD.sdf,A71EV2A-x4778a,4,0.339,0.998,-112.379,-32.000,TRUE,86c8e0c6e621008a78cdb95ca19cf6fd1da164106262c7dce0d177288e5cb164,poses/A71EV2A-x4778a/A71EV2A-x4778a_best-RMSD.openstructure.json,2e9648fa5b616f4882e1f11f1eaacf841e9f986d5adbb188a4c5488592da4954,poses/A71EV2A-x4778a/A71EV2A-x4778a_best-RMSD.posebusters.csv,9b1015263a1ea67c157522e59659522dfa53f5882dab164e6a96bc453226d54a
A71EV2A-x4843_A_201_0_1_A71EV2A-x0526+A+147+0+1__LIG,COc1ccc(C(F)(F)F)cc1N(C)C(=O)N1CCC[C@H](C(N)=O)C1,C052,6,lowest-energy,poses/A71EV2A-x4843a/A71EV2A-x4843a_lowest-energy.sdf,A71EV2A-x4843a,4,1.308,0.853,-101.397,-30.180,TRUE,31265ca92093948db4ffe90c01bfd4d83a428989f958fc697bc549909b1f74f7,poses/A71EV2A-x4843a/A71EV2A-x4843a_lowest-energy.openstructure.json,40a9371d0635ecd76f2a193b6ba1e5a5138bc3e7b4d0c353a061bc5695413d9c,poses/A71EV2A-x4843a/A71EV2A-x4843a_lowest-energy.posebusters.csv,890d58eaf4f118f3ae81543b1ad90eeea23d8965099c83534b2c9f995af5de1b
A71EV2A-x4843_A_201_0_1_A71EV2A-x0526+A+147+0+1__LIG,COc1ccc(C(F)(F)F)cc1N(C)C(=O)N1CCC[C@H](C(N)=O)C1,C052,6,best-RMSD,poses/A71EV2A-x4843a/A71EV2A-x4843a_best-RMSD.sdf,A71EV2A-x4843a,7,0.614,0.950,-88.505,-27.450,TRUE,dd0ba75b29a63711796f09a8d8f1cc2afda28809f132696481aed01d422bfb1a,poses/A71EV2A-x4843a/A71EV2A-x4843a_best-RMSD.openstructure.json,143e0defc0e2b3f53c1f610af31f694d7a9e5db87894399bf76488b7ccd7fccc,poses/A71EV2A-x4843a/A71EV2A-x4843a_best-RMSD.posebusters.csv,70f9abc083c9b861a8600259b0421a656dc4455a7e0657c032f55f553dcf8114
A71EV2A-x4429_A_201_0_1_A71EV2A-x0526+A+147+0+1__LIG,COc1ccc(C(F)(F)F)cc1NC(=O)N1CCC[C@H](C(N)=O)C1,C003,6,lowest-energy,poses/A71EV2A-x4429a/A71EV2A-x4429a_lowest-energy.sdf,A71EV2A-x4429a,7,0.332,0.994,-127.301,-32.940,TRUE,d70b30fc3d704b563dde1f76631240a10792a18dd44fc4595b317859f98fcbbd,poses/A71EV2A-x4429a/A71EV2A-x4429a_lowest-energy.openstructure.json,030e8f013f1b58c442ec2ac24a5dc74600b73783e9bd90517e6ed673d01d32d5,poses/A71EV2A-x4429a/A71EV2A-x4429a_lowest-energy.posebusters.csv,3b54c2b01a0b238c1eb0e944976541747b71ac083923e3b3992bbe79e01543a0
A71EV2A-x4429_A_201_0_1_A71EV2A-x0526+A+147+0+1__LIG,COc1ccc(C(F)(F)F)cc1NC(=O)N1CCC[C@H](C(N)=O)C1,C003,6,best-RMSD,poses/A71EV2A-x4429a/A71EV2A-x4429a_best-RMSD.sdf,A71EV2A-x4429a,9,0.242,1.000,-120.869,-30.360,TRUE,5abc6a927d7368e47dd21b6812a1ed89b78c4635544bc01aff844291d8db70f7,poses/A71EV2A-x4429a/A71EV2A-x4429a_best-RMSD.openstructure.json,8f4caf5d687055f200385372ea955c17c45fc784407077f21855cf05c593e53a,poses/A71EV2A-x4429a/A71EV2A-x4429a_best-RMSD.posebusters.csv,659d8dcf7ca93a62e164f419bb3b3871e131846e2faedffdb6ffc533cf6aa2b4
A71EV2A-x3557_A_201_0_1_A71EV2A-x0526+A+147+0+1__LIG,COc1ccc(CC(=O)N2CCC[C@H](C(N)=O)C2)c(OC)c1,C001,6,lowest-energy,poses/A71EV2A-x3557a/A71EV2A-x3557a_lowest-energy.sdf,A71EV2A-x3557a,6,0.280,1.000,-113.152,-32.330,TRUE,80af3454c76f6bcf57008f85c5136c9c74230396c6abd0646b8c4d4404d67ef1,poses/A71EV2A-x3557a/A71EV2A-x3557a_lowest-energy.openstructure.json,f99792c3e9bfc416e82d97b242ccd2ad8ad3e27338c8c7a2ce48debb9aa7601a,poses/A71EV2A-x3557a/A71EV2A-x3557a_lowest-energy.posebusters.csv,93eb3d545f1ca9e5710d28b2a46ee1e448f1933343c531f981d2cd2dcab2a54c
A71EV2A-x3557_A_201_0_1_A71EV2A-x0526+A+147+0+1__LIG,COc1ccc(CC(=O)N2CCC[C@H](C(N)=O)C2)c(OC)c1,C001,6,best-RMSD,poses/A71EV2A-x3557a/A71EV2A-x3557a_best-RMSD.sdf,A71EV2A-x3557a,6,0.280,1.000,-113.152,-32.330,TRUE,f1cb74f71e913b24dd8790f3e0af1c4e042754fc2dff9e67b05017630d165a57,poses/A71EV2A-x3557a/A71EV2A-x3557a_best-RMSD.openstructure.json,f99792c3e9bfc416e82d97b242ccd2ad8ad3e27338c8c7a2ce48debb9aa7601a,poses/A71EV2A-x3557a/A71EV2A-x3557a_best-RMSD.posebusters.csv,93eb3d545f1ca9e5710d28b2a46ee1e448f1933343c531f981d2cd2dcab2a54c
A71EV2A-x2513_D_301_0_1_A71EV2A-x0526+A+147+0+1__LIG,COc1ccc(Cl)c2c1C(=O)C(=O)N2,C053,1,lowest-energy,poses/A71EV2A-x2513a/A71EV2A-x2513a_lowest-energy.sdf,A71EV2A-x2513a,8,4.474,0.364,-38.665,-21.110,TRUE,169da7e51b2a238475dc54a3cc3c8040667f1d0c7f0940d54dd1fa0e84f79f18,poses/A71EV2A-x2513a/A71EV2A-x2513a_lowest-energy.openstructure.json,ea5914f4d87d0d4bc5e4ba79ee480913f58e856fa1782ab6e9817d66832dd891,poses/A71EV2A-x2513a/A71EV2A-x2513a_lowest-energy.posebusters.csv,ef28eb5550a49e4c1bd152a329e543709548d483211227186454aa93bd0eef93
A71EV2A-x2513_D_301_0_1_A71EV2A-x0526+A+147+0+1__LIG,COc1ccc(Cl)c2c1C(=O)C(=O)N2,C053,1,best-RMSD,poses/A71EV2A-x2513a/A71EV2A-x2513a_best-RMSD.sdf,A71EV2A-x2513a,6,4.421,0.367,-38.000,-20.480,TRUE,de85c16bb0bc2ca21dbbd33c00a65e124de8d774eac4e81586838f96c709067c,poses/A71EV2A-x2513a/A71EV2A-x2513a_best-RMSD.openstructure.json,779d0ddc4c446a716238a64f6cd67dbf2381ae206283921ef4a29ec8bcb8828a,poses/A71EV2A-x2513a/A71EV2A-x2513a_best-RMSD.posebusters.csv,068d7efe494601f94a6e962a8fb65982bb508760a30ded48b31db53f191f616d
A71EV2A-x3940_A_201_0_1_A71EV2A-x0526+A+147+0+1__LIG,COc1ccc(Cl)cc1CC(=O)N1CCC[C@H](C(N)=O)C1,C001,5,lowest-energy,poses/A71EV2A-x3940a/A71EV2A-x3940a_lowest-energy.sdf,A71EV2A-x3940a,6,0.412,0.997,-94.040,-30.660,TRUE,9a027464544268eef56b94e4d5c556c0842a10109b0e0af54df6cb55f611776e,poses/A71EV2A-x3940a/A71EV2A-x3940a_lowest-energy.openstructure.json,1842ce7ea51f317c3774fd0642f319b414bb79d8ee1f4b40f7264136c5dd3238,poses/A71EV2A-x3940a/A71EV2A-x3940a_lowest-energy.posebusters.csv,ddcf7ac693bb7415b8e817460deddec9369b32de9c91ab83a26a2eb55d053159
A71EV2A-x3940_A_201_0_1_A71EV2A-x0526+A+147+0+1__LIG,COc1ccc(Cl)cc1CC(=O)N1CCC[C@H](C(N)=O)C1,C001,5,best-RMSD,poses/A71EV2A-x3940a/A71EV2A-x3940a_best-RMSD.sdf,A71EV2A-x3940a,6,0.412,0.997,-94.040,-30.660,TRUE,730910939f59a25de3dfc3a143f87188d01a17b566a9a9e6b5be04ea9d48d2cd,poses/A71EV2A-x3940a/A71EV2A-x3940a_best-RMSD.openstructure.json,1842ce7ea51f317c3774fd0642f319b414bb79d8ee1f4b40f7264136c5dd3238,poses/A71EV2A-x3940a/A71EV2A-x3940a_best-RMSD.posebusters.csv,ddcf7ac693bb7415b8e817460deddec9369b32de9c91ab83a26a2eb55d053159
A71EV2A-x5278_A_201_0_1_A71EV2A-x0526+A+147+0+1__LIG,COc1ccc(Cl)cc1NS(=O)(=O)N1CCC[C@H](C(N)=O)C1,C021,5,lowest-energy,poses/A71EV2A-x5278a/A71EV2A-x5278a_lowest-energy.sdf,A71EV2A-x5278a,9,2.593,0.758,-91.257,-30.710,TRUE,b3e02acd4b08c41299c0c0871b375102f24d1480a4ecc2f1e7e8a19d32a57156,poses/A71EV2A-x5278a/A71EV2A-x5278a_lowest-energy.openstructure.json,213d9883ee6cac32d8da564970af5018dcba2f2a78648f9136313fe0823f3c84,poses/A71EV2A-x5278a/A71EV2A-x5278a_lowest-energy.posebusters.csv,d9ae8dbaad82443edf44981bfd301f77acb505d5067ca631564bdabe47665c4d
A71EV2A-x5278_A_201_0_1_A71EV2A-x0526+A+147+0+1__LIG,COc1ccc(Cl)cc1NS(=O)(=O)N1CCC[C@H](C(N)=O)C1,C021,5,best-RMSD,poses/A71EV2A-x5278a/A71EV2A-x5278a_best-RMSD.sdf,A71EV2A-x5278a,5,0.332,0.998,-90.203,-31.580,TRUE,e97936d2c2e2d94c797f9f9abbef6f5665356be1dc267d6f032243c2fbdb4fd7,poses/A71EV2A-x5278a/A71EV2A-x5278a_best-RMSD.openstructure.json,3d9decd1c43b32fb10733eb8f01d108ca4dd51c49ccbdd6c2fb0523d07292379,poses/A71EV2A-x5278a/A71EV2A-x5278a_best-RMSD.posebusters.csv,48d92652a4ee8c38b3b90c7df5765f787b5053a67e51afefc2cb5af1b8110bea
A71EV2A-x4829_A_201_0_1_A71EV2A-x0526+A+147+0+1__LIG,COc1ccc(Cl)cc1OC(=O)N1CCC[C@H](C(N)=O)C1,C003,5,lowest-energy,poses/A71EV2A-x4829a/A71EV2A-x4829a_lowest-energy.sdf,A71EV2A-x4829a,5,0.290,0.997,-117.643,-34.110,TRUE,c654b9a6631c46299420db7fd48051730ef6d90bcd4160a61dbe5c858e10d64d,poses/A71EV2A-x4829a/A71EV2A-x4829a_lowest-energy.openstructure.json,a907ff6d1ba059a9c5296132a264d9d1ee50209c809f44a976842b499bcdcc9b,poses/A71EV2A-x4829a/A71EV2A-x4829a_lowest-energy.posebusters.csv,e6bdd2a70608763d571b3d14ee17f468326830606e8fa956e1defc4fb7f30851
A71EV2A-x4829_A_201_0_1_A71EV2A-x0526+A+147+0+1__LIG,COc1ccc(Cl)cc1OC(=O)N1CCC[C@H](C(N)=O)C1,C003,5,best-RMSD,poses/A71EV2A-x4903b/A71EV2A-x4903b_best-RMSD.sdf,A71EV2A-x4903b,6,0.158,1.000,-111.068,-33.570,TRUE,dad05c15da324d0b50c0a6ec11fa79fc7d7478279fe6e02b7883b95227397947,poses/A71EV2A-x4903b/A71EV2A-x4903b_best-RMSD.openstructure.json,53d8d14b9a77f4db8163138c827cf211ed45eb795e04e4381aaad4c74d71b378,poses/A71EV2A-x4903b/A71EV2A-x4903b_best-RMSD.posebusters.csv,3570cbeae56dcd69b9a8f57ebc36e4c91bb23aeea3d419f810dfabf629fddf69
A71EV2A-x3546_A_201_0_1_A71EV2A-x0526+A+147+0+1__LIG,COc1ccc(F)cc1CC(=O)N1CCC[C@H](C(N)=O)C1,C001,5,lowest-energy,poses/A71EV2A-x3546a/A71EV2A-x3546a_lowest-energy.sdf,A71EV2A-x3546a,5,0.196,1.000,-107.062,-33.770,TRUE,d5a3b2238582be630d6a297aa9bc0bff0d2708772c53f5b4199a74673460c781,poses/A71EV2A-x3546a/A71EV2A-x3546a_lowest-energy.openstructure.json,9eba44686379d4c1c451d8c613a228806b659b541e01bb737bd26a2b2923c671,poses/A71EV2A-x3546a/A71EV2A-x3546a_lowest-energy.posebusters.csv,02dba953c48b90634897b5f0e7f98cd92138d4156b3e4f99e569fef80101dfec
A71EV2A-x3546_A_201_0_1_A71EV2A-x0526+A+147+0+1__LIG,COc1ccc(F)cc1CC(=O)N1CCC[C@H](C(N)=O)C1,C001,5,best-RMSD,poses/A71EV2A-x3546a/A71EV2A-x3546a_best-RMSD.sdf,A71EV2A-x3546a,5,0.196,1.000,-107.062,-33.770,TRUE,9b84cb44561551a717b760a07006b47602976807c122c063bde66b4d994b1e34,poses/A71EV2A-x3546a/A71EV2A-x3546a_best-RMSD.openstructure.json,9eba44686379d4c1c451d8c613a228806b659b541e01bb737bd26a2b2923c671,poses/A71EV2A-x3546a/A71EV2A-x3546a_best-RMSD.posebusters.csv,02dba953c48b90634897b5f0e7f98cd92138d4156b3e4f99e569fef80101dfec
A71EV2A-x4304_A_201_0_1_A71EV2A-x0526+A+147+0+1__LIG,COc1ccc(NS(C)(=O)=O)cc1NC(=O)N1CCC[C@H](C(N)=O)C1,C003,7,lowest-energy,poses/A71EV2A-x4304a/A71EV2A-x4304a_lowest-energy.sdf,A71EV2A-x4304a,10,0.857,0.968,-119.101,-35.080,TRUE,158e3a606bd14e13879ce1b367a528c97c8f444523da44da9f9b27243d203008,poses/A71EV2A-x4304a/A71EV2A-x4304a_lowest-energy.openstructure.json,0ffbb9a7f30fc9c78e87906d79f942a44e9d06212c948afac489280ba8f44383,poses/A71EV2A-x4304a/A71EV2A-x4304a_lowest-energy.posebusters.csv,230dee9983f8a60c01e1321982f249ed873dacdf7a63ea3e067efc4857c01d13
A71EV2A-x4304_A_201_0_1_A71EV2A-x0526+A+147+0+1__LIG,COc1ccc(NS(C)(=O)=O)cc1NC(=O)N1CCC[C@H](C(N)=O)C1,C003,7,best-RMSD,poses/A71EV2A-x4304a/A71EV2A-x4304a_best-RMSD.sdf,A71EV2A-x4304a,9,0.484,0.989,-109.976,-30.800,TRUE,e09147531a8a0a8ba95a94bedc4ae6f43aaeb76e1806f62ac1877bf561f0ae9f,poses/A71EV2A-x4304a/A71EV2A-x4304a_best-RMSD.openstructure.json,5ddace6d74a9cd55aa42a725d85d1e21961701e5f1e57779b532203694f4d336,poses/A71EV2A-x4304a/A71EV2A-x4304a_best-RMSD.posebusters.csv,de02a5189eaae407ba9bfaac4662127a2a8b25816ec4a46f16ddffa731ffd619
A71EV2A-x4303_A_201_0_1_A71EV2A-x0526+A+147+0+1__LIG,COc1ccc(S(C)(=O)=O)cc1NC(=O)N1CCC[C@H](C(N)=O)C1,C003,6,lowest-energy,poses/A71EV2A-x4303b/A71EV2A-x4303b_lowest-energy.sdf,A71EV2A-x4303b,1,0.273,1.000,-139.171,-41.440,TRUE,f8b1a03009bca94f50da1f70e950239eaaa86694a05e3a7ba2dd090462ea1123,poses/A71EV2A-x4303b/A71EV2A-x4303b_lowest-energy.openstructure.json,5aa7132975f250699262ad234a5616f3644d83539fb5d0030667cef7df07f05f,poses/A71EV2A-x4303b/A71EV2A-x4303b_lowest-energy.posebusters.csv,c05664447d84ca94469875d4778b620ad4b5f3f5b420fa891b2e3fb14d6baf47
A71EV2A-x4303_A_201_0_1_A71EV2A-x0526+A+147+0+1__LIG,COc1ccc(S(C)(=O)=O)cc1NC(=O)N1CCC[C@H](C(N)=O)C1,C003,6,best-RMSD,poses/A71EV2A-x4303b/A71EV2A-x4303b_best-RMSD.sdf,A71EV2A-x4303b,3,0.204,1.000,-137.411,-40.020,TRUE,8255476f8ed65cbb9a78753938db50c07b2a7d3e8cc4326e109bee05ef6ce913,poses/A71EV2A-x4303b/A71EV2A-x4303b_best-RMSD.openstructure.json,50815113eb1847318e85ef29c577d7fca27c8aa1680420ca0895f98f1776517f,poses/A71EV2A-x4303b/A71EV2A-x4303b_best-RMSD.posebusters.csv,a29f7635e449d5a056fa8685029552d2ceb3281c0d783e92bf9eae28313fcdd9
A71EV2A-x3954_A_201_0_1_A71EV2A-x0526+A+147+0+1__LIG,COc1ccc2c(n1)[C@@H](C(=O)N1CCC[C@H](C(N)=O)C1)CC2,C054,4,lowest-energy,poses/A71EV2A-x3954a/A71EV2A-x3954a_lowest-energy.sdf,A71EV2A-x3954a,8,0.338,1.000,-88.027,-28.530,TRUE,a6a880c1da0c9eab20efd63a14020b416c8aa55352e69ce557c2576605abc25c,poses/A71EV2A-x3954a/A71EV2A-x3954a_lowest-energy.openstructure.json,f34e3c22b8e838f01cfc2f833c0ef6fb1bc942290550635dd7c308119c4deabb,poses/A71EV2A-x3954a/A71EV2A-x3954a_lowest-energy.posebusters.csv,b34dd2532f6a6020bd51917e30ddab99a6fdf367342f14d271cffc1e12a2ef23
A71EV2A-x3954_A_201_0_1_A71EV2A-x0526+A+147+0+1__LIG,COc1ccc2c(n1)[C@@H](C(=O)N1CCC[C@H](C(N)=O)C1)CC2,C054,4,best-RMSD,poses/A71EV2A-x3954a/A71EV2A-x3954a_best-RMSD.sdf,A71EV2A-x3954a,5,0.249,1.000,-85.149,-27.410,TRUE,9876d7be7c5a92ef4a0210fc3478535474822e865b1753914f15e5d9a6f8ca96,poses/A71EV2A-x3954a/A71EV2A-x3954a_best-RMSD.openstructure.json,65fe9393fc747dd72b83e4724fb234768456dab4e984ee146f8a70fb0b42607f,poses/A71EV2A-x3954a/A71EV2A-x3954a_best-RMSD.posebusters.csv,4932bffb82b07b58915226696135370ae941d799dd02b944894d03660ae3dedf
A71EV2A-x5036_A_201_0_1_A71EV2A-x0526+A+147+0+1__LIG,COc1cccc(CN2C[C@@H](C(N)=O)CCC2=O)c1,C004,4,lowest-energy,poses/A71EV2A-x5036b/A71EV2A-x5036b_lowest-energy.sdf,A71EV2A-x5036b,1,0.318,0.996,-106.809,-31.410,TRUE,40487d3ddb0dc5963e3102f55a11d730ea5aa03542ef34f81a48972ceee03dd5,poses/A71EV2A-x5036b/A71EV2A-x5036b_lowest-energy.openstructure.json,ae0ca8fdb0251213fc2a57a04553924c1935c3cf00fc17b4f4b4c9f69180a8b3,poses/A71EV2A-x5036b/A71EV2A-x5036b_lowest-energy.posebusters.csv,6cefca44f00dab5113d1947c71c7cd46bb05cd650a7dd54234397d13db517af1
A71EV2A-x5036_A_201_0_1_A71EV2A-x0526+A+147+0+1__LIG,COc1cccc(CN2C[C@@H](C(N)=O)CCC2=O)c1,C004,4,best-RMSD,poses/A71EV2A-x5036b/A71EV2A-x5036b_best-RMSD.sdf,A71EV2A-x5036b,9,0.268,0.997,-105.935,-31.440,TRUE,5dbd06b72d5a1fc10209f5c406b0b5f102ac909abfbfd1de0c2ff00e8c56716c,poses/A71EV2A-x5036b/A71EV2A-x5036b_best-RMSD.openstructure.json,ef99dd373e2d5c1f5fb21e7a91092ffb2809504a4c490648732bdcbdda3be009,poses/A71EV2A-x5036b/A71EV2A-x5036b_best-RMSD.posebusters.csv,93213c5b82686d5c2c5366703c455411244b2319ab2be093714fc6b90f219ebc
A71EV2A-x3858_A_201_0_1_A71EV2A-x0526+A+147+0+1__LIG,COc1cccc(Cl)c1CC(=O)N1CCC[C@@H](C(N)=O)C1,C001,5,lowest-energy,poses/A71EV2A-x3858b/A71EV2A-x3858b_lowest-energy.sdf,A71EV2A-x3858b,10,0.249,1.000,-106.672,-34.490,TRUE,afc6dee7888053453a2c56b7be7b8b3a3f76cfcbaf96339ea301549a9367edb6,poses/A71EV2A-x3858b/A71EV2A-x3858b_lowest-energy.openstructure.json,bb6cb59595f5d3c5a18958677c81488c9fea06406332abe048d22bcf39682b21,poses/A71EV2A-x3858b/A71EV2A-x3858b_lowest-energy.posebusters.csv,c2d30d7cf21468896197b37fbe97c4cad23d5b2a1c35a4c1c7bfea4c12602fe3
A71EV2A-x3858_A_201_0_1_A71EV2A-x0526+A+147+0+1__LIG,COc1cccc(Cl)c1CC(=O)N1CCC[C@@H](C(N)=O)C1,C001,5,best-RMSD,poses/A71EV2A-x3858b/A71EV2A-x3858b_best-RMSD.sdf,A71EV2A-x3858b,3,0.247,1.000,-105.819,-34.180,TRUE,b8cef216d2a1b37e757e3ddbc1031a39d9f62ee4236fcbdf4a82419d710eab89,poses/A71EV2A-x3858b/A71EV2A-x3858b_best-RMSD.openstructure.json,651d4d1a1f5e7f23b5b1a4e5672e037a86042975a47381e7681017413e34579d,poses/A71EV2A-x3858b/A71EV2A-x3858b_best-RMSD.posebusters.csv,4bca7ba43d8a34c0d12326dd455803edf861164e6baedb500868215d12848c50
A71EV2A-x3942_A_201_0_1_A71EV2A-x0526+A+147+0+1__LIG,COc1cccc(Cl)c1CC(=O)N1CCC[C@H](C(N)=O)C1,C001,5,lowest-energy,poses/A71EV2A-x3942a/A71EV2A-x3942a_lowest-energy.sdf,A71EV2A-x3942a,6,0.663,0.961,-105.279,-31.580,TRUE,83447a28b31143f168cd10dc2cb381d6811f485c72deefa42314494039fbae89,poses/A71EV2A-x3942a/A71EV2A-x3942a_lowest-energy.openstructure.json,f67632fb8b4a03214f21561b0b3c2550de6e6c66bedd7f12d41d9d0cff218338,poses/A71EV2A-x3942a/A71EV2A-x3942a_lowest-energy.posebusters.csv,cb8f43994ebda63e1b794f7643845c22e72bafe2850a8e62e2aab66ae78fb428
A71EV2A-x3942_A_201_0_1_A71EV2A-x0526+A+147+0+1__LIG,COc1cccc(Cl)c1CC(=O)N1CCC[C@H](C(N)=O)C1,C001,5,best-RMSD,poses/A71EV2A-x3942a/A71EV2A-x3942a_best-RMSD.sdf,A71EV2A-x3942a,5,0.566,0.976,-105.176,-32.990,TRUE,faebe4d5350c10e7946d237526e723b94ad86a2fe57e3be37ac230dd86e900ea,poses/A71EV2A-x3942a/A71EV2A-x3942a_best-RMSD.openstructure.json,3229e99d49308e9576d842cde623d1700f3e209d165726117f4047a325bc7c2c,poses/A71EV2A-x3942a/A71EV2A-x3942a_best-RMSD.posebusters.csv,5c2191010e940fc5768a8aa242b718bbaa7d3eb40ccc404c467a9d65368cb302
A71EV2A-x3993_A_201_0_1_A71EV2A-x0526+A+147+0+1__LIG,COc1cccc(Cl)c1CC(=O)N1C[C@H](C(N)=O)C[C@H](C(=O)NC2CC2)C1,C037,8,lowest-energy,poses/A71EV2A-x3993a/A71EV2A-x3993a_lowest-energy.sdf,A71EV2A-x3993a,6,0.322,0.994,-125.936,-32.620,TRUE,cd0e84b579258d1895c32b2b30fb65577737ccec0abba184a94648ab74398cca,poses/A71EV2A-x3993a/A71EV2A-x3993a_lowest-energy.openstructure.json,d840b61ab5fe60f9aa1e1cf41f7ca9098a5e93973efc008e2d3823f9a1f6108e,poses/A71EV2A-x3993a/A71EV2A-x3993a_lowest-energy.posebusters.csv,c4fe83ebbdc93f9b921a4e49b4054732defcf4f012627d8f2c49d72e1b65fb52
A71EV2A-x3993_A_201_0_1_A71EV2A-x0526+A+147+0+1__LIG,COc1cccc(Cl)c1CC(=O)N1C[C@H](C(N)=O)C[C@H](C(=O)NC2CC2)C1,C037,8,best-RMSD,poses/A71EV2A-x3993a/A71EV2A-x3993a_best-RMSD.sdf,A71EV2A-x3993a,7,0.309,0.999,-123.902,-31.900,TRUE,695905157054783bdadc92b1ee9a7aa4d0f03988fda150104f3a966d7e278302,poses/A71EV2A-x3993a/A71EV2A-x3993a_best-RMSD.openstructure.json,67e5d13fb36305a8651536faefeefcbfcd27fcec2d6786912bf6d0ab72d1119f,poses/A71EV2A-x3993a/A71EV2A-x3993a_best-RMSD.posebusters.csv,385b41302424fa206164224df69d986ee810c8579f1018bc83a9dd10fee67e48
A71EV2A-x4239_A_201_0_1_A71EV2A-x0526+A+147+0+1__LIG,COc1cccc(Cl)c1CC(=O)N1C[C@H](C(N)=O)[C@H]2CCC[C@H]21,C037,5,lowest-energy,poses/A71EV2A-x4239a/A71EV2A-x4239a_lowest-energy.sdf,A71EV2A-x4239a,9,0.296,0.997,-110.586,-36.730,TRUE,b6c4f02d47ff2ab512ff773d406bf77dc5811c537bc7aed732681271477313de,poses/A71EV2A-x4239a/A71EV2A-x4239a_lowest-energy.openstructure.json,c92393753bd35c7f2e60be593cf9363b53af7be4d00f03a90b9aed1505cb9bf8,poses/A71EV2A-x4239a/A71EV2A-x4239a_lowest-energy.posebusters.csv,96ee5b4119f98a5dce8fb031f08972e4e295a0716e2626095a00e95976549f58
A71EV2A-x4239_A_201_0_1_A71EV2A-x0526+A+147+0+1__LIG,COc1cccc(Cl)c1CC(=O)N1C[C@H](C(N)=O)[C@H]2CCC[C@H]21,C037,5,best-RMSD,poses/A71EV2A-x4239a/A71EV2A-x4239a_best-RMSD.sdf,A71EV2A-x4239a,2,0.214,1.000,-108.890,-36.960,TRUE,eec0e19a9707a30e635bb384205982b9acbc12cdd09e1e782b6d08318b7119a0,poses/A71EV2A-x4239a/A71EV2A-x4239a_best-RMSD.openstructure.json,286daa6327d195e0191113f31d08edbf5e8045939b19ec031b68280dd2c0b900,poses/A71EV2A-x4239a/A71EV2A-x4239a_best-RMSD.posebusters.csv,819f3aa9e65d95ce745e8eee1ed925cc76623d8d4b2874ea22f4cce07abb604d
A71EV2A-x4035_A_201_0_1_A71EV2A-x0526+A+147+0+1__LIG,COc1cccc(Cl)c1NC(=O)N1CCC[C@H](C(N)=O)C1,C003,5,lowest-energy,poses/A71EV2A-x4035a/A71EV2A-x4035a_lowest-energy.sdf,A71EV2A-x4035a,5,0.295,0.998,-126.573,-37.040,TRUE,32a722d3060b1af880da62e48ca3374ee26ff24197cd8968cf4ec08a38b7326d,poses/A71EV2A-x4035a/A71EV2A-x4035a_lowest-energy.openstructure.json,b78e554f4820bee5a668731c237d127c30bbdf83277701417090f990e676e496,poses/A71EV2A-x4035a/A71EV2A-x4035a_lowest-energy.posebusters.csv,c6e4201450f4c10693e1f1aaadcc7193814c9c6d02b574711d6b4ea4d58c57cf
A71EV2A-x4035_A_201_0_1_A71EV2A-x0526+A+147+0+1__LIG,COc1cccc(Cl)c1NC(=O)N1CCC[C@H](C(N)=O)C1,C003,5,best-RMSD,poses/A71EV2A-x4035a/A71EV2A-x4035a_best-RMSD.sdf,A71EV2A-x4035a,1,0.250,1.000,-124.814,-36.550,TRUE,dc9717e48be0067998d455a8b73334f3de17c95763ddac95e83f87354c6c422d,poses/A71EV2A-x4035a/A71EV2A-x4035a_best-RMSD.openstructure.json,8a850a9e9e5d62396623911b417e759287515c60ed9be6b5c0db609392ccb929,poses/A71EV2A-x4035a/A71EV2A-x4035a_best-RMSD.posebusters.csv,c6909058de638d2d02a5041c704a1b9b5d86c018ce6af0f298c14bf4c4a2600e
A71EV2A-x3992_A_201_0_1_A71EV2A-x0526+A+147+0+1__LIG,COc1cccc(Cl)c1NC(=O)N1CC[C@H](C(N)=O)C1,C003,5,lowest-energy,poses/A71EV2A-x3992a/A71EV2A-x3992a_lowest-energy.sdf,A71EV2A-x3992a,1,0.272,0.995,-116.156,-28.730,TRUE,50da3f27ec5556d417161f71b90d19c92ce0553920296eceb41690775e5cbba0,poses/A71EV2A-x3992a/A71EV2A-x3992a_lowest-energy.openstructure.json,1a5f76431dd1ea1388f5b91346eea9cdcd1c448db0d9e90b773a5397af4fe1d8,poses/A71EV2A-x3992a/A71EV2A-x3992a_lowest-energy.posebusters.csv,edfb2d28615e171c8b18b10e3439e9b3aab1b225063e1c860288ce2ef42270f7
A71EV2A-x3992_A_201_0_1_A71EV2A-x0526+A+147+0+1__LIG,COc1cccc(Cl)c1NC(=O)N1CC[C@H](C(N)=O)C1,C003,5,best-RMSD,poses/A71EV2A-x3992b/A71EV2A-x3992b_best-RMSD.sdf,A71EV2A-x3992b,9,0.197,1.000,-112.635,-30.540,TRUE,898ed7c9fa6ae9678f9781e1a128d7b62494e853c38c7eaf1f8697c279bb0dec,poses/A71EV2A-x3992b/A71EV2A-x3992b_best-RMSD.openstructure.json,279d85626f35f9a196a75627d86d99a7f9d9f455eab5cabc8d33a438dfff9000,poses/A71EV2A-x3992b/A71EV2A-x3992b_best-RMSD.posebusters.csv,8681829e0ae3ca60888cac513a9c40ecd699da7a02d73f4eb6f8861501d7abb7
A71EV2A-x3485_A_201_0_1_A71EV2A-x0526+A+147+0+1__LIG,COc1cccc(NC(=O)N2CCC[C@H](C(N)=O)C2)c1,C003,5,lowest-energy,poses/A71EV2A-x3485a/A71EV2A-x3485a_lowest-energy.sdf,A71EV2A-x3485a,1,0.271,0.997,-125.103,-36.220,TRUE,faca84541e41f3b9174b9d6f28cde72d4d493ab66021d700ff8832ee7af387c1,poses/A71EV2A-x3485a/A71EV2A-x3485a_lowest-energy.openstructure.json,7ffc8b73a4f3d55b20d58903bc955e34acf07d17b081e77d5b4fc7e16bcca9b7,poses/A71EV2A-x3485a/A71EV2A-x3485a_lowest-energy.posebusters.csv,5c1d4e1edaa9036ce745ed85432c7780afc29ecb227d5d115445c831cb17cc9f
A71EV2A-x3485_A_201_0_1_A71EV2A-x0526+A+147+0+1__LIG,COc1cccc(NC(=O)N2CCC[C@H](C(N)=O)C2)c1,C003,5,best-RMSD,poses/A71EV2A-x3485a/A71EV2A-x3485a_best-RMSD.sdf,A71EV2A-x3485a,5,0.245,0.998,-124.774,-35.890,TRUE,0814d107ba07522dc9c4996d2e98ea8b6245646f456ea480e0a848c08c9bf5d6,poses/A71EV2A-x3485a/A71EV2A-x3485a_best-RMSD.openstructure.json,26f4a9c55b87d7b2658051baaff27faffbd69f43d08a0a68d45f18c0a6fd23f2,poses/A71EV2A-x3485a/A71EV2A-x3485a_best-RMSD.posebusters.csv,dfb2a8ef3a0a1c891d2ac2c7fc2b7b12bc0ea85b34c941c6f861f29b42cccb25
A71EV2A-x4524_A_201_0_1_A71EV2A-x0526+A+147+0+1__LIG,COc1cccc(NC(=O)N2CCC[C@H](C(N)=O)C2)c1Cl,C003,5,lowest-energy,poses/A71EV2A-x4873b/A71EV2A-x4873b_lowest-energy.sdf,A71EV2A-x4873b,6,0.674,0.945,-123.272,-33.960,TRUE,1e20edf488aa6baafe8e2c6191d5f378e1c0f38a553a216c9fb33de34f6570e9,poses/A71EV2A-x4873b/A71EV2A-x4873b_lowest-energy.openstructure.json,b54b9f17b2a3bf6c8c4260ee7aaa87a83bc51eb865fa0ea88d9a9fb40445aa54,poses/A71EV2A-x4873b/A71EV2A-x4873b_lowest-energy.posebusters.csv,73ef30862d9ccc41ef57d740ac9a6a9db6f8c5726a9977d133604af370e2502f
A71EV2A-x4524_A_201_0_1_A71EV2A-x0526+A+147+0+1__LIG,COc1cccc(NC(=O)N2CCC[C@H](C(N)=O)C2)c1Cl,C003,5,best-RMSD,poses/A71EV2A-x4524a/A71EV2A-x4524a_best-RMSD.sdf,A71EV2A-x4524a,8,0.266,1.000,-109.210,-29.090,TRUE,a3f39f372994d0d0be16ac0c53769105ab3f2d9a7436393b7c10ff6a30d0fc07,poses/A71EV2A-x4524a/A71EV2A-x4524a_best-RMSD.openstructure.json,9b107f3f21578c9d82bf8df2056c5b173faf16ee24bc1da9cdaf497bf95492b6,poses/A71EV2A-x4524a/A71EV2A-x4524a_best-RMSD.posebusters.csv,c8568626878cbb9fb193f6811d1608b01e87299e82a0b919af695388deb0a0d9
A71EV2A-x4298_A_201_0_1_A71EV2A-x0526+A+147+0+1__LIG,COc1cccc(NC(=O)N2CCC[C@H](C(N)=O)C2)n1,C003,5,lowest-energy,poses/A71EV2A-x4298a/A71EV2A-x4298a_lowest-energy.sdf,A71EV2A-x4298a,2,0.223,1.000,-125.666,-35.750,TRUE,cd42f658cc6bdb528eae754829d06e3c5126a33b1eb69592c44d42e0da865720,poses/A71EV2A-x4298a/A71EV2A-x4298a_lowest-energy.openstructure.json,790afa1b48740252823c7e70bbbf36b5855624bd1fdf1fa19247732ab5403e10,poses/A71EV2A-x4298a/A71EV2A-x4298a_lowest-energy.posebusters.csv,78d69aabadb47871fc9087a3616ddea0cd2cbf5e6649125918c06eb5265e8a77
A71EV2A-x4298_A_201_0_1_A71EV2A-x0526+A+147+0+1__LIG,COc1cccc(NC(=O)N2CCC[C@H](C(N)=O)C2)n1,C003,5,best-RMSD,poses/A71EV2A-x4298a/A71EV2A-x4298a_best-RMSD.sdf,A71EV2A-x4298a,3,0.190,1.000,-125.289,-35.540,TRUE,1277adffe73a64cae091188b384e98de9b5093e14d97dc4f661b440f4b058d57,poses/A71EV2A-x4298a/A71EV2A-x4298a_best-RMSD.openstructure.json,8affc615190dbb93582ffbfa9fec9e03353ab79a5ff602043c0315ac79a4e8e1,poses/A71EV2A-x4298a/A71EV2A-x4298a_best-RMSD.posebusters.csv,6d51796e728cb3bbd50d19d14caae3f9777bd7ff2f413d9513f249724248842e
A71EV2A-x5289_A_201_0_1_A71EV2A-x0526+A+147+0+1__LIG,COc1cccc(SC(C)C)c1NC(=O)N1CCC[C@H](C(N)=O)C1,C003,7,lowest-energy,poses/A71EV2A-x5289a/A71EV2A-x5289a_lowest-energy.sdf,A71EV2A-x5289a,3,0.772,0.984,-127.637,-32.370,TRUE,f388600e6ba071fdabcfd1a2f5493e4faaf0a881e3cdea45a0c8df7ff030e1ec,poses/A71EV2A-x5289a/A71EV2A-x5289a_lowest-energy.openstructure.json,1e9eea1532f8abb2377b486887887f99212f3edda05f81677d9460d10a1daab4,poses/A71EV2A-x5289a/A71EV2A-x5289a_lowest-energy.posebusters.csv,7735a692eaf4e8feb4f91122ec57e4d8672f03ea1928eeac6827e60a1460d82b
A71EV2A-x5289_A_201_0_1_A71EV2A-x0526+A+147+0+1__LIG,COc1cccc(SC(C)C)c1NC(=O)N1CCC[C@H](C(N)=O)C1,C003,7,best-RMSD,poses/A71EV2A-x5289a/A71EV2A-x5289a_best-RMSD.sdf,A71EV2A-x5289a,9,0.622,0.981,-126.066,-33.830,TRUE,67afeb322e32bc73bb9708eba5a9a55efbba61ec0f34ce5faf6084348592eb53,poses/A71EV2A-x5289a/A71EV2A-x5289a_best-RMSD.openstructure.json,dd0d88186f1e9dbba07017f26ed5ae1ef23c470eba4016622dffa5441162ffc6,poses/A71EV2A-x5289a/A71EV2A-x5289a_best-RMSD.posebusters.csv,b4975f0112f33ea519be3d0ad2c5d493548cc361671b5ce53c37b68c13b691c0
A71EV2A-x4554_A_201_0_1_A71EV2A-x0526+A+147+0+1__LIG,COc1cccc(SC)c1NC(=O)N1CCC[C@H](C(N)=O)C1,C001,6,lowest-energy,poses/A71EV2A-x4554a/A71EV2A-x4554a_lowest-energy.sdf,A71EV2A-x4554a,6,2.816,0.691,-109.830,-27.860,TRUE,e83d2b4284626f21e183dd771a7451084fd7a72c64d80d838a80a9cc9ca2a2a9,poses/A71EV2A-x4554a/A71EV2A-x4554a_lowest-energy.openstructure.json,0867f542fda823a00c8221a0fc1a6867ddeaed37592d7cf3228d4424faa63f3b,poses/A71EV2A-x4554a/A71EV2A-x4554a_lowest-energy.posebusters.csv,12bbab875a10db9de6b758fcab30bbf52b0c52b627bb6dd0c14bffa476f30f94
A71EV2A-x4554_A_201_0_1_A71EV2A-x0526+A+147+0+1__LIG,COc1cccc(SC)c1NC(=O)N1CCC[C@H](C(N)=O)C1,C001,6,best-RMSD,poses/A71EV2A-x4554a/A71EV2A-x4554a_best-RMSD.sdf,A71EV2A-x4554a,8,1.103,0.877,-105.505,-27.030,TRUE,26afde862e3e356161c78c73a8ad4b58efedcc207e0fedd66f159b1a1f44b3dd,poses/A71EV2A-x4554a/A71EV2A-x4554a_best-RMSD.openstructure.json,665c26bb0fb91720e5c8422d950d76824361872f791455a9f62d45af65ff2c4b,poses/A71EV2A-x4554a/A71EV2A-x4554a_best-RMSD.posebusters.csv,ab81729d2a08fd88ee90928393d4dbb557620fa0e2affae0f9266374c2efa426
A71EV2A-x4316_A_201_0_1_A71EV2A-x0526+A+147+0+1__LIG,COc1cccc2c1CC[C@H]2N1C[C@@H](C(N)=O)CCC1=O,C004,3,lowest-energy,poses/A71EV2A-x4316a/A71EV2A-x4316a_lowest-energy.sdf,A71EV2A-x4316a,2,0.766,0.933,-79.660,-23.380,TRUE,200b5ccefe4f3d242922799bb3614a32acaa24a608162d2ccb77eb855b1d486a,poses/A71EV2A-x4316a/A71EV2A-x4316a_lowest-energy.openstructure.json,b5e982987b0ab4c4b9d0f481eb3032af77b3aafc62ff3f40ac2da9c2de5c5d17,poses/A71EV2A-x4316a/A71EV2A-x4316a_lowest-energy.posebusters.csv,6f0ed0ee409b13e78d0f65976b01f51166c6bb98bc594fedca99b7c61f74b14f
A71EV2A-x4316_A_201_0_1_A71EV2A-x0526+A+147+0+1__LIG,COc1cccc2c1CC[C@H]2N1C[C@@H](C(N)=O)CCC1=O,C004,3,best-RMSD,poses/A71EV2A-x4316a/A71EV2A-x4316a_best-RMSD.sdf,A71EV2A-x4316a,1,0.394,0.992,-76.056,-23.410,TRUE,119ab60aa83c6083ab8971202ab6eb3c3e9cf65df7920fb779781d13c21d7bfd,poses/A71EV2A-x4316a/A71EV2A-x4316a_best-RMSD.openstructure.json,931a5c996c9d747ebb5e3720146f985bcf685aa0044c7337eefbe15e7d5fdbda,poses/A71EV2A-x4316a/A71EV2A-x4316a_best-RMSD.posebusters.csv,e72b1d84a5cec223c415ce88d2fcb1c64644e5d2c961d64a33affe87ddb80689
A71EV2A-x5389_A_201_0_1_A71EV2A-x0526+A+147+0+1__LIG,COc1cccc2c1N(C(=O)N1CCC[C@H](C(N)=O)C1)CCS2,C003,4,lowest-energy,poses/A71EV2A-x5389a/A71EV2A-x5389a_lowest-energy.sdf,A71EV2A-x5389a,6,0.157,1.000,-110.303,-35.110,TRUE,207c0dea8ce75812fab54c02340cd7e73ad12d6c1eebab36e06e38e27d9e14e6,poses/A71EV2A-x5389a/A71EV2A-x5389a_lowest-energy.openstructure.json,91ab15c378e686c6d23e197185a91451db44fd7a1a0384a370ac8a5c98aec073,poses/A71EV2A-x5389a/A71EV2A-x5389a_lowest-energy.posebusters.csv,44057198ddee83c771f58e99c1b6397bfa388959a6c766b813730056fce4719c
A71EV2A-x5389_A_201_0_1_A71EV2A-x0526+A+147+0+1__LIG,COc1cccc2c1N(C(=O)N1CCC[C@H](C(N)=O)C1)CCS2,C003,4,best-RMSD,poses/A71EV2A-x5389a/A71EV2A-x5389a_best-RMSD.sdf,A71EV2A-x5389a,3,0.128,1.000,-109.988,-35.140,TRUE,3f58adb14e57cf901f3cedc62b45f53777bb57581564ed4243a4be1707de59d1,poses/A71EV2A-x5389a/A71EV2A-x5389a_best-RMSD.openstructure.json,e73727ee27391c131aa27199810fc6d1b352e9ad346e3677b36dcd6ffe57d2b9,poses/A71EV2A-x5389a/A71EV2A-x5389a_best-RMSD.posebusters.csv,705d825b77a4468265d131786cfc114b32a8d56bafcb80bc45a681444df062cd
A71EV2A-x3977_A_201_0_1_A71EV2A-x0526+A+147+0+1__LIG,COc1ccccc1CC(=O)N(C)CCC(N)=O,C055,7,lowest-energy,poses/A71EV2A-x3977a/A71EV2A-x3977a_lowest-energy.sdf,A71EV2A-x3977a,5,0.231,1.000,-104.756,-29.410,TRUE,5c94cf63c420593c832deb77e0d8e8dd4394cd29294fb7d08d1c8bf2ad926fa1,poses/A71EV2A-x3977a/A71EV2A-x3977a_lowest-energy.openstructure.json,99a2e0de29b65ab4944f30cabf1ea3caac8330dfa8152b0b6e45626674852593,poses/A71EV2A-x3977a/A71EV2A-x3977a_lowest-energy.posebusters.csv,4827edef83c4cb2ba06a88247b180dcd7fee0a7b299eba9f9cfc9191644cc314
A71EV2A-x3977_A_201_0_1_A71EV2A-x0526+A+147+0+1__LIG,COc1ccccc1CC(=O)N(C)CCC(N)=O,C055,7,best-RMSD,poses/A71EV2A-x3977a/A71EV2A-x3977a_best-RMSD.sdf,A71EV2A-x3977a,5,0.231,1.000,-104.756,-29.410,TRUE,b766cbacd9bcd7e9a7740035eba8b74748110d8b68e0a5e20d3251fcd414efe5,poses/A71EV2A-x3977a/A71EV2A-x3977a_best-RMSD.openstructure.json,99a2e0de29b65ab4944f30cabf1ea3caac8330dfa8152b0b6e45626674852593,poses/A71EV2A-x3977a/A71EV2A-x3977a_best-RMSD.posebusters.csv,4827edef83c4cb2ba06a88247b180dcd7fee0a7b299eba9f9cfc9191644cc314
A71EV2A-x3571_A_201_0_1_A71EV2A-x0526+A+147+0+1__LIG,COc1ccccc1CC(=O)N1CCCC[C@H](C(N)=O)C1,C001,5,lowest-energy,poses/A71EV2A-x3571b/A71EV2A-x3571b_lowest-energy.sdf,A71EV2A-x3571b,1,0.173,1.000,-111.592,-34.550,TRUE,91ce92d65917506a095c18ff792e89a6e26f7dbdc9885682c7da3e0b96029dac,poses/A71EV2A-x3571b/A71EV2A-x3571b_lowest-energy.openstructure.json,1364aca2a182f2a0baa40a0e8051d54b9d926092ea6d80b8a5d78f7c9d89c603,poses/A71EV2A-x3571b/A71EV2A-x3571b_lowest-energy.posebusters.csv,c54d02556a2893821825e1f68e2168eec7e5fdf7f2152a32f126e2018aa9171f
A71EV2A-x3571_A_201_0_1_A71EV2A-x0526+A+147+0+1__LIG,COc1ccccc1CC(=O)N1CCCC[C@H](C(N)=O)C1,C001,5,best-RMSD,poses/A71EV2A-x3571a/A71EV2A-x3571a_best-RMSD.sdf,A71EV2A-x3571a,9,0.145,1.000,-111.482,-36.700,TRUE,f7992648a6bbde6f27b410b6915fb266d32d82d61c76166a9b90e6441dfed49e,poses/A71EV2A-x3571a/A71EV2A-x3571a_best-RMSD.openstructure.json,f5b63cb32230964e880887ccd2490f6e14d2a78cdf82a76d7c56e5de287441bb,poses/A71EV2A-x3571a/A71EV2A-x3571a_best-RMSD.posebusters.csv,4a318380009272ebc2585c60a13bd58350bc8b5c386a0ecceeb58fe446cdc69b
A71EV2A-x3186_D_245_0_1_A71EV2A-x0526+A+147+0+1__LIG,COc1ccccc1CC(=O)N1CCC[C@H](C(N)=O)C1,C001,5,lowest-energy,poses/A71EV2A-x3186a/A71EV2A-x3186a_lowest-energy.sdf,A71EV2A-x3186a,4,0.697,0.943,-98.610,-32.580,TRUE,7c3fe5263189c5771ca9e68648586effeee1e3d1ecc83c61bb69ea90c6b2ae14,poses/A71EV2A-x3186a/A71EV2A-x3186a_lowest-energy.openstructure.json,24c1d93267d8283dd2ce6731493c2edaf109cc475f68a422fd1f85c1837e9131,poses/A71EV2A-x3186a/A71EV2A-x3186a_lowest-energy.posebusters.csv,ca759107877bd86bf63c1a958e00b271d9dffc4d065fd343d7458c35d3319ecc
A71EV2A-x3186_D_245_0_1_A71EV2A-x0526+A+147+0+1__LIG,COc1ccccc1CC(=O)N1CCC[C@H](C(N)=O)C1,C001,5,best-RMSD,poses/A71EV2A-x3186a/A71EV2A-x3186a_best-RMSD.sdf,A71EV2A-x3186a,2,0.604,0.957,-98.301,-32.470,TRUE,d5148eef3839fab467aa39f463896f6b4a56f62868a5b2fc38b3a31fba421b01,poses/A71EV2A-x3186a/A71EV2A-x3186a_best-RMSD.openstructure.json,fa8b6731177fc4016513bb7f738688a7617d13404fdea868ec35b652131351b1,poses/A71EV2A-x3186a/A71EV2A-x3186a_best-RMSD.posebusters.csv,f4e3bb7211175c057fe8bdd00c02f9c04c71711c2e344ac9e346c953718fb209
A71EV2A-x4018_A_201_0_1_A71EV2A-x0526+A+147+0+1__LIG,COc1ccccc1CC(=O)N1CCC[C@H](C(N)=O)CC1,C001,5,lowest-energy,poses/A71EV2A-x4018a/A71EV2A-x4018a_lowest-energy.sdf,A71EV2A-x4018a,3,0.461,0.984,-98.540,-32.630,TRUE,4ebc79729c04cb488b47d26f8d08f7ae17036b7da9e997ebfe9a6435fd725444,poses/A71EV2A-x4018a/A71EV2A-x4018a_lowest-energy.openstructure.json,e466300cb93f603f39bc0ab9cfe7c5a4a3877124635c59240e84cbeb8787b40f,poses/A71EV2A-x4018a/A71EV2A-x4018a_lowest-energy.posebusters.csv,83abd73820d6314aaa1c78355703535908f72c527c315b177c7df53233b2741f
A71EV2A-x4018_A_201_0_1_A71EV2A-x0526+A+147+0+1__LIG,COc1ccccc1CC(=O)N1CCC[C@H](C(N)=O)CC1,C001,5,best-RMSD,poses/A71EV2A-x4018b/A71EV2A-x4018b_best-RMSD.sdf,A71EV2A-x4018b,10,0.210,1.000,-92.686,-31.670,TRUE,7937049ae4b5f1d61f2ad5a0cef7239b43f69dba7f8c949a390653ad17f847b3,poses/A71EV2A-x4018b/A71EV2A-x4018b_best-RMSD.openstructure.json,e3b06335688bd82552b33fb1178e18eccb4d40b53bbb7f7c6f7ef3e349f441bf,poses/A71EV2A-x4018b/A71EV2A-x4018b_best-RMSD.posebusters.csv,66c1ebcc75602ca7eabe73a227dac0756f7e6b20d79ced55795827c7d1956ce6
A71EV2A-x3901_A_201_0_1_A71EV2A-x0526+A+147+0+1__LIG,COc1ccccc1CC(=O)N1CCN[C@H](C(N)=O)C1,C010,5,lowest-energy,poses/A71EV2A-x3901a/A71EV2A-x3901a_lowest-energy.sdf,A71EV2A-x3901a,6,0.311,0.995,-113.098,-36.080,TRUE,e51090448dd0f22e7f80e28bc2a9c1ee560e401b21d5a3651a78eea0f40d4b10,poses/A71EV2A-x3901a/A71EV2A-x3901a_lowest-energy.openstructure.json,9d59ebaef637fa7fe1cd69987301ad536d6d063387079be0f75de8af0c5de17b,poses/A71EV2A-x3901a/A71EV2A-x3901a_lowest-energy.posebusters.csv,201a6bc4c88ed2f2018f37b6299418c47e06b7701705f1b90753583e7740151e
A71EV2A-x3901_A_201_0_1_A71EV2A-x0526+A+147+0+1__LIG,COc1ccccc1CC(=O)N1CCN[C@H](C(N)=O)C1,C010,5,best-RMSD,poses/A71EV2A-x3901a/A71EV2A-x3901a_best-RMSD.sdf,A71EV2A-x3901a,1,0.257,1.000,-112.343,-36.120,TRUE,1ab20a5383a83003ac81c0ee05e08690ea1c5ea2987b5d226ff5c5a4b29a2f3a,poses/A71EV2A-x3901a/A71EV2A-x3901a_best-RMSD.openstructure.json,8bb55a85f70cf603faa36d18f3510531e3400abff6973665cb6c2d1f93381da4,poses/A71EV2A-x3901a/A71EV2A-x3901a_best-RMSD.posebusters.csv,19283075f1a7c77675d10bd85da92e97c3708fca2054f8d7538b9556a9f9f2c3
A71EV2A-x3663_A_201_0_1_A71EV2A-x0526+A+147+0+1__LIG,COc1ccccc1CC(=O)N1CCO[C@@H](C(N)=O)C1,C010,5,lowest-energy,poses/A71EV2A-x3663a/A71EV2A-x3663a_lowest-energy.sdf,A71EV2A-x3663a,1,0.348,0.992,-104.552,-34.550,TRUE,36b861cc41f2cad7b36057c13d2ad382158bbf4e43e5745a71784ada8323cff9,poses/A71EV2A-x3663a/A71EV2A-x3663a_lowest-energy.openstructure.json,cdc0f73e867b8cb3e1e61c5578909a16aa6a154b28ebeb71e6dc345ba2182eda,poses/A71EV2A-x3663a/A71EV2A-x3663a_lowest-energy.posebusters.csv,65478b817e2eb5afed5b6fba7461b00a03c0a6f86fd749250853604d0cc6be6a
A71EV2A-x3663_A_201_0_1_A71EV2A-x0526+A+147+0+1__LIG,COc1ccccc1CC(=O)N1CCO[C@@H](C(N)=O)C1,C010,5,best-RMSD,poses/A71EV2A-x3663a/A71EV2A-x3663a_best-RMSD.sdf,A71EV2A-x3663a,8,0.248,0.996,-104.138,-34.710,TRUE,15ea343fc1536952f5e0bf112250b7e91c0018e6b9de66779d49b70fea143c56,poses/A71EV2A-x3663a/A71EV2A-x3663a_best-RMSD.openstructure.json,67a14e67fd67adc167232f503c48757f7e3a99e358fa851b2a4d300bcda3d739,poses/A71EV2A-x3663a/A71EV2A-x3663a_best-RMSD.posebusters.csv,ccd44d17cc6df1bb6bf9d3429b95059e031338af251d0e5142e9000d3b6b9cad
A71EV2A-x3694_A_201_0_1_A71EV2A-x0526+A+147+0+1__LIG,COc1ccccc1CC(=O)N1CC[C@@H](CC(N)=O)C1,C010,6,lowest-energy,poses/A71EV2A-x3694b/A71EV2A-x3694b_lowest-energy.sdf,A71EV2A-x3694b,5,0.323,1.000,-112.275,-34.940,TRUE,bec3bb6c7ae36595bd8a8de608ebe04a219209273ab38bc99603b8e3e47a962d,poses/A71EV2A-x3694b/A71EV2A-x3694b_lowest-energy.openstructure.json,7b78e8e0100e27d91507e59b3fc1a2b350820aae16cef17ba44754ea07746fde,poses/A71EV2A-x3694b/A71EV2A-x3694b_lowest-energy.posebusters.csv,559dceec327084d30e9786a1c7c3850af94f10d5ebe4869e899233146a2f9a32
A71EV2A-x3694_A_201_0_1_A71EV2A-x0526+A+147+0+1__LIG,COc1ccccc1CC(=O)N1CC[C@@H](CC(N)=O)C1,C010,6,best-RMSD,poses/A71EV2A-x4032a/A71EV2A-x4032a_best-RMSD.sdf,A71EV2A-x4032a,5,0.232,1.000,-106.350,-31.060,TRUE,6c77b92a4cc123605d0789ca98501db0094fa9b41074c397114db953b501fb01,poses/A71EV2A-x4032a/A71EV2A-x4032a_best-RMSD.openstructure.json,6c4b799b7b1d4f3ea027f0d857b419db4a5f9e47798e0c33f2e329e56f699fe8,poses/A71EV2A-x4032a/A71EV2A-x4032a_best-RMSD.posebusters.csv,87041aad47012e858321e7963d16187b7328bec3b25b0e6d18a4e3eb9f87ab73
A71EV2A-x3685_A_201_0_1_A71EV2A-x0526+A+147+0+1__LIG,COc1ccccc1CC(=O)N1CC[C@@H](NC(N)=O)C1,C010,6,lowest-energy,poses/A71EV2A-x3685a/A71EV2A-x3685a_lowest-energy.sdf,A71EV2A-x3685a,9,0.303,0.997,-135.579,-32.690,TRUE,3067272a475d78da7a72524fcdcb2e44ce5d28532b863d7d1713fd64dacc7efe,poses/A71EV2A-x3685a/A71EV2A-x3685a_lowest-energy.openstructure.json,70bd963c98227b5a0b98c6f380fe877c8dca0fc8380e6819f33564ecbba7da00,poses/A71EV2A-x3685a/A71EV2A-x3685a_lowest-energy.posebusters.csv,4294860f445fe1ec246188c7bfca49d3b35ba4b8f609e61dd4189d2080343438
A71EV2A-x3685_A_201_0_1_A71EV2A-x0526+A+147+0+1__LIG,COc1ccccc1CC(=O)N1CC[C@@H](NC(N)=O)C1,C010,6,best-RMSD,poses/A71EV2A-x3685a/A71EV2A-x3685a_best-RMSD.sdf,A71EV2A-x3685a,2,0.206,1.000,-135.400,-32.950,TRUE,b056211d892b0135e26fd47e520f220e8063c7553e6680de9d14f7b9517bdf71,poses/A71EV2A-x3685a/A71EV2A-x3685a_best-RMSD.openstructure.json,db2974a1bd53bcf30d32f1e728935ea5b9c9b4d023ed94599fb751596c7a096d,poses/A71EV2A-x3685a/A71EV2A-x3685a_best-RMSD.posebusters.csv,17d8151314f24d8fa564784c281428517ce0ecead08339e3cac110998df69853
A71EV2A-x3621_A_201_0_1_A71EV2A-x0526+A+147+0+1__LIG,COc1ccccc1CC(=O)N1CC[C@@H](O)C1,C010,4,lowest-energy,poses/A71EV2A-x3621a/A71EV2A-x3621a_lowest-energy.sdf,A71EV2A-x3621a,7,0.481,0.970,-89.074,-27.500,TRUE,8f1c4d657a9de0445aecc5c35b48ef582202736d44a811342b9a1d5d9e33340c,poses/A71EV2A-x3621a/A71EV2A-x3621a_lowest-energy.openstructure.json,2bda90c1f7fc86a980388b0c0ab7c2fa7b9076c973aace097c9a7ec30ab8d1be,poses/A71EV2A-x3621a/A71EV2A-x3621a_lowest-energy.posebusters.csv,6401f84611c249099b23ef015b0cdfd8ce87f7fe7ef3df0035397822748f5bf7
A71EV2A-x3621_A_201_0_1_A71EV2A-x0526+A+147+0+1__LIG,COc1ccccc1CC(=O)N1CC[C@@H](O)C1,C010,4,best-RMSD,poses/A71EV2A-x3621a/A71EV2A-x3621a_best-RMSD.sdf,A71EV2A-x3621a,5,0.393,0.997,-87.461,-28.350,TRUE,bde7cafb33a7cc0aab19a85f48a26ad4ea9f392a94418382f35f8b06de668a80,poses/A71EV2A-x3621a/A71EV2A-x3621a_best-RMSD.openstructure.json,b1d4664d192b00817c39f302a303df403d50e7208a6b1dbc93048c066c028493,poses/A71EV2A-x3621a/A71EV2A-x3621a_best-RMSD.posebusters.csv,57b2671b69462baa97505ce07cdbc3cc13ac59efcab0cf572588df83359619dc
A71EV2A-x3581_A_201_0_1_A71EV2A-x0526+A+147+0+1__LIG,COc1ccccc1CC(=O)N1CC[C@H](C(N)=O)C1,C001,5,lowest-energy,poses/A71EV2A-x3581a/A71EV2A-x3581a_lowest-energy.sdf,A71EV2A-x3581a,5,0.170,1.000,-108.247,-35.300,TRUE,2918553ee2501dcd5f4c8b5a6e3e5b3c583491e5b8ff4d5ed0f3b27e1fd47ed1,poses/A71EV2A-x3581a/A71EV2A-x3581a_lowest-energy.openstructure.json,2c63123c34483bdb601c9e249a64c128a5c12d7c9ad1748ab83929554a1f6461,poses/A71EV2A-x3581a/A71EV2A-x3581a_lowest-energy.posebusters.csv,c3c8e974e54fee75b2cb5ef8e1268bff0778ec0a31efcff92d61638743b7dc76
A71EV2A-x3581_A_201_0_1_A71EV2A-x0526+A+147+0+1__LIG,COc1ccccc1CC(=O)N1CC[C@H](C(N)=O)C1,C001,5,best-RMSD,poses/A71EV2A-x3581a/A71EV2A-x3581a_best-RMSD.sdf,A71EV2A-x3581a,8,0.129,1.000,-107.347,-34.560,TRUE,6f4e15c004a3634ce56022a6783cac7bf6624f4664fad693872c63bb7cb57536,poses/A71EV2A-x3581a/A71EV2A-x3581a_best-RMSD.openstructure.json,e5e9802127b330683b905c691a29232abbc0a3eff7fa858db446e88a15648f92,poses/A71EV2A-x3581a/A71EV2A-x3581a_best-RMSD.posebusters.csv,02bd63ce8fe656cf95a36c3f4b82c610dc50aff91dc579351a92e844e5758248
A71EV2A-x3665_A_201_0_1_A71EV2A-x0526+A+147+0+1__LIG,COc1ccccc1CC(=O)N1C[C@@H](C(N)=O)CC(F)(F)C1,C010,5,lowest-energy,poses/A71EV2A-x3665a/A71EV2A-x3665a_lowest-energy.sdf,A71EV2A-x3665a,6,0.281,1.000,-103.345,-32.950,TRUE,708df0d42ad50489d58e92ea9aff6e60f462853c23d957fa4434d73922240622,poses/A71EV2A-x3665a/A71EV2A-x3665a_lowest-energy.openstructure.json,bde517edd2a646e20ed88d6ecfafbf0eeb6929bd42be678845e57dbf6064bb81,poses/A71EV2A-x3665a/A71EV2A-x3665a_lowest-energy.posebusters.csv,ee77405f9a95cafb3eb8034d02f3f51cb97d3750a9b1ba6e9881d3aa24989616
A71EV2A-x3665_A_201_0_1_A71EV2A-x0526+A+147+0+1__LIG,COc1ccccc1CC(=O)N1C[C@@H](C(N)=O)CC(F)(F)C1,C010,5,best-RMSD,poses/A71EV2A-x3665a/A71EV2A-x3665a_best-RMSD.sdf,A71EV2A-x3665a,2,0.221,1.000,-103.113,-32.830,TRUE,a6ce985f80d1075561a258b59fd02199b18d0ca40eff9d28f914a0ddfaaaf466,poses/A71EV2A-x3665a/A71EV2A-x3665a_best-RMSD.openstructure.json,7ebbacac3915a5b982cc7f88a80db3792465c90333c0489ecdd5b6afbeec273c,poses/A71EV2A-x3665a/A71EV2A-x3665a_best-RMSD.posebusters.csv,a310856a1f3dcfeb741131b06a66a6af9ba6b0afcbb5e7c8a7aed4609197ae21
A71EV2A-x4317_A_201_0_1_A71EV2A-x0526+A+147+0+1__LIG,COc1ccccc1CC(=O)N1C[C@@H](C(N)=O)CC12CC2,C004,5,lowest-energy,poses/A71EV2A-x4317a/A71EV2A-x4317a_lowest-energy.sdf,A71EV2A-x4317a,9,0.133,1.000,-97.604,-32.550,TRUE,459361e4a193698b8fc79bac2b520109c04ee4d18290b3426322884e04d10554,poses/A71EV2A-x4317a/A71EV2A-x4317a_lowest-energy.openstructure.json,65a17f09163c9623a0752cb5c9f40b1e4e55bdccef0e425bb1a3b88272ca8a51,poses/A71EV2A-x4317a/A71EV2A-x4317a_lowest-energy.posebusters.csv,9261f27b54e0639d738dc324b804d57f80ddb2e2e32095824381a45fc43411b8
A71EV2A-x4317_A_201_0_1_A71EV2A-x0526+A+147+0+1__LIG,COc1ccccc1CC(=O)N1C[C@@H](C(N)=O)CC12CC2,C004,5,best-RMSD,poses/A71EV2A-x4317a/A71EV2A-x4317a_best-RMSD.sdf,A71EV2A-x4317a,9,0.133,1.000,-97.604,-32.550,TRUE,93b853610f766d88a076c4766a6b2441a1cf870407ce5fa0aa47a1775f301b53,poses/A71EV2A-x4317a/A71EV2A-x4317a_best-RMSD.openstructure.json,65a17f09163c9623a0752cb5c9f40b1e4e55bdccef0e425bb1a3b88272ca8a51,poses/A71EV2A-x4317a/A71EV2A-x4317a_best-RMSD.posebusters.csv,9261f27b54e0639d738dc324b804d57f80ddb2e2e32095824381a45fc43411b8
A71EV2A-x3550_A_203_0_1_A71EV2A-x0526+A+147+0+1__LIG,COc1ccccc1CC(=O)N1C[C@@H](C(N)=O)CC[C@@H]1C,C004,5,lowest-energy,poses/A71EV2A-x3550a/A71EV2A-x3550a_lowest-energy.sdf,A71EV2A-x3550a,9,2.318,0.759,-101.549,-29.550,TRUE,7db5b740c2d5fda9b48659cbf08ac1c7152751640e2c3ac50db0e7807b85d166,poses/A71EV2A-x3550a/A71EV2A-x3550a_lowest-energy.openstructure.json,d1177534480d401727350ffbf8e3c7d962e9bb4c536c7dd669361a5cfc15166a,poses/A71EV2A-x3550a/A71EV2A-x3550a_lowest-energy.posebusters.csv,9b1c0fc09c3e2104bd0b4c271c9fbea888c234dc4ad7f33ded6fd332fb2dec92
A71EV2A-x3550_A_203_0_1_A71EV2A-x0526+A+147+0+1__LIG,COc1ccccc1CC(=O)N1C[C@@H](C(N)=O)CC[C@@H]1C,C004,5,best-RMSD,poses/A71EV2A-x3550a/A71EV2A-x3550a_best-RMSD.sdf,A71EV2A-x3550a,5,0.893,0.953,-101.138,-33.620,TRUE,f0bf486862c0e5d6ae14268e582731a7f9bf102c1fc320e25ea2e428a7e0cda8,poses/A71EV2A-x3550a/A71EV2A-x3550a_best-RMSD.openstructure.json,780537d73ca3f2a528723c046a5318e5cae14c8f941c581852a148a9dd7ccef2,poses/A71EV2A-x3550a/A71EV2A-x3550a_best-RMSD.posebusters.csv,b6009b44675f2f2397ece44d68602f58e0043c416cfdb6274e2648458a99fb22
A71EV2A-x3990_A_201_0_1_A71EV2A-x0526+A+147+0+1__LIG,COc1ccccc1CC(=O)N1C[C@H](C(N)=O)[C@@H](C(F)(F)F)C1,C010,6,lowest-energy,poses/A71EV2A-x3990a/A71EV2A-x3990a_lowest-energy.sdf,A71EV2A-x3990a,7,0.321,0.997,-97.019,-34.410,TRUE,a678ce264d401c721f3c1eaa7bdf8558adfbf486a6363adae75ac1f12224f79e,poses/A71EV2A-x3990a/A71EV2A-x3990a_lowest-energy.openstructure.json,214b82f6e228ede1f4cda1ba7c74b68e022684748e8cb49e86a8c945436374eb,poses/A71EV2A-x3990a/A71EV2A-x3990a_lowest-energy.posebusters.csv,a7bc469297adfe9fe0dd0bb1ddd02a5faf63bb29e64b581b3019f9b80d4747ec
A71EV2A-x3990_A_201_0_1_A71EV2A-x0526+A+147+0+1__LIG,COc1ccccc1CC(=O)N1C[C@H](C(N)=O)[C@@H](C(F)(F)F)C1,C010,6,best-RMSD,poses/A71EV2A-x3990a/A71EV2A-x3990a_best-RMSD.sdf,A71EV2A-x3990a,8,0.244,1.000,-96.276,-34.830,TRUE,68bd2a48f377641e3fe44014f5d5ed89f0264ca28e7d8b5b1772359b05a58816,poses/A71EV2A-x3990a/A71EV2A-x3990a_best-RMSD.openstructure.json,06d6170699e3b6dec2016b814608fdfb1ccb8e2da850ed746ce2be6d2d33436c,poses/A71EV2A-x3990a/A71EV2A-x3990a_best-RMSD.posebusters.csv,3c45ba7ec650ab4478561339cc81d7af4ea005c9e442a1b0199801d2230a8d1b
A71EV2A-x3634_A_201_0_1_A71EV2A-x0526+A+147+0+1__LIG,COc1ccccc1CC(=O)N1C[C@H](C(N)=O)[C@@H](C)C1,C010,5,lowest-energy,poses/A71EV2A-x3634a/A71EV2A-x3634a_lowest-energy.sdf,A71EV2A-x3634a,8,0.362,0.992,-103.925,-35.920,TRUE,1feb4125cffc2369e661ae9da2865a9ae82ac87b7b812d16bb43d2ffa1503625,poses/A71EV2A-x3634a/A71EV2A-x3634a_lowest-energy.openstructure.json,5e08aedc8ca2298753e5bc593a4b1cf58c9c60605e991539c4f407c0cb4846a7,poses/A71EV2A-x3634a/A71EV2A-x3634a_lowest-energy.posebusters.csv,844a3b98af7ed4fcb6b6172a3634ef18b0853bfd5854460bcb2e29285489551b
A71EV2A-x3634_A_201_0_1_A71EV2A-x0526+A+147+0+1__LIG,COc1ccccc1CC(=O)N1C[C@H](C(N)=O)[C@@H](C)C1,C010,5,best-RMSD,poses/A71EV2A-x3634a/A71EV2A-x3634a_best-RMSD.sdf,A71EV2A-x3634a,5,0.316,0.996,-103.405,-35.210,TRUE,63868d2f3f6898865797d5f2a0604b5e652fada2daf4105bd7d4fbdb1572ea3e,poses/A71EV2A-x3634a/A71EV2A-x3634a_best-RMSD.openstructure.json,bf791cf00ff2c44ed50f83ed67bf1e93d94290cac2e24f058f9c2cad103536f0,poses/A71EV2A-x3634a/A71EV2A-x3634a_best-RMSD.posebusters.csv,09965892d95d5062463e46df24b52d906085df994edbb7a30022cb730c9baacd
A71EV2A-x4476_A_201_0_1_A71EV2A-x0526+A+147+0+1__LIG,COc1ccccc1CC(=O)N1C[C@]2(C(N)=O)CC[C@H]1C2,C010,5,lowest-energy,poses/A71EV2A-x4476a/A71EV2A-x4476a_lowest-energy.sdf,A71EV2A-x4476a,3,0.397,0.988,-72.618,-32.100,TRUE,b3dba831878770d1dbb06e3b2671369d32629c30fff50ac9d2e463be1b1eebe0,poses/A71EV2A-x4476a/A71EV2A-x4476a_lowest-energy.openstructure.json,995c9522195284c157f90616b95fbefcbb02db8b5b002d7502034248091e1117,poses/A71EV2A-x4476a/A71EV2A-x4476a_lowest-energy.posebusters.csv,6cc2810f8c43c7beae2d274b2e2b33fb58b25edc8f14abce914238cc14185f2e
A71EV2A-x4476_A_201_0_1_A71EV2A-x0526+A+147+0+1__LIG,COc1ccccc1CC(=O)N1C[C@]2(C(N)=O)CC[C@H]1C2,C010,5,best-RMSD,poses/A71EV2A-x4476a/A71EV2A-x4476a_best-RMSD.sdf,A71EV2A-x4476a,1,0.341,0.995,-71.923,-31.700,TRUE,61a5e05d9e51e6d7017748dd9735ada3d634e855e397ca09188bfd1da451cbdd,poses/A71EV2A-x4476a/A71EV2A-x4476a_best-RMSD.openstructure.json,ba792b55197c00ad97006501f6e963f1e3ca7724131d605f8a796b8750b1b853,poses/A71EV2A-x4476a/A71EV2A-x4476a_best-RMSD.posebusters.csv,a7c9d595d0cd9cb5e96390c189d2e8faeef537bb947e1bdc31d1e3df518bce74
A71EV2A-x3956_A_201_0_1_A71EV2A-x0526+A+147+0+1__LIG,COc1ccccc1CCN1C[C@@H](C(N)=O)CC1=O,C004,5,lowest-energy,poses/A71EV2A-x3956a/A71EV2A-x3956a_lowest-energy.sdf,A71EV2A-x3956a,8,0.730,0.941,-98.000,-28.080,TRUE,1f082b2b6e085bcac744cb466da8c7e357de0b834f219445b319e65c3a39b6cb,poses/A71EV2A-x3956a/A71EV2A-x3956a_lowest-energy.openstructure.json,316d05242addf33480d5c64d99b94f9c8b2417a628d914d1bf2e2e87573c4df0,poses/A71EV2A-x3956a/A71EV2A-x3956a_lowest-energy.posebusters.csv,613324dde54a22266feb68e8ee54d30f14544ee09de055a654d9555a9cf1caf9
A71EV2A-x3956_A_201_0_1_A71EV2A-x0526+A+147+0+1__LIG,COc1ccccc1CCN1C[C@@H](C(N)=O)CC1=O,C004,5,best-RMSD,poses/A71EV2A-x3956a/A71EV2A-x3956a_best-RMSD.sdf,A71EV2A-x3956a,8,0.730,0.941,-98.000,-28.080,TRUE,4df084a1d39e1ca0b7cce751088ca0bbf82d158480644f456748c2fb988fd9f6,poses/A71EV2A-x3956a/A71EV2A-x3956a_best-RMSD.openstructure.json,316d05242addf33480d5c64d99b94f9c8b2417a628d914d1bf2e2e87573c4df0,poses/A71EV2A-x3956a/A71EV2A-x3956a_best-RMSD.posebusters.csv,613324dde54a22266feb68e8ee54d30f14544ee09de055a654d9555a9cf1caf9
A71EV2A-x4390_A_201_0_1_A71EV2A-x0526+A+147+0+1__LIG,COc1ccccc1CCN1C[C@H](C(N)=O)CCC1=O,C004,5,lowest-energy,poses/A71EV2A-x4390a/A71EV2A-x4390a_lowest-energy.sdf,A71EV2A-x4390a,7,0.626,0.960,-104.302,-34.500,TRUE,c3a2dc3d3e09632ba6ce8dac341a9ecb3e48239ef29fdf24fd5340cb8273edf6,poses/A71EV2A-x4390a/A71EV2A-x4390a_lowest-energy.openstructure.json,45ec5686ebf4e44d129c7029dd303346eb1796cfdd68ab41386d40c396f2cea4,poses/A71EV2A-x4390a/A71EV2A-x4390a_lowest-energy.posebusters.csv,65d4e7003193c16893b121203823cc4d589cf53775c97f72847c224381f74e45
A71EV2A-x4390_A_201_0_1_A71EV2A-x0526+A+147+0+1__LIG,COc1ccccc1CCN1C[C@H](C(N)=O)CCC1=O,C004,5,best-RMSD,poses/A71EV2A-x4390a/A71EV2A-x4390a_best-RMSD.sdf,A71EV2A-x4390a,5,0.350,0.981,-103.399,-33.910,TRUE,186d7233ee69c1395990926409a88285f45d65fe23c1cb7c817af3a046898b3f,poses/A71EV2A-x4390a/A71EV2A-x4390a_best-RMSD.openstructure.json,5cc826469a94ad7664959e44200166a408ef2f9aee57b142021a4c32bd641872,poses/A71EV2A-x4390a/A71EV2A-x4390a_best-RMSD.posebusters.csv,b13261155c00a709ac957df721146d6d7f38c216dff8aef5bc0603a516e9941c
A71EV2A-x3895_A_201_0_1_A71EV2A-x0526+A+147+0+1__LIG,COc1ccccc1CN1C[C@@H](C(N)=O)CC1=O,C004,4,lowest-energy,poses/A71EV2A-x3895a/A71EV2A-x3895a_lowest-energy.sdf,A71EV2A-x3895a,5,0.296,0.998,-88.637,-29.930,TRUE,d1803e34bbb50a955cb8b4aff2a88f3cd46ca84ff50e8855e83ce411e417214c,poses/A71EV2A-x3895a/A71EV2A-x3895a_lowest-energy.openstructure.json,1683bc05ba16d9f49f667f4ba2d7a392a691dfd234b27856064afa51d0ebde2e,poses/A71EV2A-x3895a/A71EV2A-x3895a_lowest-energy.posebusters.csv,b67e1980f14027696bff4c600b182142a43c213aa40df5995a0c474747ed18d7
A71EV2A-x3895_A_201_0_1_A71EV2A-x0526+A+147+0+1__LIG,COc1ccccc1CN1C[C@@H](C(N)=O)CC1=O,C004,4,best-RMSD,poses/A71EV2A-x3895a/A71EV2A-x3895a_best-RMSD.sdf,A71EV2A-x3895a,3,0.203,1.000,-87.865,-31.120,TRUE,44227579cb64e6087e28c8a3705d488a3d7ceff533aa99dba14e263dd65ecb55,poses/A71EV2A-x3895a/A71EV2A-x3895a_best-RMSD.openstructure.json,663aa7f51223bdf8c969e1e3a8aa9a47a62913990b94b232a9b8511318cbf52a,poses/A71EV2A-x3895a/A71EV2A-x3895a_best-RMSD.posebusters.csv,0c4bd87097efec10ff9a4a2ae15fe5b5271ea94927e2dc2f7bc944e49767aec1
A71EV2A-x3579_A_201_0_1_A71EV2A-x0526+A+147+0+1__LIG,COc1ccccc1CN1C[C@@H](C(N)=O)CCC1=O,C004,4,lowest-energy,poses/A71EV2A-x3579a/A71EV2A-x3579a_lowest-energy.sdf,A71EV2A-x3579a,8,0.240,1.000,-106.204,-33.590,TRUE,0bfd46c2971a6452a7ec89dce2c9b3d97d499c519d99918835f7b56c0eb9cf01,poses/A71EV2A-x3579a/A71EV2A-x3579a_lowest-energy.openstructure.json,58f9a92c1dae3af319c07523a934a869ced5f6c862f61b6145cdbe31659d8148,poses/A71EV2A-x3579a/A71EV2A-x3579a_lowest-energy.posebusters.csv,20f2b3fd3a311bb274c16e9daf407862d22c08d6bb029bc167087150c8b65d27
A71EV2A-x3579_A_201_0_1_A71EV2A-x0526+A+147+0+1__LIG,COc1ccccc1CN1C[C@@H](C(N)=O)CCC1=O,C004,4,best-RMSD,poses/A71EV2A-x3579a/A71EV2A-x3579a_best-RMSD.sdf,A71EV2A-x3579a,7,0.214,1.000,-105.568,-33.080,TRUE,4b5dade07075082a9ed593ca6b73e69e982f654adfa4720e868568bf182217ff,poses/A71EV2A-x3579a/A71EV2A-x3579a_best-RMSD.openstructure.json,a7343efe4b5f610c7f9f734dee1003d6664295d22056d72486385ceeec32629c,poses/A71EV2A-x3579a/A71EV2A-x3579a_best-RMSD.posebusters.csv,4fd1ef54642efca71025dbadc081759358ca0a41bb41a8749f061dd9f7bb01c6
A71EV2A-x3868_A_201_0_1_A71EV2A-x0526+A+147+0+1__LIG,COc1ccccc1N(C)C(=O)N1CCC[C@H](C(N)=O)C1,C003,5,lowest-energy,poses/A71EV2A-x3868a/A71EV2A-x3868a_lowest-energy.sdf,A71EV2A-x3868a,4,1.268,0.899,-97.365,-30.650,TRUE,8c4a2a1f06ce1b5b969d70f627eebd00c9cca875d626ce6f9b05cdf6e0d7ab05,poses/A71EV2A-x3868a/A71EV2A-x3868a_lowest-energy.openstructure.json,4a6aef485e44b12ed6b1b478414c1a25f7f29c18e6a62146471697cbbd24fb1d,poses/A71EV2A-x3868a/A71EV2A-x3868a_lowest-energy.posebusters.csv,73dbcfe3e4ee9665bacba754de56afa7558e5f085a5c85469b68378b78e096ad
A71EV2A-x3868_A_201_0_1_A71EV2A-x0526+A+147+0+1__LIG,COc1ccccc1N(C)C(=O)N1CCC[C@H](C(N)=O)C1,C003,5,best-RMSD,poses/A71EV2A-x3868a/A71EV2A-x3868a_best-RMSD.sdf,A71EV2A-x3868a,8,0.266,0.998,-90.722,-28.440,TRUE,40dd8f95cd05077271b142b72c4094525cae0c373a6df6e59c8e9f6da49c26dd,poses/A71EV2A-x3868a/A71EV2A-x3868a_best-RMSD.openstructure.json,edf06848223fd0c95ecce331ab6abb7a42f29c69477873c29dee7bfb2a021f57,poses/A71EV2A-x3868a/A71EV2A-x3868a_best-RMSD.posebusters.csv,7a6793c18eda09d84281f3bdbe8b8a31b2e09fc07ec4a2dffc896fee79515d3b
A71EV2A-x4012_A_201_0_1_A71EV2A-x0526+A+147+0+1__LIG,COc1ccccc1NC(=O)N1CCC[C@H](C(N)=O)C1,C003,5,lowest-energy,poses/A71EV2A-x4012a/A71EV2A-x4012a_lowest-energy.sdf,A71EV2A-x4012a,10,0.227,0.998,-130.179,-36.780,TRUE,ffde3fa23dc3d973e9fc1e434815e2739ec2efdef4073e8342a9a245da6034c5,poses/A71EV2A-x4012a/A71EV2A-x4012a_lowest-energy.openstructure.json,ec6a0fc9280c0c2ef1d5c2c3cb6814b2ba7543ce7da21906026d3e997d2afe6b,poses/A71EV2A-x4012a/A71EV2A-x4012a_lowest-energy.posebusters.csv,6eb921dd7d315b4a08cee65b6edc4313cc8eda578451a63e2a6efa627755ea3f
A71EV2A-x4012_A_201_0_1_A71EV2A-x0526+A+147+0+1__LIG,COc1ccccc1NC(=O)N1CCC[C@H](C(N)=O)C1,C003,5,best-RMSD,poses/A71EV2A-x4012b/A71EV2A-x4012b_best-RMSD.sdf,A71EV2A-x4012b,7,0.175,1.000,-126.422,-36.340,TRUE,ba98e391bd5b8494b0077166e290825e34ee1682c6ce8ef48c9771596e1020e0,poses/A71EV2A-x4012b/A71EV2A-x4012b_best-RMSD.openstructure.json,a31b0cdab8f62a5770809b8f827545c8d6041c4b533e8cfff7eb7f93e84cebc5,poses/A71EV2A-x4012b/A71EV2A-x4012b_best-RMSD.posebusters.csv,6fa31410eae227509dff73a0d0b0aa5d673f862a41c6950abaf36d9084b81150
A71EV2A-x2629_D_246_0_1_A71EV2A-x0526+A+147+0+1__LIG,COc1ccccc1NC(=O)Nc1cccnc1,C056,5,lowest-energy,poses/A71EV2A-x2629a/A71EV2A-x2629a_lowest-energy.sdf,A71EV2A-x2629a,2,1.153,0.893,-103.131,-37.060,TRUE,543ca0e76edf803ce20805cda97fcf4b4b3ac9a7a20e21117001a4272e716819,poses/A71EV2A-x2629a/A71EV2A-x2629a_lowest-energy.openstructure.json,92260f463cdfce6a8f01adee27aeb8344a1fe427ffad158ee18f8f25d1e19616,poses/A71EV2A-x2629a/A71EV2A-x2629a_lowest-energy.posebusters.csv,b40a19c9238cafc992f37de4f04cf211c15ed3f7ef70bb55723ca9176bec8ee2
A71EV2A-x2629_D_246_0_1_A71EV2A-x0526+A+147+0+1__LIG,COc1ccccc1NC(=O)Nc1cccnc1,C056,5,best-RMSD,poses/A71EV2A-x2629a/A71EV2A-x2629a_best-RMSD.sdf,A71EV2A-x2629a,10,0.280,1.000,-101.900,-36.010,TRUE,4ef9757bbc7600ea283f3bcf0b77450cdabbdfdeb43be90fea50a340f431f09e,poses/A71EV2A-x2629a/A71EV2A-x2629a_best-RMSD.openstructure.json,5b5dd17ea269fd97a2083cbcf3228f4873601b1ef1b76e2f27929be2bd25b86c,poses/A71EV2A-x2629a/A71EV2A-x2629a_best-RMSD.posebusters.csv,c2428731dd33c17b258d717ee155e07f8411eb2abaffa681ee2f8fa41c62c0ed
A71EV2A-x4214_A_201_0_1_A71EV2A-x0526+A+147+0+1__LIG,COc1ccccc1S(=O)(=O)N1CCC[C@H](C(N)=O)C1,C003,4,lowest-energy,poses/A71EV2A-x4214a/A71EV2A-x4214a_lowest-energy.sdf,A71EV2A-x4214a,3,0.355,0.999,-79.852,-33.150,TRUE,71a2659fd4eb8da500e596e1e595eb9c193159ee640f313426856791793e0feb,poses/A71EV2A-x4214a/A71EV2A-x4214a_lowest-energy.openstructure.json,5e8cd14634faaf69e45a287a9e1d67e06dd2757456c0c80d46c6d8af83ab504b,poses/A71EV2A-x4214a/A71EV2A-x4214a_lowest-energy.posebusters.csv,1529b72a456ca2986687ddc1c864dd69730f9a5aca6429fb86d7715ad54ce31e
A71EV2A-x4214_A_201_0_1_A71EV2A-x0526+A+147+0+1__LIG,COc1ccccc1S(=O)(=O)N1CCC[C@H](C(N)=O)C1,C003,4,best-RMSD,poses/A71EV2A-x4214a/A71EV2A-x4214a_best-RMSD.sdf,A71EV2A-x4214a,8,0.302,0.998,-78.570,-32.030,TRUE,8268f6874aacaf46fb51d8e69481cf034637d989f339e1b99eaa8418c1809900,poses/A71EV2A-x4214a/A71EV2A-x4214a_best-RMSD.openstructure.json,634860307a529ac025ba00a59a7d43735b98c8d83db3ad5cc10b01e4f8077212,poses/A71EV2A-x4214a/A71EV2A-x4214a_best-RMSD.posebusters.csv,348ded050cb741498a2cc37b9b72440776ed8f5583605148c1455c6fbe9a6d1a
A71EV2A-x4207_A_201_0_1_A71EV2A-x0526+A+147+0+1__LIG,COc1ccccc1[C@@H](NC(C)=O)C(=O)N1CCC[C@H](C(N)=O)C1,C003,7,lowest-energy,poses/A71EV2A-x4207a/A71EV2A-x4207a_lowest-energy.sdf,A71EV2A-x4207a,6,0.680,0.940,-141.431,-36.080,TRUE,8bc8380c22eee1efbc8e0d127e384b51a7b20ce0b928388694e7863769e7ac2d,poses/A71EV2A-x4207a/A71EV2A-x4207a_lowest-energy.openstructure.json,be72a98077acc9a13ef5808f419e308235a2ba54917216bce35da8ee7cac5c2d,poses/A71EV2A-x4207a/A71EV2A-x4207a_lowest-energy.posebusters.csv,93740485d54abdd499dd33d79e854722586e00dee7fdcaa1b10071ecaca3bb8f
A71EV2A-x4207_A_201_0_1_A71EV2A-x0526+A+147+0+1__LIG,COc1ccccc1[C@@H](NC(C)=O)C(=O)N1CCC[C@H](C(N)=O)C1,C003,7,best-RMSD,poses/A71EV2A-x4207b/A71EV2A-x4207b_best-RMSD.sdf,A71EV2A-x4207b,6,0.210,1.000,-139.264,-34.780,TRUE,7631e1448a52816c5ad69ff645922fe360e32421d310123eb4e0ba8a461e8a1c,poses/A71EV2A-x4207b/A71EV2A-x4207b_best-RMSD.openstructure.json,deffa1a3fbd4922d369644cecc72e27296e3987922d7596c467e295867b316fe,poses/A71EV2A-x4207b/A71EV2A-x4207b_best-RMSD.posebusters.csv,277a3675d454b9afa45913f6cd2d4fa69d2660ba76ecb42e56bb97990e1cd48b
A71EV2A-x4295_A_201_0_1_A71EV2A-x0526+A+147+0+1__LIG,COc1ccccc1[C@@H](O)CN1C[C@@H](C(N)=O)CC1=O,C004,5,lowest-energy,poses/A71EV2A-x4295a/A71EV2A-x4295a_lowest-energy.sdf,A71EV2A-x4295a,5,0.306,1.000,-98.997,-34.260,TRUE,771d7c0a736e7cf235471a27132e7a475b599e1808e8811d95050ee3bc396617,poses/A71EV2A-x4295a/A71EV2A-x4295a_lowest-energy.openstructure.json,c89001eb667ea72707127d3439fe9851bb9c7ca19ef7f0053a91a4aa997d51a8,poses/A71EV2A-x4295a/A71EV2A-x4295a_lowest-energy.posebusters.csv,7d5ab92c8332c6581ba46e5bdae72350749c367fac201ad46c10fdf53c5b14bc
A71EV2A-x4295_A_201_0_1_A71EV2A-x0526+A+147+0+1__LIG,COc1ccccc1[C@@H](O)CN1C[C@@H](C(N)=O)CC1=O,C004,5,best-RMSD,poses/A71EV2A-x4295a/A71EV2A-x4295a_best-RMSD.sdf,A71EV2A-x4295a,10,0.287,0.997,-97.251,-32.440,TRUE,1b358bceacf1545cd5abde02f1705714b01faf15894d1138bbeb31984f8c903c,poses/A71EV2A-x4295a/A71EV2A-x4295a_best-RMSD.openstructure.json,bb0d819875119f996d973ab5f2d916583c6618ab392c8a8dc86f78fcbd2262de,poses/A71EV2A-x4295a/A71EV2A-x4295a_best-RMSD.posebusters.csv,64d7dd174b78e9b2a88d8bbd0feb4d3609312e3eedee12415cd1e3a4f3ba5ad3
A71EV2A-x3862_A_201_0_1_A71EV2A-x0526+A+147+0+1__LIG,COc1ccccc1[C@@H](OC)C(=O)N1CCC[C@H](C(N)=O)C1,C003,6,lowest-energy,poses/A71EV2A-x3862a/A71EV2A-x3862a_lowest-energy.sdf,A71EV2A-x3862a,9,0.497,0.982,-96.790,-29.380,TRUE,e454a7770ef122743bf25705fa8da489f6eefed9f6588616c3dd7134b70bd735,poses/A71EV2A-x3862a/A71EV2A-x3862a_lowest-energy.openstructure.json,7aa6234c18d0472f050e7360a0f29fa68116f8b6ec3bc54ef2de9974dc353ff2,poses/A71EV2A-x3862a/A71EV2A-x3862a_lowest-energy.posebusters.csv,00dfa21788aa8c15b722589cc856b8e045171f1cc2e38567acfa633a9918b727
A71EV2A-x3862_A_201_0_1_A71EV2A-x0526+A+147+0+1__LIG,COc1ccccc1[C@@H](OC)C(=O)N1CCC[C@H](C(N)=O)C1,C003,6,best-RMSD,poses/A71EV2A-x3862a/A71EV2A-x3862a_best-RMSD.sdf,A71EV2A-x3862a,9,0.497,0.982,-96.790,-29.380,TRUE,d5a459767cbb0a2238b57e306f7579e4bd90597c71cd0395e8f1235c50482d81,poses/A71EV2A-x3862a/A71EV2A-x3862a_best-RMSD.openstructure.json,7aa6234c18d0472f050e7360a0f29fa68116f8b6ec3bc54ef2de9974dc353ff2,poses/A71EV2A-x3862a/A71EV2A-x3862a_best-RMSD.posebusters.csv,00dfa21788aa8c15b722589cc856b8e045171f1cc2e38567acfa633a9918b727
A71EV2A-x4445_A_201_0_1_A71EV2A-x0526+A+147+0+1__LIG,COc1ccccc1[C@H](C)C(=O)N1CCC[C@H](C(N)=O)C1,C003,5,lowest-energy,poses/A71EV2A-x4445a/A71EV2A-x4445a_lowest-energy.sdf,A71EV2A-x4445a,4,3.567,0.652,-97.655,-30.810,TRUE,b2852d8759def2d3c435bb0c07f1db92729a454b0850e318600f99b546a887e9,poses/A71EV2A-x4445a/A71EV2A-x4445a_lowest-energy.openstructure.json,ec19a4f1afbeb9525160740e42fa6b0761cab80c61c321c3c71bd3d5b41759b3,poses/A71EV2A-x4445a/A71EV2A-x4445a_lowest-energy.posebusters.csv,0a9f89446b3d652d0942518ca706728be1cd4c3b8ab1f9530ca2342418d6431d
A71EV2A-x4445_A_201_0_1_A71EV2A-x0526+A+147+0+1__LIG,COc1ccccc1[C@H](C)C(=O)N1CCC[C@H](C(N)=O)C1,C003,5,best-RMSD,poses/A71EV2A-x4445b/A71EV2A-x4445b_best-RMSD.sdf,A71EV2A-x4445b,3,0.653,0.956,-85.427,-32.530,TRUE,5691f3da53bb196ed7796ca7dfc57ee081d877b73e563111e2d6efdd4858ee32,poses/A71EV2A-x4445b/A71EV2A-x4445b_best-RMSD.openstructure.json,eeed934d430800597c76b79cd9cc0bb1e9d1914ac226725a5bb952a241f9ef60,poses/A71EV2A-x4445b/A71EV2A-x4445b_best-RMSD.posebusters.csv,f63a2fead5c58382056ec3db0a99bc5dae87ee9a0fabf22abab3691f17c819c5
A71EV2A-x4313_A_201_0_1_A71EV2A-x0526+A+147+0+1__LIG,COc1ccccc1[C@H](C)CN1C[C@@H](C(N)=O)CC1=O,C004,5,lowest-energy,poses/A71EV2A-x4313a/A71EV2A-x4313a_lowest-energy.sdf,A71EV2A-x4313a,1,0.322,0.987,-97.741,-28.360,TRUE,0af8d1da502367bd8f2a2eb2a0b769c0482d8d71b8cb9be1d601f7d23cb74386,poses/A71EV2A-x4313a/A71EV2A-x4313a_lowest-energy.openstructure.json,12007efb5c593dacf692f080bd92647a8d5341d4ed164d8e6d262d28dd9031d8,poses/A71EV2A-x4313a/A71EV2A-x4313a_lowest-energy.posebusters.csv,7b5feab5979098a05cb1aef4aaa009c3d01ced82a5953b38f6d1fcfc8a89746c
A71EV2A-x4313_A_201_0_1_A71EV2A-x0526+A+147+0+1__LIG,COc1ccccc1[C@H](C)CN1C[C@@H](C(N)=O)CC1=O,C004,5,best-RMSD,poses/A71EV2A-x4313a/A71EV2A-x4313a_best-RMSD.sdf,A71EV2A-x4313a,2,0.301,0.994,-97.554,-28.670,TRUE,fc328d1908ae47b2c7aaffc0e32eb67b3e94d7f68e0c6fd1252cc69742b0bead,poses/A71EV2A-x4313a/A71EV2A-x4313a_best-RMSD.openstructure.json,b0b97cab5a8df38b85f5c3e12b767050a5248c6543f54d76e665c7daba37af8e,poses/A71EV2A-x4313a/A71EV2A-x4313a_best-RMSD.posebusters.csv,7979bce871bab0a441a9eb488c0a128a908442d8c4a847430e27d34e406f15b3
A71EV2A-x4661_A_4000_0_1_A71EV2A-x0526+A+147+0+1__LIG,COc1ccccc1[C@H](C)N1C[C@@H](C(N)=O)CCC1=O,C004,4,lowest-energy,poses/A71EV2A-x4661a/A71EV2A-x4661a_lowest-energy.sdf,A71EV2A-x4661a,10,0.275,1.000,-85.339,-28.730,TRUE,c2a139bb9934469282ed16e1fceabd787cc229231d8347b5a176b6216f18652c,poses/A71EV2A-x4661a/A71EV2A-x4661a_lowest-energy.openstructure.json,463d336b750a4cb2bf12093001600794c15a8d70d8dbac15dfb74f75d458256c,poses/A71EV2A-x4661a/A71EV2A-x4661a_lowest-energy.posebusters.csv,e1764a3368e5229e646f7b45cbcd43a812358093f586cde27c6bc91d4c2cc7ae
A71EV2A-x4661_A_4000_0_1_A71EV2A-x0526+A+147+0+1__LIG,COc1ccccc1[C@H](C)N1C[C@@H](C(N)=O)CCC1=O,C004,4,best-RMSD,poses/A71EV2A-x4661a/A71EV2A-x4661a_best-RMSD.sdf,A71EV2A-x4661a,10,0.275,1.000,-85.339,-28.730,TRUE,0b69d7eec9233423d28ec4c7eeb979dfb0f420100291e5ed13245840a9580660,poses/A71EV2A-x4661a/A71EV2A-x4661a_best-RMSD.openstructure.json,463d336b750a4cb2bf12093001600794c15a8d70d8dbac15dfb74f75d458256c,poses/A71EV2A-x4661a/A71EV2A-x4661a_best-RMSD.posebusters.csv,e1764a3368e5229e646f7b45cbcd43a812358093f586cde27c6bc91d4c2cc7ae
A71EV2A-x3890_A_201_0_1_A71EV2A-x0526+A+147+0+1__LIG,COc1ccccc1[C@H](N)C(=O)N1CCC[C@H](C(N)=O)C1,C003,5,lowest-energy,poses/A71EV2A-x3890a/A71EV2A-x3890a_lowest-energy.sdf,A71EV2A-x3890a,6,0.194,1.000,-101.079,-32.960,TRUE,fe8d16967d17cae067ea0173928ef964cf96955e5e485c93ca395a4c7dbf04a8,poses/A71EV2A-x3890a/A71EV2A-x3890a_lowest-energy.openstructure.json,5b1647b697f9b2529cf473d70ca3c8fcb7b55f4144ac6c50a68b38f0a112f66b,poses/A71EV2A-x3890a/A71EV2A-x3890a_lowest-energy.posebusters.csv,6df9b21e802ec4e22efe9278b8365bb2457cc1702535944bf9160fe5b6cfc461
A71EV2A-x3890_A_201_0_1_A71EV2A-x0526+A+147+0+1__LIG,COc1ccccc1[C@H](N)C(=O)N1CCC[C@H](C(N)=O)C1,C003,5,best-RMSD,poses/A71EV2A-x3890a/A71EV2A-x3890a_best-RMSD.sdf,A71EV2A-x3890a,4,0.192,1.000,-100.898,-33.510,TRUE,46a575adc88d5498ec84e42599717a0c9c2b276757b6f500ed08a860b9f1c8cf,poses/A71EV2A-x3890a/A71EV2A-x3890a_best-RMSD.openstructure.json,5c794be50b0f6a30c16f70eb01c57e5a0f04a85501382c1d723db6f33a8c60cd,poses/A71EV2A-x3890a/A71EV2A-x3890a_best-RMSD.posebusters.csv,2343122962a11133b5dde71864fe5777c3cb426a312208009cbb1d6d0db907ad
A71EV2A-x3884_A_201_0_1_A71EV2A-x0526+A+147+0+1__LIG,COc1ccccc1[C@H](NC(=O)OC(C)(C)C)C(=O)N1CCC[C@H](C(N)=O)C1,C003,9,lowest-energy,poses/A71EV2A-x3884b/A71EV2A-x3884b_lowest-energy.sdf,A71EV2A-x3884b,3,0.466,0.978,-141.939,-37.840,TRUE,fba7045b4a4acbc0423527b2d5db679fb0f49402bee42096381836902525002f,poses/A71EV2A-x3884b/A71EV2A-x3884b_lowest-energy.openstructure.json,93633cbb96e09e73de7367433fe1fd4883882833ca29f3cc5e0b778eafc51476,poses/A71EV2A-x3884b/A71EV2A-x3884b_lowest-energy.posebusters.csv,be8f6e66a99026e9f072f4f41ab409f18dd70b011cbd3593fc2bf3988324a815
A71EV2A-x3884_A_201_0_1_A71EV2A-x0526+A+147+0+1__LIG,COc1ccccc1[C@H](NC(=O)OC(C)(C)C)C(=O)N1CCC[C@H](C(N)=O)C1,C003,9,best-RMSD,poses/A71EV2A-x3884b/A71EV2A-x3884b_best-RMSD.sdf,A71EV2A-x3884b,5,0.313,0.998,-140.212,-37.670,TRUE,afcd004de4eae4c4cb17f44b797d16583b4fca1fbba20fa6a85091d520b8d3b6,poses/A71EV2A-x3884b/A71EV2A-x3884b_best-RMSD.openstructure.json,63f7548c73417d92933429bda2610b32e57afdb3b88548b4e2a29bfff618936a,poses/A71EV2A-x3884b/A71EV2A-x3884b_best-RMSD.posebusters.csv,8f7cce56df082b752ea30c0eff28ddf82ee7e470e1f70bae9244ea026bb5a53e
A71EV2A-x4449_A_201_0_1_A71EV2A-x0526+A+147+0+1__LIG,COc1ccccc1[C@H](NC(C)=O)C(=O)N1CCC[C@H](C(N)=O)C1,C003,7,lowest-energy,poses/A71EV2A-x4449a/A71EV2A-x4449a_lowest-energy.sdf,A71EV2A-x4449a,10,0.271,1.000,-136.261,-34.970,TRUE,87a1171ea20d20901979e911bfd1dc33f7a83bc9b5e7c36120bb3d51d629484d,poses/A71EV2A-x4449a/A71EV2A-x4449a_lowest-energy.openstructure.json,8cb5fad507a7c7743cf30d9c44c8e5a1ed753ebcf4b18eea4f3746d50684e6a5,poses/A71EV2A-x4449a/A71EV2A-x4449a_lowest-energy.posebusters.csv,f33f63ad9b21e158b42dbd0151026a4e52451ad5f85cd00a004c5c10291af28a
A71EV2A-x4449_A_201_0_1_A71EV2A-x0526+A+147+0+1__LIG,COc1ccccc1[C@H](NC(C)=O)C(=O)N1CCC[C@H](C(N)=O)C1,C003,7,best-RMSD,poses/A71EV2A-x4449b/A71EV2A-x4449b_best-RMSD.sdf,A71EV2A-x4449b,8,0.233,1.000,-129.941,-34.630,TRUE,3c09b87f2e99562221624260448edeedf8c35bd164c18633cf14d76c69e23851,poses/A71EV2A-x4449b/A71EV2A-x4449b_best-RMSD.openstructure.json,92c12decf1789a72c263c8d4858ea1219b55c95fa972ea92faa14bafd358f3a6,poses/A71EV2A-x4449b/A71EV2A-x4449b_best-RMSD.posebusters.csv,cc29534c6dcd06e2f8a39bbc7b9cb92694bebe4ac60f0274b4dd073159a7c51b
A71EV2A-x4406_A_201_0_1_A71EV2A-x0526+A+147+0+1__LIG,COc1ccccc1[C@H](O)CN1C[C@@H](C(N)=O)CCC1=O,C004,5,lowest-energy,poses/A71EV2A-x4406a/A71EV2A-x4406a_lowest-energy.sdf,A71EV2A-x4406a,2,0.624,0.960,-115.876,-37.430,TRUE,d453419e27c75581fb252cffbc1cad53217a2cd2f498db637ddaa7a9a8129598,poses/A71EV2A-x4406a/A71EV2A-x4406a_lowest-energy.openstructure.json,939abec2f663bdffcd5ab0ea53d033ad7e6547f2ca9a8e170729aa2d47a47b84,poses/A71EV2A-x4406a/A71EV2A-x4406a_lowest-energy.posebusters.csv,44e334eae1c038076ee9c32922576c65f77f425994514b18cd8dd5660c0a1e09
A71EV2A-x4406_A_201_0_1_A71EV2A-x0526+A+147+0+1__LIG,COc1ccccc1[C@H](O)CN1C[C@@H](C(N)=O)CCC1=O,C004,5,best-RMSD,poses/A71EV2A-x4406a/A71EV2A-x4406a_best-RMSD.sdf,A71EV2A-x4406a,5,0.514,0.980,-115.236,-37.200,TRUE,4f0ea842f696784d5a9fd4b023552d20438a12ca9aaad72309e8a7d86164e884,poses/A71EV2A-x4406a/A71EV2A-x4406a_best-RMSD.openstructure.json,b98fc3e95b58dc3adc1d4f569ce440f4374a602e4a726971e15b87e9d9693406,poses/A71EV2A-x4406a/A71EV2A-x4406a_best-RMSD.posebusters.csv,5ea14db1743c49ca8f40060a654aa01d6aed6e8f759c12e184cd8f093f2ad12d
A71EV2A-x3883_A_201_0_1_A71EV2A-x0526+A+147+0+1__LIG,COc1ccccc1[C@H](OC)C(=O)N1CCC[C@H](C(N)=O)C1,C003,6,lowest-energy,poses/A71EV2A-x3883a/A71EV2A-x3883a_lowest-energy.sdf,A71EV2A-x3883a,2,0.244,1.000,-110.850,-35.490,TRUE,a88ee5b22d33647d9ce249a08cd5065b9717264641bfb72833aeaa73b1209478,poses/A71EV2A-x3883a/A71EV2A-x3883a_lowest-energy.openstructure.json,17e4353bea8e77a0bb46fea12e6c2ad9f97276fde47936a16549a82f4cd0927f,poses/A71EV2A-x3883a/A71EV2A-x3883a_lowest-energy.posebusters.csv,96d8ff6bbe437e5cecc769aae7b41d713499f51b2ebd0b0c3b763dcd6658697f
A71EV2A-x3883_A_201_0_1_A71EV2A-x0526+A+147+0+1__LIG,COc1ccccc1[C@H](OC)C(=O)N1CCC[C@H](C(N)=O)C1,C003,6,best-RMSD,poses/A71EV2A-x3883a/A71EV2A-x3883a_best-RMSD.sdf,A71EV2A-x3883a,4,0.228,1.000,-110.232,-34.890,TRUE,c9a8bb06e5a5afdd8ae4de150a1dbc7affc66d1da2eab1d3d82b0ca62b3558ba,poses/A71EV2A-x3883a/A71EV2A-x3883a_best-RMSD.openstructure.json,16406d3b61e2645114eb267612c70b90322c1cb8d70d003063d2b1a3f3cba529,poses/A71EV2A-x3883a/A71EV2A-x3883a_best-RMSD.posebusters.csv,fd9f6737cf34a78caded6d72c313b4f1bdf3a8388a85e5f3daac4f65dadc3816
A71EV2A-x4283_A_201_0_1_A71EV2A-x0526+A+147+0+1__LIG,COc1cccnc1CC(=O)N1CCC[C@H](C(N)=O)C1,C001,5,lowest-energy,poses/A71EV2A-x4283b/A71EV2A-x4283b_lowest-energy.sdf,A71EV2A-x4283b,10,0.239,1.000,-111.810,-32.450,TRUE,2327edefe6c1bbed3bf0ed34f37ed9c5b643623871303fa71ff4eae2be20db7b,poses/A71EV2A-x4283b/A71EV2A-x4283b_lowest-energy.openstructure.json,02e849bce818aa85d598735c4baf7ad0a50958e1afae049627678fa175dd55e3,poses/A71EV2A-x4283b/A71EV2A-x4283b_lowest-energy.posebusters.csv,e7eb33c5e102d3128f2e25737564e5e248bdb3edb9033851b3b9ac4875badaf4
A71EV2A-x4283_A_201_0_1_A71EV2A-x0526+A+147+0+1__LIG,COc1cccnc1CC(=O)N1CCC[C@H](C(N)=O)C1,C001,5,best-RMSD,poses/A71EV2A-x4283b/A71EV2A-x4283b_best-RMSD.sdf,A71EV2A-x4283b,6,0.225,1.000,-110.108,-31.620,TRUE,dd9dc1c9e9b19344329956e406ce2b8c5c8584b616964e7b69d9646c6b9ade23,poses/A71EV2A-x4283b/A71EV2A-x4283b_best-RMSD.openstructure.json,e66aec585259259a77245068270c722fa227061316de08993a711087e2ffddf7,poses/A71EV2A-x4283b/A71EV2A-x4283b_best-RMSD.posebusters.csv,d0bde1d272f197774358ebd91534ebcf0c667ef065a1566e36bf62fc77ac4f71
A71EV2A-x4274_A_201_0_1_A71EV2A-x0526+A+147+0+1__LIG,COc1cccnc1CN1CCC[C@H](C(N)=O)C1,C057,4,lowest-energy,poses/A71EV2A-x4274a/A71EV2A-x4274a_lowest-energy.sdf,A71EV2A-x4274a,8,0.236,0.998,-79.595,-28.150,TRUE,5ad30fd733094ed515be99a536de67c4b1ff5b7ff6d910b7f359ee7a4b07dcf8,poses/A71EV2A-x4274a/A71EV2A-x4274a_lowest-energy.openstructure.json,ca690ed99b1bcd004dce6d0dca7897146068b29c613374b652a240360ae52d02,poses/A71EV2A-x4274a/A71EV2A-x4274a_lowest-energy.posebusters.csv,1de202131ed5f60247af555a437c360a0b8e7a7093de52cfbcf252576152118b
A71EV2A-x4274_A_201_0_1_A71EV2A-x0526+A+147+0+1__LIG,COc1cccnc1CN1CCC[C@H](C(N)=O)C1,C057,4,best-RMSD,poses/A71EV2A-x4274b/A71EV2A-x4274b_best-RMSD.sdf,A71EV2A-x4274b,5,0.212,1.000,-72.686,-25.210,TRUE,9f85fb98cef08166f5b8e533325457da6e627459af0cace4914977f1a8620e70,poses/A71EV2A-x4274b/A71EV2A-x4274b_best-RMSD.openstructure.json,5608a0a0c1d1c4206fd3b2f240a265a3430a4012c8dfbd0d9af7b446d3e3cce4,poses/A71EV2A-x4274b/A71EV2A-x4274b_best-RMSD.posebusters.csv,c2e3f3ba0123b7ce238693fa9e71b8bc8a11a444aadfeb39e12bf8ce59aa4ac5
A71EV2A-x3897_A_201_0_1_A71EV2A-x0526+A+147+0+1__LIG,COc1ccncc1CC(=O)N1CCC[C@@H](C(N)=O)C1,C001,5,lowest-energy,poses/A71EV2A-x3897a/A71EV2A-x3897a_lowest-energy.sdf,A71EV2A-x3897a,3,0.258,1.000,-102.328,-31.990,TRUE,df067711ea842f8eaf5d6b9633758dd0203c0bf52db17367c22b70e351ad580a,poses/A71EV2A-x3897a/A71EV2A-x3897a_lowest-energy.openstructure.json,e86b58a23ad87efb056230e03bf57c2c7a62c42f75329673ad0e3c904cdf8c6a,poses/A71EV2A-x3897a/A71EV2A-x3897a_lowest-energy.posebusters.csv,34a2d35418d248eb8ed7e90d8473d15cec68bf96a3e3a51a4fcca139190bb87d
A71EV2A-x3897_A_201_0_1_A71EV2A-x0526+A+147+0+1__LIG,COc1ccncc1CC(=O)N1CCC[C@@H](C(N)=O)C1,C001,5,best-RMSD,poses/A71EV2A-x3897a/A71EV2A-x3897a_best-RMSD.sdf,A71EV2A-x3897a,9,0.230,1.000,-102.150,-31.400,TRUE,5a0a786a2359419668b4e76aabaf67d0dcc280dd2498f091d015019addc656c5,poses/A71EV2A-x3897a/A71EV2A-x3897a_best-RMSD.openstructure.json,140f3868bf4c9ed5b4708822cf6972076ec77d9abfe2f21e830b0fdd024c49e8,poses/A71EV2A-x3897a/A71EV2A-x3897a_best-RMSD.posebusters.csv,6704e521b5b0306b6360545ee4d7931017061b187acc651d79c292deddb30c7e
A71EV2A-x3229_A_201_0_1_A71EV2A-x0526+A+147+0+1__LIG,COc1ccncc1CC(=O)N1CCC[C@H](C(N)=O)C1,C001,5,lowest-energy,poses/A71EV2A-x3229a/A71EV2A-x3229a_lowest-energy.sdf,A71EV2A-x3229a,8,0.314,0.996,-104.312,-32.410,TRUE,fb3a0336e2618b11b488e2f4189c6dfaf326c0ef95d0ba40560a6967f54f3846,poses/A71EV2A-x3229a/A71EV2A-x3229a_lowest-energy.openstructure.json,45f5a2d7538cc91b79d9267776ce47b754e4e9d490ddb50eac06321666701903,poses/A71EV2A-x3229a/A71EV2A-x3229a_lowest-energy.posebusters.csv,39ea229a8dd605fec94e1f737ad7433638f321cdae10191a59e7b18eaab0a9f8
A71EV2A-x3229_A_201_0_1_A71EV2A-x0526+A+147+0+1__LIG,COc1ccncc1CC(=O)N1CCC[C@H](C(N)=O)C1,C001,5,best-RMSD,poses/A71EV2A-x3548a/A71EV2A-x3548a_best-RMSD.sdf,A71EV2A-x3548a,2,0.194,1.000,-101.762,-33.040,TRUE,d9faa6b15f78f1668f2e9982843da21704435d5bd05c1bdd5ee44793d350ca8a,poses/A71EV2A-x3548a/A71EV2A-x3548a_best-RMSD.openstructure.json,f59d3c293175baee30e863e07a52dbbf562c3e340f16751cc1f411a88ccb9c83,poses/A71EV2A-x3548a/A71EV2A-x3548a_best-RMSD.posebusters.csv,068eae926beec612ee41a257af12796029e32a1888d969f60227c7f29abd54dc
A71EV2A-x4423_A_201_0_1_A71EV2A-x0526+A+147+0+1__LIG,COc1ccncc1CC(=O)N1CCC[C@H](CCO)C1,C025,6,lowest-energy,poses/A71EV2A-x4423a/A71EV2A-x4423a_lowest-energy.sdf,A71EV2A-x4423a,9,0.380,0.999,-90.866,-29.980,TRUE,30ec6c0ba516b0c12a70f15d6006e7cb65fcc259ca7937618f93702e8912549c,poses/A71EV2A-x4423a/A71EV2A-x4423a_lowest-energy.openstructure.json,c18751f096eea81d8bfb5e2c5943efa5ae4bcb5be787ba118066cbb7b54fc23e,poses/A71EV2A-x4423a/A71EV2A-x4423a_lowest-energy.posebusters.csv,cecbee7302f9fa2760c238d2ab04c0c2aca2094fa7ed577f3a92341762dd111b
A71EV2A-x4423_A_201_0_1_A71EV2A-x0526+A+147+0+1__LIG,COc1ccncc1CC(=O)N1CCC[C@H](CCO)C1,C025,6,best-RMSD,poses/A71EV2A-x4423a/A71EV2A-x4423a_best-RMSD.sdf,A71EV2A-x4423a,6,0.277,1.000,-90.802,-30.440,TRUE,c6bcb7dccf38b2205e7b0964e874f7c11dc194ef726ffd0132ca149d361e0c44,poses/A71EV2A-x4423a/A71EV2A-x4423a_best-RMSD.openstructure.json,872ccf3a8bc7cfaa74dc80c58feae42e6e24779379c3ebb3b65efec819687eac,poses/A71EV2A-x4423a/A71EV2A-x4423a_best-RMSD.posebusters.csv,da219f38c24f70b68c9b801dbc81edcf707763e3346e904c8b8b406cd91e4123
A71EV2A-x4421_A_201_0_1_A71EV2A-x0526+A+147+0+1__LIG,COc1ccncc1CC(=O)N1CC[C@H](C(N)=O)C1,C025,5,lowest-energy,poses/A71EV2A-x4421a/A71EV2A-x4421a_lowest-energy.sdf,A71EV2A-x4421a,5,0.226,1.000,-110.693,-35.670,TRUE,4ece762f8922845e86a102057f9de3fc5c4c8eb144f02fe51e29c001c3f74e37,poses/A71EV2A-x4421a/A71EV2A-x4421a_lowest-energy.openstructure.json,36e46544f793c6119448c16d488595f2773b31225282843b21d52fe49b2a58fc,poses/A71EV2A-x4421a/A71EV2A-x4421a_lowest-energy.posebusters.csv,11fcf7f21d68ee895bada34cce258d394801e910e0509251ccbdb8ad9389d784
A71EV2A-x4421_A_201_0_1_A71EV2A-x0526+A+147+0+1__LIG,COc1ccncc1CC(=O)N1CC[C@H](C(N)=O)C1,C025,5,best-RMSD,poses/A71EV2A-x4421a/A71EV2A-x4421a_best-RMSD.sdf,A71EV2A-x4421a,1,0.153,1.000,-110.348,-36.040,TRUE,6327a2360e2383d060c777103bb50fdc3d20baa2363380efb65029be61a268f2,poses/A71EV2A-x4421a/A71EV2A-x4421a_best-RMSD.openstructure.json,64a5607fdbf76d85dc7d7d082162562ebffb3fbfedefe5252459025c1d643105,poses/A71EV2A-x4421a/A71EV2A-x4421a_best-RMSD.posebusters.csv,98426a3205f95241b382ea5a1d680b5f60bc3e064f6c0cf3d67d598cc9059215
A71EV2A-x4967_A_201_0_1_A71EV2A-x0526+A+147+0+1__LIG,COc1ccncc1CC(=O)N1C[C@@H](C(N)=O)C[C@@H]2CCCC[C@H]21,C025,5,lowest-energy,poses/A71EV2A-x4967a/A71EV2A-x4967a_lowest-energy.sdf,A71EV2A-x4967a,2,1.986,0.803,-91.464,-29.570,TRUE,728f27c2eeb5d3e06dd988f7304d97833986f76fde3884039149034ef0e2e79d,poses/A71EV2A-x4967a/A71EV2A-x4967a_lowest-energy.openstructure.json,5c3e9af5bd8c5205d776428f9b4187da04823b962bd293fee7042264adba9fc7,poses/A71EV2A-x4967a/A71EV2A-x4967a_lowest-energy.posebusters.csv,1ea08d3534ff74e347e11b7ddd77c29719d14ca45279ede47dcdd31f7597b7e7
A71EV2A-x4967_A_201_0_1_A71EV2A-x0526+A+147+0+1__LIG,COc1ccncc1CC(=O)N1C[C@@H](C(N)=O)C[C@@H]2CCCC[C@H]21,C025,5,best-RMSD,poses/A71EV2A-x4967b/A71EV2A-x4967b_best-RMSD.sdf,A71EV2A-x4967b,6,0.241,1.000,-3.911,-32.330,TRUE,5085aabe58547fce60b224490d692479800bf0e796e4eff2884df9b989588c19,poses/A71EV2A-x4967b/A71EV2A-x4967b_best-RMSD.openstructure.json,333e1b98894b84ce57bfaf6883a57758c4bb0c557831f7f24e823ca99f6cea4e,poses/A71EV2A-x4967b/A71EV2A-x4967b_best-RMSD.posebusters.csv,fa02a767a041198c1b1193b893a4a3ce0d85554986695be4b14b0df6fbb88d77
A71EV2A-x5877_A_4000_0_1_A71EV2A-x0526+A+147+0+1__LIG,COc1ncc(-c2ccc(SC)c(CC(=O)N3CCC[C@H](C(N)=O)C3)c2)cc1C#N,C001,7,lowest-energy,poses/A71EV2A-x5877a/A71EV2A-x5877a_lowest-energy.sdf,A71EV2A-x5877a,2,0.431,0.987,-111.409,-35.080,TRUE,072c443b348460c367cfa0b5e6fd64c5c956ed4126ff58492120d35677676702,poses/A71EV2A-x5877a/A71EV2A-x5877a_lowest-energy.openstructure.json,07bfe9388134bb0d6273f5e6107cfd9f574c561fa39e7fd61946d80624b2ec43,poses/A71EV2A-x5877a/A71EV2A-x5877a_lowest-energy.posebusters.csv,bb5eff3fa19ebfd55f257c6596d2a117eb426bafa660ead8a32bd0db2cf84b3a
A71EV2A-x5877_A_4000_0_1_A71EV2A-x0526+A+147+0+1__LIG,COc1ncc(-c2ccc(SC)c(CC(=O)N3CCC[C@H](C(N)=O)C3)c2)cc1C#N,C001,7,best-RMSD,poses/A71EV2A-x5877a/A71EV2A-x5877a_best-RMSD.sdf,A71EV2A-x5877a,10,0.374,0.992,-111.181,-34.960,TRUE,fbd145fd07630e060d027385ed08f8a4fea902a0699f07ca4750aae88b336b9e,poses/A71EV2A-x5877a/A71EV2A-x5877a_best-RMSD.openstructure.json,b0b8566da5cd1cf92f12580f1bbb13ce7331cd8f67a09005f982251e82ad19be,poses/A71EV2A-x5877a/A71EV2A-x5877a_best-RMSD.posebusters.csv,2165a9d2f3f54b96dea0670926f59182ca8760eed2cab3a4af376c3acd198cc1
A71EV2A-x4388_A_201_0_1_A71EV2A-x0526+A+147+0+1__LIG,COc1ncc(Br)cc1CC(=O)N1CCC[C@H](C(N)=O)C1,C001,5,lowest-energy,poses/A71EV2A-x4388a/A71EV2A-x4388a_lowest-energy.sdf,A71EV2A-x4388a,9,0.249,0.998,-112.646,-33.970,TRUE,ea056710e0c8a18e683fa4b6d2b3ff7daa9f86b0b2cfebe06b4f852a9d457897,poses/A71EV2A-x4388a/A71EV2A-x4388a_lowest-energy.openstructure.json,803b02cb2b7308a0aa18f65e5e54c9fc2488bb0aa768b26baef5586b740eee9d,poses/A71EV2A-x4388a/A71EV2A-x4388a_lowest-energy.posebusters.csv,f7ca2aa06d44f6c6c2c4a011cf92952be38c330e23dcfdbe6e033289e88f8324
A71EV2A-x4388_A_201_0_1_A71EV2A-x0526+A+147+0+1__LIG,COc1ncc(Br)cc1CC(=O)N1CCC[C@H](C(N)=O)C1,C001,5,best-RMSD,poses/A71EV2A-x4388a/A71EV2A-x4388a_best-RMSD.sdf,A71EV2A-x4388a,1,0.210,1.000,-112.412,-33.780,TRUE,e2d1fac4d495855af08c83c318e8932db45006421712d8a9432cf51ee3d279ac,poses/A71EV2A-x4388a/A71EV2A-x4388a_best-RMSD.openstructure.json,358c8f58049fef2d0addf23789659435602e9d5f20d29f8d847942cdbab3b539,poses/A71EV2A-x4388a/A71EV2A-x4388a_best-RMSD.posebusters.csv,9968a62dee9f7b832ea970b4d84cc81d70628f2897a6544db440fd1662f4235d
A71EV2A-x6736_A_4000_0_1_A71EV2A-x0526+A+147+0+1__LIG,COc1ncccc1-c1ccc(SC)c(CC(=O)N2CCC[C@H](C(N)=O)C2)c1,C001,7,lowest-energy,poses/A71EV2A-x6736a/A71EV2A-x6736a_lowest-energy.sdf,A71EV2A-x6736a,7,0.486,0.983,-115.546,-34.170,TRUE,ee0304fcc659259f7ed6706ef326a4630325acc68711b4f2dc482810b265d730,poses/A71EV2A-x6736a/A71EV2A-x6736a_lowest-energy.openstructure.json,d4fcd72fa373d717adea70a3ef14c23218d8f77fcfa8c11610666dae1117dd30,poses/A71EV2A-x6736a/A71EV2A-x6736a_lowest-energy.posebusters.csv,7d9499295e7849c0e445b2469c639233c91ba55977b83e8e114a57176431dd49
A71EV2A-x6736_A_4000_0_1_A71EV2A-x0526+A+147+0+1__LIG,COc1ncccc1-c1ccc(SC)c(CC(=O)N2CCC[C@H](C(N)=O)C2)c1,C001,7,best-RMSD,poses/A71EV2A-x6736a/A71EV2A-x6736a_best-RMSD.sdf,A71EV2A-x6736a,9,0.339,0.994,-114.602,-34.110,TRUE,139d4facf097480155f703944dc4454fd9681c4610392bded27765be9967b0a0,poses/A71EV2A-x6736a/A71EV2A-x6736a_best-RMSD.openstructure.json,9a47afd224fb6d788e1960d75acd118a980b585981ce94e1d195ddbee9710400,poses/A71EV2A-x6736a/A71EV2A-x6736a_best-RMSD.posebusters.csv,c0899864c9038701eb0f2560be05daa327219efabb50aeb3a7c93d3fcf628c5b
A71EV2A-x3849_A_201_0_1_A71EV2A-x0526+A+147+0+1__LIG,COc1ncccc1CC(=O)N1CCC[C@@H](C(N)=O)C1,C001,5,lowest-energy,poses/A71EV2A-x3849a/A71EV2A-x3849a_lowest-energy.sdf,A71EV2A-x3849a,4,0.172,1.000,-111.313,-34.630,TRUE,cb3be461ae570b428bc0ec53f31b8a0b37e637e50a2983135ec23275421ed30a,poses/A71EV2A-x3849a/A71EV2A-x3849a_lowest-energy.openstructure.json,98e11dbe4694e6d7093b5a88149bb820838ff643f337e9388286a88ec942965e,poses/A71EV2A-x3849a/A71EV2A-x3849a_lowest-energy.posebusters.csv,cc218505f01c8fc8e62a1be033f008fa4dde94fe9f9227d87be71188f867fe88
A71EV2A-x3849_A_201_0_1_A71EV2A-x0526+A+147+0+1__LIG,COc1ncccc1CC(=O)N1CCC[C@@H](C(N)=O)C1,C001,5,best-RMSD,poses/A71EV2A-x3849a/A71EV2A-x3849a_best-RMSD.sdf,A71EV2A-x3849a,1,0.140,1.000,-110.420,-34.610,TRUE,52e6138eacfc980eef4ea941b521e806ee4916e2740bd174c7e09ce387f90ed2,poses/A71EV2A-x3849a/A71EV2A-x3849a_best-RMSD.openstructure.json,edcea3bb0a35ea406a8b1ffb31f84f7badfca5f06c5fd8cd99fc8fb3716e2788,poses/A71EV2A-x3849a/A71EV2A-x3849a_best-RMSD.posebusters.csv,cdba61aa732cca866e58eab4446d682956500380f2e95dc25a4609f86c3cbacc
A71EV2A-x3201_A_201_0_1_A71EV2A-x0526+A+147+0+1__LIG,COc1ncccc1CC(=O)N1CCC[C@H](C(N)=O)C1,C001,5,lowest-energy,poses/A71EV2A-x4347a/A71EV2A-x4347a_lowest-energy.sdf,A71EV2A-x4347a,10,0.282,1.000,-110.017,-32.560,TRUE,e1fbcfa2abccf6768067c58f7fb4cc12266f0be104d70fd833bb46534580387d,poses/A71EV2A-x4347a/A71EV2A-x4347a_lowest-energy.openstructure.json,2ea38cde2e23ad18694f29474805beffff4bd32455455e6a495b7364263792f1,poses/A71EV2A-x4347a/A71EV2A-x4347a_lowest-energy.posebusters.csv,d2652bbbff11a0e8364c63056a41dd0465bfb250afa9a550511c814212e86f7e
A71EV2A-x3201_A_201_0_1_A71EV2A-x0526+A+147+0+1__LIG,COc1ncccc1CC(=O)N1CCC[C@H](C(N)=O)C1,C001,5,best-RMSD,poses/A71EV2A-x4347a/A71EV2A-x4347a_best-RMSD.sdf,A71EV2A-x4347a,9,0.242,1.000,-109.717,-32.350,TRUE,0bbdabbabf6b0fee23b72216987ab4fce1172a35f08c265047dd328f3adeec14,poses/A71EV2A-x4347a/A71EV2A-x4347a_best-RMSD.openstructure.json,9df84fbb18ec6875beb542916cb7549271a2f1baf5e853cb34c42fb4cd99d022,poses/A71EV2A-x4347a/A71EV2A-x4347a_best-RMSD.posebusters.csv,b64c4dcbdc18c1f34802c550ca191264a2e5db4d06a4feb6b2b7b615c57255dc
A71EV2A-x4031_A_201_0_1_A71EV2A-x0526+A+147+0+1__LIG,COc1ncccc1NC(=O)N1CCC[C@H](C(N)=O)C1,C003,5,lowest-energy,poses/A71EV2A-x4031a/A71EV2A-x4031a_lowest-energy.sdf,A71EV2A-x4031a,1,0.216,1.000,-131.753,-36.460,TRUE,a3bae12cea479a429096376833b8a64f4716f364c202bbbb53b27664d5bf5a0d,poses/A71EV2A-x4031a/A71EV2A-x4031a_lowest-energy.openstructure.json,2625b1cb41e9c8b4f426f83af0cfaa48d0f498395d80c663ba037f97bcbbe457,poses/A71EV2A-x4031a/A71EV2A-x4031a_lowest-energy.posebusters.csv,756ef4a8d7c0b065fdd27f957e355fc27a60e411a25e42c0d040578a13415114
A71EV2A-x4031_A_201_0_1_A71EV2A-x0526+A+147+0+1__LIG,COc1ncccc1NC(=O)N1CCC[C@H](C(N)=O)C1,C003,5,best-RMSD,poses/A71EV2A-x4031b/A71EV2A-x4031b_best-RMSD.sdf,A71EV2A-x4031b,9,0.204,1.000,-129.613,-35.360,TRUE,6e46b9e8bb33ff63594f4019bc4dae3d89cf7760e895bad86c7d3d92d7adf22d,poses/A71EV2A-x4031b/A71EV2A-x4031b_best-RMSD.openstructure.json,960f6159cf8039695b2aa27e15c5301182a543d5e6ea25ca0e4ec15d473ff551,poses/A71EV2A-x4031b/A71EV2A-x4031b_best-RMSD.posebusters.csv,e83e20f01b6a787de9704e8ad972bd7a649706337c00ccbd8bcd8cdd638cdfd5
A71EV2A-x4418_A_201_0_1_A71EV2A-x0526+A+147+0+1__LIG,COc1ncccc1NC(=O)N1CC[C@H](C(N)=O)C1,C003,5,lowest-energy,poses/A71EV2A-x4418a/A71EV2A-x4418a_lowest-energy.sdf,A71EV2A-x4418a,5,0.781,0.935,-125.632,-31.290,TRUE,3c173a05a0d34c0e2151e2287afcab28c9e190bb91e0bbf5acd7c174d49393af,poses/A71EV2A-x4418a/A71EV2A-x4418a_lowest-energy.openstructure.json,ed9f5fd3a3a6c623feb0a27e8153b5111803207a927f3332445f254aedf1946a,poses/A71EV2A-x4418a/A71EV2A-x4418a_lowest-energy.posebusters.csv,24d4d2c407a26390c2a592aaabc8559514184fdd6e667ca8a4dae584e576ae0b
A71EV2A-x4418_A_201_0_1_A71EV2A-x0526+A+147+0+1__LIG,COc1ncccc1NC(=O)N1CC[C@H](C(N)=O)C1,C003,5,best-RMSD,poses/A71EV2A-x4418a/A71EV2A-x4418a_best-RMSD.sdf,A71EV2A-x4418a,2,0.724,0.934,-123.781,-31.980,TRUE,7b1638025dfae02f18bf156692c0b7a08910c2299db1e9852db7257badf99080,poses/A71EV2A-x4418a/A71EV2A-x4418a_best-RMSD.openstructure.json,3ac9a7a046cf051f91fafc9912d37dff85bb78da172ac102dd5bf65d634cb22f,poses/A71EV2A-x4418a/A71EV2A-x4418a_best-RMSD.posebusters.csv,fe5ef3e93f85c95059e914cc2b66e688e5581f006a6c21369e8fc90595c30e82
A71EV2A-x4899_A_201_0_1_A71EV2A-x0526+A+147+0+1__LIG,COc1ncccc1NS(=O)(=O)N1CCC[C@H](C(N)=O)C1,C021,5,lowest-energy,poses/A71EV2A-x4899b/A71EV2A-x4899b_lowest-energy.sdf,A71EV2A-x4899b,2,0.241,1.000,-108.010,-36.730,TRUE,fa68b523a22ba70fdf11b5ecefe504b5630632fb015e1c6f104bb063c1a05bf0,poses/A71EV2A-x4899b/A71EV2A-x4899b_lowest-energy.openstructure.json,cf10bcb935a4b624e72d289d71bfa1c21b186c3b9758924c3fd7e26978f63e65,poses/A71EV2A-x4899b/A71EV2A-x4899b_lowest-energy.posebusters.csv,74ea983665e3c5e1286457d4ead2db0771a6c5943a8866157d502213d6664612
A71EV2A-x4899_A_201_0_1_A71EV2A-x0526+A+147+0+1__LIG,COc1ncccc1NS(=O)(=O)N1CCC[C@H](C(N)=O)C1,C021,5,best-RMSD,poses/A71EV2A-x4899b/A71EV2A-x4899b_best-RMSD.sdf,A71EV2A-x4899b,1,0.195,1.000,-106.510,-36.080,TRUE,3b71f53c889f1898983a1e6c31096b80b4465bb132330218ca3c28eae1ee69c9,poses/A71EV2A-x4899b/A71EV2A-x4899b_best-RMSD.openstructure.json,c2cd1d30673074454ed7f266bb6b713c36cfde8247ee6dffa0ee2fedb9f3ea76,poses/A71EV2A-x4899b/A71EV2A-x4899b_best-RMSD.posebusters.csv,3dd5073753003808ea3a15c0501e11b2b38f720c4dd9c1d844cb9a3e7fd169d2
A71EV2A-x4544_A_201_0_1_A71EV2A-x0526+A+147+0+1__LIG,CS(=O)(=O)c1ccc(Br)cc1CC(=O)N1CCC[C@H](C(N)=O)C1,C001,5,lowest-energy,poses/A71EV2A-x4544a/A71EV2A-x4544a_lowest-energy.sdf,A71EV2A-x4544a,7,3.217,0.700,-103.370,-31.790,TRUE,c70838644288c4991579ce883466272b3d4d741f44a154409a7f30b290e398e2,poses/A71EV2A-x4544a/A71EV2A-x4544a_lowest-energy.openstructure.json,4ed051f7236917a3e69d9da1bbd580014d624608a48a50764c58a7e02f9352fa,poses/A71EV2A-x4544a/A71EV2A-x4544a_lowest-energy.posebusters.csv,3433d847795d2bba7a1886e5162cdab963dc6f468dbbdc3602da785ffccb13e3
A71EV2A-x4544_A_201_0_1_A71EV2A-x0526+A+147+0+1__LIG,CS(=O)(=O)c1ccc(Br)cc1CC(=O)N1CCC[C@H](C(N)=O)C1,C001,5,best-RMSD,poses/A71EV2A-x4544a/A71EV2A-x4544a_best-RMSD.sdf,A71EV2A-x4544a,4,3.146,0.708,-96.671,-29.110,TRUE,a50685eeb15bc6d912d4bbb174bbce072b5c73847056feb699cd239907befffa,poses/A71EV2A-x4544a/A71EV2A-x4544a_best-RMSD.openstructure.json,d37b62b892017fee933c68eda1a736eb5453ed01b706d9d5e354b651e7e860eb,poses/A71EV2A-x4544a/A71EV2A-x4544a_best-RMSD.posebusters.csv,9a49cc31cd5b1c594017c20ac860eee5903cd9d6054c43ce747dfa98377aff99
A71EV2A-x4675_A_201_0_1_A71EV2A-x0526+A+147+0+1__LIG,CS(=O)(=O)c1ccccc1CC(=O)N1CCC[C@H](C(N)=O)C1,C001,5,lowest-energy,poses/A71EV2A-x4675a/A71EV2A-x4675a_lowest-energy.sdf,A71EV2A-x4675a,5,2.721,0.742,-97.328,-29.620,TRUE,a8e6d3672738bf6f97d8ef662cdd2cf24a5b0c4c40a744606a5e49a6488f5b02,poses/A71EV2A-x4675a/A71EV2A-x4675a_lowest-energy.openstructure.json,ec72c585e48d315c8dffff19652b62fdf19303503c9a7494ce038aa13e3aae5a,poses/A71EV2A-x4675a/A71EV2A-x4675a_lowest-energy.posebusters.csv,abd56023e1aa5c3aeacfba02e0b935f2a0830bc7ab81c47e907d6539073afa67
A71EV2A-x4675_A_201_0_1_A71EV2A-x0526+A+147+0+1__LIG,CS(=O)(=O)c1ccccc1CC(=O)N1CCC[C@H](C(N)=O)C1,C001,5,best-RMSD,poses/A71EV2A-x4675a/A71EV2A-x4675a_best-RMSD.sdf,A71EV2A-x4675a,6,2.693,0.741,-91.411,-28.960,TRUE,f9cd5faf18e4eb7d3cd6d8075060ada8114b1aca52e01ff0f10ce0b8b4cdc73e,poses/A71EV2A-x4675a/A71EV2A-x4675a_best-RMSD.openstructure.json,036647c6f41bf9676daa91ee47d166d05dd664242fe5813042c315b97e802de9,poses/A71EV2A-x4675a/A71EV2A-x4675a_best-RMSD.posebusters.csv,dc1446a5d4361ff208cebf37bb4ed6d9c82d3558900aced112a65c09b3cbad5a
A71EV2A-x4701_A_201_0_1_A71EV2A-x0526+A+147+0+1__LIG,CSCC1(CC(=O)N2CCC[C@H](C(N)=O)C2)CC1,C058,6,lowest-energy,poses/A71EV2A-x4701a/A71EV2A-x4701a_lowest-energy.sdf,A71EV2A-x4701a,8,0.335,0.997,-91.930,-25.250,TRUE,e687f07f53de3f53dcfaaadad10f28433f12ceadf0ab7739300d9fe0af86f199,poses/A71EV2A-x4701a/A71EV2A-x4701a_lowest-energy.openstructure.json,bc54172a3cb75d3e8867fb0c71abcdc2228b8d574ff33a4593f151e979adbe1b,poses/A71EV2A-x4701a/A71EV2A-x4701a_lowest-energy.posebusters.csv,09635ef10e6eb9e698fc1e23da424f93e4ef60c0a03c00ce8b4a98d2d87ad56b
A71EV2A-x4701_A_201_0_1_A71EV2A-x0526+A+147+0+1__LIG,CSCC1(CC(=O)N2CCC[C@H](C(N)=O)C2)CC1,C058,6,best-RMSD,poses/A71EV2A-x4701a/A71EV2A-x4701a_best-RMSD.sdf,A71EV2A-x4701a,7,0.286,0.999,-91.209,-25.000,TRUE,f5f8211de109e8909119330a66b9adea820c3740a8e4ea92e3944f2d23b2ad78,poses/A71EV2A-x4701a/A71EV2A-x4701a_best-RMSD.openstructure.json,a2e3eccf09d31686d1247d41a699d7b95fdd5696d974dc2a333a4bd5220f83cc,poses/A71EV2A-x4701a/A71EV2A-x4701a_best-RMSD.posebusters.csv,916a2dc21d80255d6e0a1d985ccd7fe2eb04eb05a71d56dda60d3f00d2d2971b
A71EV2A-x4736_A_201_0_1_A71EV2A-x0526+A+147+0+1__LIG,CSC[C@@H]1C[C@@H]1C(=O)N1CCC[C@H](C(N)=O)C1,C014,5,lowest-energy,poses/A71EV2A-x4736a/A71EV2A-x4736a_lowest-energy.sdf,A71EV2A-x4736a,9,0.636,0.956,-80.215,-28.200,TRUE,b4b7b111e5bffc45a2df0ecfa0e14ffa5ee18437c50226df1bb5c776e6e35b06,poses/A71EV2A-x4736a/A71EV2A-x4736a_lowest-energy.openstructure.json,deb24ef478ed6a490b5269f17732752cb1578f0318c8507c0f63d4849a961263,poses/A71EV2A-x4736a/A71EV2A-x4736a_lowest-energy.posebusters.csv,a2190931cf3c9615208e70f846045d5000b7626c5436c48b951d259a48eef17b
A71EV2A-x4736_A_201_0_1_A71EV2A-x0526+A+147+0+1__LIG,CSC[C@@H]1C[C@@H]1C(=O)N1CCC[C@H](C(N)=O)C1,C014,5,best-RMSD,poses/A71EV2A-x4736a/A71EV2A-x4736a_best-RMSD.sdf,A71EV2A-x4736a,5,0.604,0.962,-78.903,-28.020,TRUE,1efd053b662b7e4ff878fdfc41c7156710336417b02669ead862d9b7827e0e01,poses/A71EV2A-x4736a/A71EV2A-x4736a_best-RMSD.openstructure.json,d4cfa29d2d0d1be9fa5886e21b8c688b8e4bb24fd0b897f5e2538673a6a2f9a3,poses/A71EV2A-x4736a/A71EV2A-x4736a_best-RMSD.posebusters.csv,363cc390b713de80f9210298b32f63eea52e5c59a0d9145a2105ac4d7e5d96b4
A71EV2A-x5231_A_201_0_1_A71EV2A-x0526+A+147+0+1__LIG,CS[C@@H]1CCCC[C@H]1OC(=O)N1CCC[C@H](C(N)=O)C1,C029,5,lowest-energy,poses/A71EV2A-x5231a/A71EV2A-x5231a_lowest-energy.sdf,A71EV2A-x5231a,4,0.557,0.958,-109.965,-30.020,TRUE,de49a9033ae243daa3822da4a6d662574d04f30c92ebcc838c780fd9ca6e4b67,poses/A71EV2A-x5231a/A71EV2A-x5231a_lowest-energy.openstructure.json,0d483178a4f62ebd5dc90e1ecfd70f04e2196dbff92556e8748244029e06d851,poses/A71EV2A-x5231a/A71EV2A-x5231a_lowest-energy.posebusters.csv,7cb85315c75aeaa7789fa273fdbd383f5c74cd11ad2d516c2db202fa5f42796a
A71EV2A-x5231_A_201_0_1_A71EV2A-x0526+A+147+0+1__LIG,CS[C@@H]1CCCC[C@H]1OC(=O)N1CCC[C@H](C(N)=O)C1,C029,5,best-RMSD,poses/A71EV2A-x5231a/A71EV2A-x5231a_best-RMSD.sdf,A71EV2A-x5231a,10,0.450,0.972,-106.523,-29.570,TRUE,ceed9e5305ae330ae3761de3ccdc1b125dc79fae1998af2cd76a7d75b56630ae,poses/A71EV2A-x5231a/A71EV2A-x5231a_best-RMSD.openstructure.json,1289dbe5650c58b4a07755d094b99a86992362e60385ee0f4245fd217dceac4a,poses/A71EV2A-x5231a/A71EV2A-x5231a_best-RMSD.posebusters.csv,ca8a503e1d99df75ade9350f0976845a5d04f76a973ff3368dcd76c38ae87504
A71EV2A-x4290_A_201_0_1_A71EV2A-x0526+A+147+0+1__LIG,CSc1c(Br)cccc1CC(=O)N1CCC[C@H](C(N)=O)C1,C001,5,lowest-energy,poses/A71EV2A-x4290a/A71EV2A-x4290a_lowest-energy.sdf,A71EV2A-x4290a,1,0.546,0.971,-96.701,-32.040,TRUE,9df7006b616b09c8e5ab8c27d8d7e39307dd9577e409b1e437b0329a2423dff2,poses/A71EV2A-x4290a/A71EV2A-x4290a_lowest-energy.openstructure.json,0ca29b7de26eb8ab0b7f669907b2074436368edcd24ab95984c46e2945358141,poses/A71EV2A-x4290a/A71EV2A-x4290a_lowest-energy.posebusters.csv,b6b41eb471483e6f5f88b926f5face26c14c5e1f0f3846fa5958101bb8a65784
A71EV2A-x4290_A_201_0_1_A71EV2A-x0526+A+147+0+1__LIG,CSc1c(Br)cccc1CC(=O)N1CCC[C@H](C(N)=O)C1,C001,5,best-RMSD,poses/A71EV2A-x4290a/A71EV2A-x4290a_best-RMSD.sdf,A71EV2A-x4290a,3,0.449,0.986,-96.586,-32.710,TRUE,9f93ef6c2e103b61da36dba50aec987d2bee1ca73b541b695f797a9e1050fca1,poses/A71EV2A-x4290a/A71EV2A-x4290a_best-RMSD.openstructure.json,78e5a3bf207c638cbc989402ef8b5b6476d11e2d1e8885f3cb64d339fe29fc61,poses/A71EV2A-x4290a/A71EV2A-x4290a_best-RMSD.posebusters.csv,dded45542ca3f4ce1e6ecc43fb741db467d827f3f290a6e991976b6cc0de90e0
A71EV2A-x4851_A_4000_0_1_A71EV2A-x0526+A+147+0+1__LIG,CSc1c(F)cccc1NC(=O)N1CCC[C@H](C(N)=O)C1,C001,5,lowest-energy,poses/A71EV2A-x4851a/A71EV2A-x4851a_lowest-energy.sdf,A71EV2A-x4851a,2,0.196,1.000,-112.813,-33.550,TRUE,8cfac9ced3d017ab7e7fb4f51368c77bc3b71cb7d2fa0165dd1ee11b899f3bb9,poses/A71EV2A-x4851a/A71EV2A-x4851a_lowest-energy.openstructure.json,41e7b6e5e5ba6e076ead4e68eb562c5d0817104becb285a089796a3bb50890bd,poses/A71EV2A-x4851a/A71EV2A-x4851a_lowest-energy.posebusters.csv,3a9b491735d368101cc780288315f14c976e9066d0976a4d5adaa6fc5367a7e3
A71EV2A-x4851_A_4000_0_1_A71EV2A-x0526+A+147+0+1__LIG,CSc1c(F)cccc1NC(=O)N1CCC[C@H](C(N)=O)C1,C001,5,best-RMSD,poses/A71EV2A-x4851a/A71EV2A-x4851a_best-RMSD.sdf,A71EV2A-x4851a,2,0.196,1.000,-112.813,-33.550,TRUE,6b0bf09546c76bad4b224cee69f116b55c4ec07d303998e487af3dd2bd5d8be4,poses/A71EV2A-x4851a/A71EV2A-x4851a_best-RMSD.openstructure.json,41e7b6e5e5ba6e076ead4e68eb562c5d0817104becb285a089796a3bb50890bd,poses/A71EV2A-x4851a/A71EV2A-x4851a_best-RMSD.posebusters.csv,3a9b491735d368101cc780288315f14c976e9066d0976a4d5adaa6fc5367a7e3
A71EV2A-x4727_A_201_0_1_A71EV2A-x0526+A+147+0+1__LIG,CSc1c(NC(=O)N2CCC[C@H](C(N)=O)C2)c(C)nn1C,C012,5,lowest-energy,poses/A71EV2A-x4727a/A71EV2A-x4727a_lowest-energy.sdf,A71EV2A-x4727a,10,2.302,0.796,-107.742,-31.280,TRUE,2877fee0b0e01c0b788871b3fc04a20269d8857f127a708d25539a1fb2e60da2,poses/A71EV2A-x4727a/A71EV2A-x4727a_lowest-energy.openstructure.json,aa3e72cbd0de660715b5c8b01434594f1c696711d4e086fe9da3c946de4f151c,poses/A71EV2A-x4727a/A71EV2A-x4727a_lowest-energy.posebusters.csv,aa12beb94be391e3d6eb8b3f314173f05d353b714cf13b0d09e8e4cf3ea0ad4d
A71EV2A-x4727_A_201_0_1_A71EV2A-x0526+A+147+0+1__LIG,CSc1c(NC(=O)N2CCC[C@H](C(N)=O)C2)c(C)nn1C,C012,5,best-RMSD,poses/A71EV2A-x4727a/A71EV2A-x4727a_best-RMSD.sdf,A71EV2A-x4727a,10,2.302,0.796,-107.742,-31.280,TRUE,a9b81d5111a470dabb5e2ff7eee201f1a80bd9725febd280378085a4bf9e0e46,poses/A71EV2A-x4727a/A71EV2A-x4727a_best-RMSD.openstructure.json,aa3e72cbd0de660715b5c8b01434594f1c696711d4e086fe9da3c946de4f151c,poses/A71EV2A-x4727a/A71EV2A-x4727a_best-RMSD.posebusters.csv,aa12beb94be391e3d6eb8b3f314173f05d353b714cf13b0d09e8e4cf3ea0ad4d
A71EV2A-x4949_A_201_0_1_A71EV2A-x0526+A+147+0+1__LIG,CSc1cc2c(cc1NC(=O)N1CCC[C@H](C(N)=O)C1)CCC(=O)N2,C026,5,lowest-energy,poses/A71EV2A-x4949a/A71EV2A-x4949a_lowest-energy.sdf,A71EV2A-x4949a,8,0.411,0.985,-141.399,-39.900,TRUE,487373fee9332f6105077c60c6f08c7291ee76e5fb458975c2662749c9dbf71b,poses/A71EV2A-x4949a/A71EV2A-x4949a_lowest-energy.openstructure.json,b2da0cd8c29a969a8050651e21c1b1148824c712756fa83a0c1d6d1d9d7c836a,poses/A71EV2A-x4949a/A71EV2A-x4949a_lowest-energy.posebusters.csv,cd2836d54677a65d1e5fb16a37dc5b42bdfb7853c9b821332948f8708477f30e
A71EV2A-x4949_A_201_0_1_A71EV2A-x0526+A+147+0+1__LIG,CSc1cc2c(cc1NC(=O)N1CCC[C@H](C(N)=O)C1)CCC(=O)N2,C026,5,best-RMSD,poses/A71EV2A-x4949a/A71EV2A-x4949a_best-RMSD.sdf,A71EV2A-x4949a,6,0.326,0.995,-137.807,-36.810,TRUE,8c59860511e267128c5fb97a38b9381739eac8560c979e1c60343a0fed1afc63,poses/A71EV2A-x4949a/A71EV2A-x4949a_best-RMSD.openstructure.json,9ecd9b34d79a2a9b2c390d7e514bb82219957c2df4be7f5c66757cb704a4cfe9,poses/A71EV2A-x4949a/A71EV2A-x4949a_best-RMSD.posebusters.csv,7e52a7e93770e3385226371c54a2778b5e603e898975323944b7c1d9df1dc7e4
A71EV2A-x6769_A_4000_0_1_A71EV2A-x0526+A+147+0+1__LIG,CSc1ccc(-c2cc(C#N)ncc2F)cc1CC(=O)N1CCC[C@H](C(N)=O)C1,C001,6,lowest-energy,poses/A71EV2A-x6769a/A71EV2A-x6769a_lowest-energy.sdf,A71EV2A-x6769a,2,0.341,0.994,-123.529,-36.380,TRUE,72c07f3b7826bcc17b4e455300570d3f91d9da6e0d8498bc55ce7670d13f9f70,poses/A71EV2A-x6769a/A71EV2A-x6769a_lowest-energy.openstructure.json,ef363bb1897805681d39a7d8e301e2b35a43570395c180b0d7f5845b6046fd45,poses/A71EV2A-x6769a/A71EV2A-x6769a_lowest-energy.posebusters.csv,de7b662be06cc62107bc34fef13aebf129e723cf7bea56cf4ab6475e07f571c0
A71EV2A-x6769_A_4000_0_1_A71EV2A-x0526+A+147+0+1__LIG,CSc1ccc(-c2cc(C#N)ncc2F)cc1CC(=O)N1CCC[C@H](C(N)=O)C1,C001,6,best-RMSD,poses/A71EV2A-x6769a/A71EV2A-x6769a_best-RMSD.sdf,A71EV2A-x6769a,7,0.268,1.000,-123.223,-35.360,TRUE,8dfffcb54f9cbde9cea36bf84af4a358986919f5ea2e4cb4cfed3e6ac007f558,poses/A71EV2A-x6769a/A71EV2A-x6769a_best-RMSD.openstructure.json,bda6330ed4a46b68fad64943bcc00f6e0a282c42708a51e6d169b6afbbfceac2,poses/A71EV2A-x6769a/A71EV2A-x6769a_best-RMSD.posebusters.csv,083ae874ea15a16b798c30673a9113ddedd151ccb66622e2a5ba01bf7bcd2e84
A71EV2A-x5879_A_201_0_1_A71EV2A-x0526+A+147+0+1__LIG,CSc1ccc(-c2cc(C)c(=O)n(C)c2)cc1CC(=O)N1CCC[C@H](C(N)=O)C1,C001,6,lowest-energy,poses/A71EV2A-x5879a/A71EV2A-x5879a_lowest-energy.sdf,A71EV2A-x5879a,4,0.374,0.993,-142.513,-43.340,TRUE,b37aa818245efaeb14043b0e7d12700c68bc0b1d03cb7604297446e5e9c67f34,poses/A71EV2A-x5879a/A71EV2A-x5879a_lowest-energy.openstructure.json,9d9bc3c09f2835b0af100bf1b9a3cfc9c9ea121c83c2474df0b6d99af0bde1a8,poses/A71EV2A-x5879a/A71EV2A-x5879a_lowest-energy.posebusters.csv,2f299970a8a1dec4539a7b11609cb179148dfa340621df37b81ad565bf5e044d
A71EV2A-x5879_A_201_0_1_A71EV2A-x0526+A+147+0+1__LIG,CSc1ccc(-c2cc(C)c(=O)n(C)c2)cc1CC(=O)N1CCC[C@H](C(N)=O)C1,C001,6,best-RMSD,poses/A71EV2A-x5879a/A71EV2A-x5879a_best-RMSD.sdf,A71EV2A-x5879a,6,0.332,0.997,-141.325,-42.670,TRUE,397fea115d4965c33e856c54302103a364e3b37d29994fd559cdd9e1fb3caca7,poses/A71EV2A-x5879a/A71EV2A-x5879a_best-RMSD.openstructure.json,5a102f10f9be58a76ae3bf95786ab208be1e16e6f786ce73f6c71b09f013eb36,poses/A71EV2A-x5879a/A71EV2A-x5879a_best-RMSD.posebusters.csv,abfd91d7021f7384954d925f1ef16ce72cbd39477077fce674e6ccc914499bd0
A71EV2A-x7260_A_4000_0_1_A71EV2A-x0526+A+147+0+1__LIG,CSc1ccc(-c2cc(C)nn2C)cc1OC(=O)N1CCC[C@H](C(N)=O)C1,C019,6,lowest-energy,poses/A71EV2A-x7260a/A71EV2A-x7260a_lowest-energy.sdf,A71EV2A-x7260a,9,1.390,0.956,-100.163,-35.200,TRUE,9c5be0fdd46fbfb213a028f3fddc0d6846d120ade7f60d5b74cc2734a4d576eb,poses/A71EV2A-x7260a/A71EV2A-x7260a_lowest-energy.openstructure.json,a4a056dc97483571e99604bd4ed7a660945f8bce5c7b3dce109f17a951d29a87,poses/A71EV2A-x7260a/A71EV2A-x7260a_lowest-energy.posebusters.csv,dfbf2fac994228b936415c7b76bd34001d3fcf53771ff2af5924397cc6778c69
A71EV2A-x7260_A_4000_0_1_A71EV2A-x0526+A+147+0+1__LIG,CSc1ccc(-c2cc(C)nn2C)cc1OC(=O)N1CCC[C@H](C(N)=O)C1,C019,6,best-RMSD,poses/A71EV2A-x7260a/A71EV2A-x7260a_best-RMSD.sdf,A71EV2A-x7260a,2,0.396,0.996,-97.744,-32.940,TRUE,2146ed7e582a02a8da3978b969777afc22a8b5f0f32e223cfdea5b2f3606ae27,poses/A71EV2A-x7260a/A71EV2A-x7260a_best-RMSD.openstructure.json,53c40b09707bb3e30529c6233752c8a8a9d72717744d657285d9913ce3ee3542,poses/A71EV2A-x7260a/A71EV2A-x7260a_best-RMSD.posebusters.csv,0818ea956851fb0853397c66532348544a97caab703c1ba857b229af72a0c0c1
A71EV2A-x5525_A_201_0_1_A71EV2A-x0526+A+147+0+1__LIG,CSc1ccc(-c2cc[nH]n2)cc1CC(=O)N1CCC[C@H](C(N)=O)C1,C001,6,lowest-energy,poses/A71EV2A-x5525b/A71EV2A-x5525b_lowest-energy.sdf,A71EV2A-x5525b,5,0.855,0.973,-106.974,-33.670,TRUE,9374765acfc4680aebadac3ef736a1e7a62373efff03e32f97280a1b20c64932,poses/A71EV2A-x5525b/A71EV2A-x5525b_lowest-energy.openstructure.json,94e14245dfd292dad86895de9ad50323502b974db694815f8f283cf313fc870b,poses/A71EV2A-x5525b/A71EV2A-x5525b_lowest-energy.posebusters.csv,bc22d7a8105efc07605eebad1d4d0c049b0cc53264e77055afd6e6e5390df8e2
A71EV2A-x5525_A_201_0_1_A71EV2A-x0526+A+147+0+1__LIG,CSc1ccc(-c2cc[nH]n2)cc1CC(=O)N1CCC[C@H](C(N)=O)C1,C001,6,best-RMSD,poses/A71EV2A-x5525a/A71EV2A-x5525a_best-RMSD.sdf,A71EV2A-x5525a,7,0.383,0.991,-101.930,-34.020,TRUE,8f1e725be1efe8d455db02198b5535e2fc69801abc75381fda0eb43a808772f8,poses/A71EV2A-x5525a/A71EV2A-x5525a_best-RMSD.openstructure.json,e20baa3b05711206e138019f1ae9c4551705dd4db4d534ef7a1331e7e9f1489a,poses/A71EV2A-x5525a/A71EV2A-x5525a_best-RMSD.posebusters.csv,4bef401db85ce435078815b5ff343ad27bcbb03c123caa6524c6fc7fae0ea1f7
A71EV2A-x7576_A_201_0_1_A71EV2A-x0526+A+147+0+1__LIG,CSc1ccc(-c2cc[nH]n2)cc1CC(=O)N1C[C@@H](C(N)=O)C[C@@H]2C[C@@H]21,C005,6,lowest-energy,poses/A71EV2A-x7576b/A71EV2A-x7576b_lowest-energy.sdf,A71EV2A-x7576b,7,2.619,0.695,-70.333,-24.840,TRUE,06f76c6d2b5200f3f3b8461344d6435416b741bd3e04c311b7f669cc848e57c0,poses/A71EV2A-x7576b/A71EV2A-x7576b_lowest-energy.openstructure.json,9db5384929a82c391b1f42caa554039be9ed2c47e179e43c9946c660dec62a77,poses/A71EV2A-x7576b/A71EV2A-x7576b_lowest-energy.posebusters.csv,fc67bbe6269da8963a53ea3aa4173d7880645a3af949d6780235f3f251aafe0f
A71EV2A-x7576_A_201_0_1_A71EV2A-x0526+A+147+0+1__LIG,CSc1ccc(-c2cc[nH]n2)cc1CC(=O)N1C[C@@H](C(N)=O)C[C@@H]2C[C@@H]21,C005,6,best-RMSD,poses/A71EV2A-x7576a/A71EV2A-x7576a_best-RMSD.sdf,A71EV2A-x7576a,9,0.377,1.000,-42.948,-36.280,TRUE,d70f0a55d655c938b30705cbe1a415735b14c88a389f12066529146618ee5203,poses/A71EV2A-x7576a/A71EV2A-x7576a_best-RMSD.openstructure.json,fd639674e1c3ebd5d39d19b6769212d1c96ea7c54584f6c2542010bd4d0d4451,poses/A71EV2A-x7576a/A71EV2A-x7576a_best-RMSD.posebusters.csv,d7034322defc492f17b2a2951305d8bd113c43299a1abb709d0579293d59e588
A71EV2A-x7597_A_201_0_1_A71EV2A-x0526+A+147+0+1__LIG,CSc1ccc(-c2cc[nH]n2)cc1OC(=O)N1CCC[C@H](C(N)=O)C1,C019,6,lowest-energy,poses/A71EV2A-x7597a/A71EV2A-x7597a_lowest-energy.sdf,A71EV2A-x7597a,5,0.299,1.000,-106.355,-32.640,TRUE,11baa41d8b9e182a8d3fa7283f3d19cf2b3ce5d1ce96b8dc48ccb6125c78480e,poses/A71EV2A-x7597a/A71EV2A-x7597a_lowest-energy.openstructure.json,63f13e1ba2c01ba4678a2c167ee9a6460bf93be6208e0bc8aecb0d373a2a4a7b,poses/A71EV2A-x7597a/A71EV2A-x7597a_lowest-energy.posebusters.csv,7277196c949dbb2b48cda6be25889ad93f006a444203bd4deca18316560ca473
A71EV2A-x7597_A_201_0_1_A71EV2A-x0526+A+147+0+1__LIG,CSc1ccc(-c2cc[nH]n2)cc1OC(=O)N1CCC[C@H](C(N)=O)C1,C019,6,best-RMSD,poses/A71EV2A-x7597a/A71EV2A-x7597a_best-RMSD.sdf,A71EV2A-x7597a,5,0.299,1.000,-106.355,-32.640,TRUE,ac9ac8cd051c12886a915f2d9c80331da4a232d0f99c6d11538c1bb19744ae39,poses/A71EV2A-x7597a/A71EV2A-x7597a_best-RMSD.openstructure.json,63f13e1ba2c01ba4678a2c167ee9a6460bf93be6208e0bc8aecb0d373a2a4a7b,poses/A71EV2A-x7597a/A71EV2A-x7597a_best-RMSD.posebusters.csv,7277196c949dbb2b48cda6be25889ad93f006a444203bd4deca18316560ca473
A71EV2A-x7261_A_201_0_1_A71EV2A-x0526+A+147+0+1__LIG,CSc1ccc(-c2ccc(N3CCN(C)CC3)nc2)cc1OC(=O)N1CCC[C@H](C(N)=O)C1,C019,7,lowest-energy,poses/A71EV2A-x7261a/A71EV2A-x7261a_lowest-energy.sdf,A71EV2A-x7261a,5,1.080,0.969,-102.250,-39.530,TRUE,68545741bb119bf4766daa4273b180cb71809b4fc12eb7510a577406efcb717c,poses/A71EV2A-x7261a/A71EV2A-x7261a_lowest-energy.openstructure.json,515c1705cbfc3fccf7a9a46e0b398884dcfdd5d2387ee82d8bb2cdeaf53e1f5e,poses/A71EV2A-x7261a/A71EV2A-x7261a_lowest-energy.posebusters.csv,142be1703d2a0e8f6b10b2b2b029600fe0d6efcf1f4154121c7afc03d706ba6b
A71EV2A-x7261_A_201_0_1_A71EV2A-x0526+A+147+0+1__LIG,CSc1ccc(-c2ccc(N3CCN(C)CC3)nc2)cc1OC(=O)N1CCC[C@H](C(N)=O)C1,C019,7,best-RMSD,poses/A71EV2A-x7261a/A71EV2A-x7261a_best-RMSD.sdf,A71EV2A-x7261a,7,0.810,0.994,-98.404,-38.210,TRUE,fc6a7d6a298790ba9dda050ed8c696c4e3e38af7adb33a2ee224adf523075eb5,poses/A71EV2A-x7261a/A71EV2A-x7261a_best-RMSD.openstructure.json,cdee8e80364be183de7a159c92092482c910984295ca17bbfff7d073bf3db59d,poses/A71EV2A-x7261a/A71EV2A-x7261a_best-RMSD.posebusters.csv,2e70f6365e52542aa4e0e5c617e6798234da1401f8a5495d6012595e9ec9bf2b
A71EV2A-x6025_A_4000_0_1_A71EV2A-x0526+A+147+0+1__LIG,CSc1ccc(-c2cccc3cnn(C)c23)cc1CC(=O)N1CCC[C@H](C(N)=O)C1,C001,6,lowest-energy,poses/A71EV2A-x6025a/A71EV2A-x6025a_lowest-energy.sdf,A71EV2A-x6025a,7,0.301,0.998,-95.456,-35.270,TRUE,8ac501da5e71eff6bd2a374e15f7b26bb786f28275d7c3c91a1c3ab2c028b905,poses/A71EV2A-x6025a/A71EV2A-x6025a_lowest-energy.openstructure.json,ea91bfbe3e5846865e01306428ba1ab855ac0bd77e96caba5b864dec29f4aca5,poses/A71EV2A-x6025a/A71EV2A-x6025a_lowest-energy.posebusters.csv,a378b710244204f03ce236675c7971cb2e67c07320583e8afa12ae115b11202a
A71EV2A-x6025_A_4000_0_1_A71EV2A-x0526+A+147+0+1__LIG,CSc1ccc(-c2cccc3cnn(C)c23)cc1CC(=O)N1CCC[C@H](C(N)=O)C1,C001,6,best-RMSD,poses/A71EV2A-x6025a/A71EV2A-x6025a_best-RMSD.sdf,A71EV2A-x6025a,7,0.301,0.998,-95.456,-35.270,TRUE,919f7edbaebb53d70e7e5a9087add4beba77424dbd22a55ca0bbdbfaf4e7a1d2,poses/A71EV2A-x6025a/A71EV2A-x6025a_best-RMSD.openstructure.json,ea91bfbe3e5846865e01306428ba1ab855ac0bd77e96caba5b864dec29f4aca5,poses/A71EV2A-x6025a/A71EV2A-x6025a_best-RMSD.posebusters.csv,a378b710244204f03ce236675c7971cb2e67c07320583e8afa12ae115b11202a
A71EV2A-x5526_A_4000_0_1_A71EV2A-x0526+A+147+0+1__LIG,CSc1ccc(-c2ccccc2)cc1CC(=O)N1CCC[C@H](C(N)=O)C1,C001,6,lowest-energy,poses/A71EV2A-x5526a/A71EV2A-x5526a_lowest-energy.sdf,A71EV2A-x5526a,3,0.489,0.988,-106.600,-34.820,TRUE,15c710e6f9d420d123d8bd1b2660729b8db353b512d1178e8e608a343504a703,poses/A71EV2A-x5526a/A71EV2A-x5526a_lowest-energy.openstructure.json,73e20d69f54a31c46cec69169c99769c496a508f4c7c5dfd9d43e2e80e71d129,poses/A71EV2A-x5526a/A71EV2A-x5526a_lowest-energy.posebusters.csv,59e544416fd12912059ee0a121ca2f2e27715735072896b9233d7fac3465b5de
A71EV2A-x5526_A_4000_0_1_A71EV2A-x0526+A+147+0+1__LIG,CSc1ccc(-c2ccccc2)cc1CC(=O)N1CCC[C@H](C(N)=O)C1,C001,6,best-RMSD,poses/A71EV2A-x5526a/A71EV2A-x5526a_best-RMSD.sdf,A71EV2A-x5526a,5,0.329,0.992,-106.288,-34.490,TRUE,9e49ac3d5ea99697fc768063106fb9a9474a81cc31cde347ff524730eb06a3ff,poses/A71EV2A-x5526a/A71EV2A-x5526a_best-RMSD.openstructure.json,6e8cc230d12ff00e6e35d46a65cdf5817c6a6311ac41c9065669a9c89c5d2710,poses/A71EV2A-x5526a/A71EV2A-x5526a_best-RMSD.posebusters.csv,5486ab98443cc32a03be9b79ae358c9339286817e3b014b9772dbdc65b1b57de
A71EV2A-x7442_A_4000_0_1_A71EV2A-x0526+A+147+0+1__LIG,CSc1ccc(-c2ccccn2)cc1OC(=O)N1CCC[C@H](C(N)=O)C1,C001,6,lowest-energy,poses/A71EV2A-x7442a/A71EV2A-x7442a_lowest-energy.sdf,A71EV2A-x7442a,10,0.369,1.000,-115.242,-37.020,TRUE,ac663c5d0d7f21a93576c6b5dc59815f95a2862374771f31dc2f8cf115125238,poses/A71EV2A-x7442a/A71EV2A-x7442a_lowest-energy.openstructure.json,15c2d26882a03d4b86f4c90eb607fc18ed48e26c1f5a6bb08980b8d706e8ae19,poses/A71EV2A-x7442a/A71EV2A-x7442a_lowest-energy.posebusters.csv,6b6c7cd4338e59f16fd7161f132006cf196645b7c6a5f0443c24ee96a49e5809
A71EV2A-x7442_A_4000_0_1_A71EV2A-x0526+A+147+0+1__LIG,CSc1ccc(-c2ccccn2)cc1OC(=O)N1CCC[C@H](C(N)=O)C1,C001,6,best-RMSD,poses/A71EV2A-x7442a/A71EV2A-x7442a_best-RMSD.sdf,A71EV2A-x7442a,10,0.369,1.000,-115.242,-37.020,TRUE,efd37e065b36d3619d218037d468d7e6e34147daecf4caa92afac9e0a696bf8a,poses/A71EV2A-x7442a/A71EV2A-x7442a_best-RMSD.openstructure.json,15c2d26882a03d4b86f4c90eb607fc18ed48e26c1f5a6bb08980b8d706e8ae19,poses/A71EV2A-x7442a/A71EV2A-x7442a_best-RMSD.posebusters.csv,6b6c7cd4338e59f16fd7161f132006cf196645b7c6a5f0443c24ee96a49e5809
A71EV2A-x7350_A_4000_A_1_A71EV2A-x0526+A+147+0+1_ALIG,CSc1ccc(-c2ccccn2)cc1OC(=O)N1C[C@H](C(N)=O)C[C@H]2C[C@H]21,C005,6,lowest-energy,poses/A71EV2A-x7350b/A71EV2A-x7350b_lowest-energy.sdf,A71EV2A-x7350b,3,8.466,0.236,-42.164,-25.770,TRUE,da5cc77241b53be828b5ca4099a6b9d0326c7abd27560ff1bc24ccc1bb257915,poses/A71EV2A-x7350b/A71EV2A-x7350b_lowest-energy.openstructure.json,24425970eba37a53899643193369cbaa412b2e2a0ec7fb31316a5669ca2becad,poses/A71EV2A-x7350b/A71EV2A-x7350b_lowest-energy.posebusters.csv,cee80fadfc7d6a28e54bf7d0ef659a832f3cf82c3296af10e158c241de7027c3
A71EV2A-x7350_A_4000_A_1_A71EV2A-x0526+A+147+0+1_ALIG,CSc1ccc(-c2ccccn2)cc1OC(=O)N1C[C@H](C(N)=O)C[C@H]2C[C@H]21,C005,6,best-RMSD,poses/A71EV2A-x7350b/A71EV2A-x7350b_best-RMSD.sdf,A71EV2A-x7350b,8,7.488,0.278,8.967,-24.650,TRUE,705a7f7198e64e3e4703477a970ef53f6f77eb2d670ea13c19eda61238299519,poses/A71EV2A-x7350b/A71EV2A-x7350b_best-RMSD.openstructure.json,bf1adf598cc4d772b4b0402a62692d5129da9f58656919ef99a60f2cdadb4134,poses/A71EV2A-x7350b/A71EV2A-x7350b_best-RMSD.posebusters.csv,2e3a7358ab6381d0ae7445110fb70602d558a8366c139eb2ae80f1b480439d12
A71EV2A-x7070_A_4000_0_1_A71EV2A-x0526+A+147+0+1__LIG,CSc1ccc(-c2cccnc2)cc1OC(=O)N1C[C@@H](C(N)=O)C[C@@H]2C[C@@H]21,C005,6,lowest-energy,poses/A71EV2A-x7070a/A71EV2A-x7070a_lowest-energy.sdf,A71EV2A-x7070a,6,0.651,0.943,-53.654,-25.960,TRUE,14cf09e734b94359354b8f7ed9cd6a1b98bad8a2071affbd48998323a3c38611,poses/A71EV2A-x7070a/A71EV2A-x7070a_lowest-energy.openstructure.json,1966baaa3546f8d24d268d01cffd5f7e9849055f721cba1163c5142d1e64742f,poses/A71EV2A-x7070a/A71EV2A-x7070a_lowest-energy.posebusters.csv,4ea3ed6e4d32d4cd17d4c45ef82285ce09cdef27abb7ed05e927ddf28b55913f
A71EV2A-x7070_A_4000_0_1_A71EV2A-x0526+A+147+0+1__LIG,CSc1ccc(-c2cccnc2)cc1OC(=O)N1C[C@@H](C(N)=O)C[C@@H]2C[C@@H]21,C005,6,best-RMSD,poses/A71EV2A-x7070a/A71EV2A-x7070a_best-RMSD.sdf,A71EV2A-x7070a,6,0.651,0.943,-53.654,-25.960,TRUE,42c61cc80773f4dc488800b55f06b4f9a6b6aa30299981bda8226fb89b99f40f,poses/A71EV2A-x7070a/A71EV2A-x7070a_best-RMSD.openstructure.json,1966baaa3546f8d24d268d01cffd5f7e9849055f721cba1163c5142d1e64742f,poses/A71EV2A-x7070a/A71EV2A-x7070a_best-RMSD.posebusters.csv,4ea3ed6e4d32d4cd17d4c45ef82285ce09cdef27abb7ed05e927ddf28b55913f
A71EV2A-x7032_A_4000_0_1_A71EV2A-x0526+A+147+0+1__LIG,CSc1ccc(-c2cccnc2)cc1OC(=O)N1C[C@@H](C(N)=O)C[C@H]2C[C@H]21,C005,6,lowest-energy,poses/A71EV2A-x7032a/A71EV2A-x7032a_lowest-energy.sdf,A71EV2A-x7032a,10,0.590,0.962,-72.810,-30.510,TRUE,305365f0bbc7e120f57c17fdc933bc6a62229e4de481046e56eb97e22fb3433e,poses/A71EV2A-x7032a/A71EV2A-x7032a_lowest-energy.openstructure.json,1a1e40ab26e970cb2fe77248385233ccc57e68e409c27b7f8c0c4256464b3e5a,poses/A71EV2A-x7032a/A71EV2A-x7032a_lowest-energy.posebusters.csv,93f406d170ae1fe78f0cefe74684c239ed79f0680c22a717276179c137f48ce0
A71EV2A-x7032_A_4000_0_1_A71EV2A-x0526+A+147+0+1__LIG,CSc1ccc(-c2cccnc2)cc1OC(=O)N1C[C@@H](C(N)=O)C[C@H]2C[C@H]21,C005,6,best-RMSD,poses/A71EV2A-x7032a/A71EV2A-x7032a_best-RMSD.sdf,A71EV2A-x7032a,10,0.590,0.962,-72.810,-30.510,TRUE,6878cd8fddee1e555b80f7abe7441bd59b4a45d0577be2a18534db60cb58fba0,poses/A71EV2A-x7032a/A71EV2A-x7032a_best-RMSD.openstructure.json,1a1e40ab26e970cb2fe77248385233ccc57e68e409c27b7f8c0c4256464b3e5a,poses/A71EV2A-x7032a/A71EV2A-x7032a_best-RMSD.posebusters.csv,93f406d170ae1fe78f0cefe74684c239ed79f0680c22a717276179c137f48ce0
A71EV2A-x6778_A_4000_0_1_A71EV2A-x0526+A+147+0+1__LIG,CSc1ccc(-c2cccnc2C(C)C)cc1CC(=O)N1CCC[C@H](C(N)=O)C1,C001,7,lowest-energy,poses/A71EV2A-x6778a/A71EV2A-x6778a_lowest-energy.sdf,A71EV2A-x6778a,3,0.286,0.997,-117.543,-38.340,TRUE,9cfa578b9b42e6dfbe114e9ce2c7096e7ebe3fd2eb0d37c5c55b2a17f9c5a3fd,poses/A71EV2A-x6778a/A71EV2A-x6778a_lowest-energy.openstructure.json,9f2e0c249cb0b8442f4a33a436e6ccd4b517eebfbe10da66809f9e8f08e34e2a,poses/A71EV2A-x6778a/A71EV2A-x6778a_lowest-energy.posebusters.csv,70351726a2c4914bb3b71f4ecec511bd65cfd3e909eb1fa7a32b26008110e952
A71EV2A-x6778_A_4000_0_1_A71EV2A-x0526+A+147+0+1__LIG,CSc1ccc(-c2cccnc2C(C)C)cc1CC(=O)N1CCC[C@H](C(N)=O)C1,C001,7,best-RMSD,poses/A71EV2A-x6778a/A71EV2A-x6778a_best-RMSD.sdf,A71EV2A-x6778a,10,0.240,0.998,-116.637,-37.170,TRUE,1b2805688c3169d22f0c0dee8ab5679bcf461cf7ecdfc12ef6c4b318f1b99662,poses/A71EV2A-x6778a/A71EV2A-x6778a_best-RMSD.openstructure.json,d38093923b65c022a19660f6a3c33c36a986dfd8002e4adfb1d6e1b16e35a472,poses/A71EV2A-x6778a/A71EV2A-x6778a_best-RMSD.posebusters.csv,b55fff51f18efb6f666dba044cd523913cf132796d37c999a048448a133f3502
A71EV2A-x7301_A_4000_0_1_A71EV2A-x0526+A+147+0+1__LIG,CSc1ccc(-c2cccnc2N)cc1OC(=O)N1CCC[C@H](C(N)=O)C1,C012,6,lowest-energy,poses/A71EV2A-x7301b/A71EV2A-x7301b_lowest-energy.sdf,A71EV2A-x7301b,4,0.302,1.000,-119.741,-39.180,TRUE,e70dc50576ddc9cf7309fbaa7bddcb372bddbe85942196297050cbc5b0984015,poses/A71EV2A-x7301b/A71EV2A-x7301b_lowest-energy.openstructure.json,a4d2adb2166449fe54eeea0fd06f77d4b3dd2645507b8f76a4dd14775308760e,poses/A71EV2A-x7301b/A71EV2A-x7301b_lowest-energy.posebusters.csv,a92c21c493f9949f9c4d985bbee2cd62642b7d98cac87dd7f28aaad8157db2a5
A71EV2A-x7301_A_4000_0_1_A71EV2A-x0526+A+147+0+1__LIG,CSc1ccc(-c2cccnc2N)cc1OC(=O)N1CCC[C@H](C(N)=O)C1,C012,6,best-RMSD,poses/A71EV2A-x7301a/A71EV2A-x7301a_best-RMSD.sdf,A71EV2A-x7301a,5,0.296,1.000,-116.163,-42.010,TRUE,6ab3274afe8f57b648b0cf2d38de8dc58d9b8b04b799b7b0c9cf271c36875237,poses/A71EV2A-x7301a/A71EV2A-x7301a_best-RMSD.openstructure.json,4ff524caffec7bbcf04f7645ef1adf2113542709a98d46085cc3548635780b2a,poses/A71EV2A-x7301a/A71EV2A-x7301a_best-RMSD.posebusters.csv,6d4c133aa604a1a3e08e4309b5931b4a37d735c435baf4423f1787336538d3c1
A71EV2A-x6791_A_201_0_1_A71EV2A-x0526+A+147+0+1__LIG,CSc1ccc(-c2ccnc(N(C)C)c2)cc1CC(=O)N1CCC[C@H](C(N)=O)C1,C001,7,lowest-energy,poses/A71EV2A-x6791a/A71EV2A-x6791a_lowest-energy.sdf,A71EV2A-x6791a,2,0.295,1.000,-116.571,-37.440,TRUE,2e4f0c15cd979ea2968c6162f357253b227cdc3e2fd710c27b59814e427d433c,poses/A71EV2A-x6791a/A71EV2A-x6791a_lowest-energy.openstructure.json,2bfe1e86f434e5bfaa1feb8d4cec719301cbcb4c9072d9d57b5c68d58427fcda,poses/A71EV2A-x6791a/A71EV2A-x6791a_lowest-energy.posebusters.csv,134d288b86b16bd1aa6c407d9ef46890453a936c01093ec0605d2d5040c02661
A71EV2A-x6791_A_201_0_1_A71EV2A-x0526+A+147+0+1__LIG,CSc1ccc(-c2ccnc(N(C)C)c2)cc1CC(=O)N1CCC[C@H](C(N)=O)C1,C001,7,best-RMSD,poses/A71EV2A-x6791a/A71EV2A-x6791a_best-RMSD.sdf,A71EV2A-x6791a,3,0.292,0.999,-116.250,-37.510,TRUE,2291db9ec4dbf15119e8814c377e2f0f6e295c6e77c12a68b1762d62bcd2e22a,poses/A71EV2A-x6791a/A71EV2A-x6791a_best-RMSD.openstructure.json,7356188f0e70d0e68907ea4e8943166e93b478dc6c09c7156a5bc01e890b3436,poses/A71EV2A-x6791a/A71EV2A-x6791a_best-RMSD.posebusters.csv,b43effcb9b85a69de42964a7b329e82d8e6404dfee9047813f190b7734585f82
A71EV2A-x5509_A_201_0_1_A71EV2A-x0526+A+147+0+1__LIG,CSc1ccc(-c2ccncc2)cc1CC(=O)N1CCC[C@H](C(N)=O)C1,C001,6,lowest-energy,poses/A71EV2A-x5509a/A71EV2A-x5509a_lowest-energy.sdf,A71EV2A-x5509a,7,0.412,0.988,-109.583,-34.050,TRUE,d319dc6d03611995409e9f3b58caf8c2233aa92bf1b3e6e53002f92bcac69a55,poses/A71EV2A-x5509a/A71EV2A-x5509a_lowest-energy.openstructure.json,54852adb46747deb12812f911c59051e6dca36e3876a4ed473fdcb5e0ef78ab5,poses/A71EV2A-x5509a/A71EV2A-x5509a_lowest-energy.posebusters.csv,f5349fe7f13f9177a7ed0340f9071247c9feba0ed7287417718d3e02e2ae9e93
A71EV2A-x5509_A_201_0_1_A71EV2A-x0526+A+147+0+1__LIG,CSc1ccc(-c2ccncc2)cc1CC(=O)N1CCC[C@H](C(N)=O)C1,C001,6,best-RMSD,poses/A71EV2A-x5509a/A71EV2A-x5509a_best-RMSD.sdf,A71EV2A-x5509a,4,0.306,0.997,-109.549,-33.810,TRUE,e99ff1a4788076411a030f14039f6064122f089ae966a0c142af868915c1aa9a,poses/A71EV2A-x5509a/A71EV2A-x5509a_best-RMSD.openstructure.json,f6815421473489680f234e91c3df5fdc611a293dd9a18eb6ca296bc406d9ed95,poses/A71EV2A-x5509a/A71EV2A-x5509a_best-RMSD.posebusters.csv,812eba6964ceae19fb346c90a6bd15c26692172021fa3357e3e237bdd1540f95
A71EV2A-x7256_A_4000_0_1_A71EV2A-x0526+A+147+0+1__LIG,CSc1ccc(-c2ccncc2)cc1CC(=O)N1C[C@@H](C(N)=O)C[C@@H]2C[C@@H]21,C005,6,lowest-energy,poses/A71EV2A-x7256a/A71EV2A-x7256a_lowest-energy.sdf,A71EV2A-x7256a,4,8.330,0.140,-31.034,-24.020,TRUE,9b77d8546cf24d7b840b0530af0a9b70d232249efdb47ba81ddac4b5d79786f0,poses/A71EV2A-x7256a/A71EV2A-x7256a_lowest-energy.openstructure.json,05da670878418e4f181cc975d469dde6bf329e58208cb1c0a3d14418d847a62b,poses/A71EV2A-x7256a/A71EV2A-x7256a_lowest-energy.posebusters.csv,16fa012f08c6d2b4ebf476ccc01673cebc626c520058510bcb40ffcefe83934c
A71EV2A-x7256_A_4000_0_1_A71EV2A-x0526+A+147+0+1__LIG,CSc1ccc(-c2ccncc2)cc1CC(=O)N1C[C@@H](C(N)=O)C[C@@H]2C[C@@H]21,C005,6,best-RMSD,poses/A71EV2A-x7256a/A71EV2A-x7256a_best-RMSD.sdf,A71EV2A-x7256a,2,0.336,0.989,9.736,-36.670,TRUE,5bcff95db25761259ff96cbe157bfb8be849d7d74ed3bfcee81f43fe85783316,poses/A71EV2A-x7256a/A71EV2A-x7256a_best-RMSD.openstructure.json,63e9e5c942cac8a0dd80df0c7f2e719733d630b8202d3a725de9ac7060abad18,poses/A71EV2A-x7256a/A71EV2A-x7256a_best-RMSD.posebusters.csv,3ad7b9f318829e5aaf515ae686f49932a199339f047bf62e2251b7e6a869f51e
A71EV2A-x7445_A_4000_0_1_A71EV2A-x0526+A+147+0+1__LIG,CSc1ccc(-c2ccncc2)cc1CC(=O)N1C[C@H](C(N)=O)C[C@H]2C[C@H]21,C005,6,lowest-energy,poses/A71EV2A-x7445a/A71EV2A-x7445a_lowest-energy.sdf,A71EV2A-x7445a,5,8.745,0.145,-31.210,-28.270,TRUE,615cab3f138072abf1667f7369e41881ce4ad38d5645f589ad59d06c058a4f39,poses/A71EV2A-x7445a/A71EV2A-x7445a_lowest-energy.openstructure.json,605af2d876743868a3f88a715bbaa1a5bb9ca5c0408d26afce49b48eed6c7699,poses/A71EV2A-x7445a/A71EV2A-x7445a_lowest-energy.posebusters.csv,4e63ce1aca134339520927f1cffdb4b2f20fc7a80ad4379277c0e002a700c717
A71EV2A-x7445_A_4000_0_1_A71EV2A-x0526+A+147+0+1__LIG,CSc1ccc(-c2ccncc2)cc1CC(=O)N1C[C@H](C(N)=O)C[C@H]2C[C@H]21,C005,6,best-RMSD,poses/A71EV2A-x7445a/A71EV2A-x7445a_best-RMSD.sdf,A71EV2A-x7445a,1,1.149,0.854,32.604,-27.110,TRUE,dfebab257cd5ae3671b1c2903a420dcf50d96b345b5314df2917f1d1e642ebc4,poses/A71EV2A-x7445a/A71EV2A-x7445a_best-RMSD.openstructure.json,68c08e1dc302db87df7d360799e2a4b9bacbe4a86c897d07eb863d7e9cefa756,poses/A71EV2A-x7445a/A71EV2A-x7445a_best-RMSD.posebusters.csv,9ee203429c4427827f2a19010cd3396ba8f0ed51f791821249b1e5c17189ad73
A71EV2A-x6746_A_201_0_1_A71EV2A-x0526+A+147+0+1__LIG,CSc1ccc(-c2ccncc2)cc1NC(=O)N1C[C@@H](C(N)=O)C[C@@H]2C[C@@H]21,C059,6,lowest-energy,poses/A71EV2A-x6746a/A71EV2A-x6746a_lowest-energy.sdf,A71EV2A-x6746a,2,8.143,0.265,-41.167,-20.450,TRUE,c8719ece32b1e2726b0b98bf8aef9e0710f7996cedccd4b896146134d796685f,poses/A71EV2A-x6746a/A71EV2A-x6746a_lowest-energy.openstructure.json,74e2c40b24a99142a8aeac70277007fc0af09e8bea6826e6726ddc7092e3b514,poses/A71EV2A-x6746a/A71EV2A-x6746a_lowest-energy.posebusters.csv,fc5139feab887291b4351e489c64c5e5834ea8f20014f14416f046b68f645df2
A71EV2A-x6746_A_201_0_1_A71EV2A-x0526+A+147+0+1__LIG,CSc1ccc(-c2ccncc2)cc1NC(=O)N1C[C@@H](C(N)=O)C[C@@H]2C[C@@H]21,C059,6,best-RMSD,poses/A71EV2A-x6746a/A71EV2A-x6746a_best-RMSD.sdf,A71EV2A-x6746a,1,1.235,0.845,28.749,-21.430,TRUE,60dd9fac6bcc47bf230d0a0a55a1a71190a6cef68bc3928180c1ffde7c76023f,poses/A71EV2A-x6746a/A71EV2A-x6746a_best-RMSD.openstructure.json,e96886abe68414be1f9c7f28cddcc6313b0969d7652ec24a8af83d89b1b416cd,poses/A71EV2A-x6746a/A71EV2A-x6746a_best-RMSD.posebusters.csv,afb3340d905a3974cc8139bc5d5abacc5f2ecc2793216cfde58b7306c9a2953d
A71EV2A-x7184_A_4000_0_1_A71EV2A-x0526+A+147+0+1__LIG,CSc1ccc(-c2ccncc2)cc1OC(=O)N1C[C@H](C(N)=O)C[C@H]2C[C@H]21,C005,6,lowest-energy,poses/A71EV2A-x7184a/A71EV2A-x7184a_lowest-energy.sdf,A71EV2A-x7184a,10,7.720,0.258,-40.001,-24.160,TRUE,6ecd0fd3a35f6617ecef89f1ed1a0ed2379422f070e2300893cebec673ea1199,poses/A71EV2A-x7184a/A71EV2A-x7184a_lowest-energy.openstructure.json,8c7ff23887b811697bbe6ea10f264c583b05c61660c245ab7006a38ed8046949,poses/A71EV2A-x7184a/A71EV2A-x7184a_lowest-energy.posebusters.csv,795b78b9b3865530218fa87120b90ab6431f7d37e65665ce4d01b846abb5567b
A71EV2A-x7184_A_4000_0_1_A71EV2A-x0526+A+147+0+1__LIG,CSc1ccc(-c2ccncc2)cc1OC(=O)N1C[C@H](C(N)=O)C[C@H]2C[C@H]21,C005,6,best-RMSD,poses/A71EV2A-x7184a/A71EV2A-x7184a_best-RMSD.sdf,A71EV2A-x7184a,10,7.720,0.258,-40.001,-24.160,TRUE,3b03906784eb7e6e6318185318343b0d38e12c0c8edaccafcb723ddcb87164ab,poses/A71EV2A-x7184a/A71EV2A-x7184a_best-RMSD.openstructure.json,8c7ff23887b811697bbe6ea10f264c583b05c61660c245ab7006a38ed8046949,poses/A71EV2A-x7184a/A71EV2A-x7184a_best-RMSD.posebusters.csv,795b78b9b3865530218fa87120b90ab6431f7d37e65665ce4d01b846abb5567b
A71EV2A-x7167_A_201_0_1_A71EV2A-x0526+A+147+0+1__LIG,CSc1ccc(-c2ccnn2C(C)(C)C)cc1OC(=O)N1CCC[C@H](C(N)=O)C1,C019,7,lowest-energy,poses/A71EV2A-x7167a/A71EV2A-x7167a_lowest-energy.sdf,A71EV2A-x7167a,5,1.365,0.912,-93.121,-35.450,TRUE,6e0601d012a586724d413b568b72c60cba9f10cd480434aca1fdfb27fe5947b1,poses/A71EV2A-x7167a/A71EV2A-x7167a_lowest-energy.openstructure.json,a7b5006992aa4e14e7ee03d4711ddf80b61277af45c46259106a17979e05e650,poses/A71EV2A-x7167a/A71EV2A-x7167a_lowest-energy.posebusters.csv,ded6b31e9314c3eb9e1c9a2e658080e19c8382ce111cdaaafe25897baf671074
A71EV2A-x7167_A_201_0_1_A71EV2A-x0526+A+147+0+1__LIG,CSc1ccc(-c2ccnn2C(C)(C)C)cc1OC(=O)N1CCC[C@H](C(N)=O)C1,C019,7,best-RMSD,poses/A71EV2A-x7167b/A71EV2A-x7167b_best-RMSD.sdf,A71EV2A-x7167b,3,1.087,0.868,-52.476,-20.560,TRUE,7703dc43e5ead818f5d8eea75e64943b7d4ca65a3bc221cd5d7a3bd7c39dffff,poses/A71EV2A-x7167b/A71EV2A-x7167b_best-RMSD.openstructure.json,be2b25cef70e61fc97e085429ca70cc36c26314ab9ce862f4950061326c4c725,poses/A71EV2A-x7167b/A71EV2A-x7167b_best-RMSD.posebusters.csv,18ecf5f9888ea65eac2eb15bd29265b80512bcf6f23ebfdb4e2eba075a04dc93
A71EV2A-x7044_A_201_0_1_A71EV2A-x0526+A+147+0+1__LIG,CSc1ccc(-c2ccnn2C2CCC2)cc1OC(=O)N1C[C@H](C(N)=O)C[C@H]2C[C@H]21,C005,7,lowest-energy,poses/A71EV2A-x7044a/A71EV2A-x7044a_lowest-energy.sdf,A71EV2A-x7044a,9,3.727,0.624,-35.441,-24.030,TRUE,e64786285d00e10306aeffbb84d948d48a2e7975b420cca956327e91c657f61b,poses/A71EV2A-x7044a/A71EV2A-x7044a_lowest-energy.openstructure.json,c947c7eeedd6c95f1ccd61ad4342dbb389d624a4d3b3c1af40425b5038761f78,poses/A71EV2A-x7044a/A71EV2A-x7044a_lowest-energy.posebusters.csv,26a01969ba3cf0303457467b0eac354e7671587e1178505c06fcfdcb0479baaf
A71EV2A-x7044_A_201_0_1_A71EV2A-x0526+A+147+0+1__LIG,CSc1ccc(-c2ccnn2C2CCC2)cc1OC(=O)N1C[C@H](C(N)=O)C[C@H]2C[C@H]21,C005,7,best-RMSD,poses/A71EV2A-x7044a/A71EV2A-x7044a_best-RMSD.sdf,A71EV2A-x7044a,10,2.457,0.633,-22.372,-21.760,TRUE,70d8a22154b4c6a42b8a41226dfc1a870fefb48c547c29f16af2c805bcdaac7c,poses/A71EV2A-x7044a/A71EV2A-x7044a_best-RMSD.openstructure.json,683a8c53d8ba1ca0f2f3faf3a99f325eb57a291760f29df62fee758a16bfdbe0,poses/A71EV2A-x7044a/A71EV2A-x7044a_best-RMSD.posebusters.csv,a616ad8bb5f6bdf9e2547b26d642182a2990c62c161ad7503961ca1c8e349a7a
A71EV2A-x5836_A_201_0_1_A71EV2A-x0526+A+147+0+1__LIG,CSc1ccc(-c2cn[nH]c2)cc1CC(=O)N1C[C@@H](C([NH3+])=O)C[C@@H]2C[C@@H]21,C060,6,lowest-energy,poses/A71EV2A-x5836a/A71EV2A-x5836a_lowest-energy.sdf,A71EV2A-x5836a,9,1.854,0.778,-21.789,-21.970,TRUE,ea7acf13179a28917787d766e256c1546b2d18a37f9a3373def8e9a41de06882,poses/A71EV2A-x5836a/A71EV2A-x5836a_lowest-energy.openstructure.json,6eac730f9d9d78c0d172c669c656d9f5fcb7df31f363a12a203c1cc4c2b8081f,poses/A71EV2A-x5836a/A71EV2A-x5836a_lowest-energy.posebusters.csv,1b1dd176eb24d992ca171a9bd9ac048f3cfe4a6d5542bbee68b7b5573c6f2f77
A71EV2A-x5836_A_201_0_1_A71EV2A-x0526+A+147+0+1__LIG,CSc1ccc(-c2cn[nH]c2)cc1CC(=O)N1C[C@@H](C([NH3+])=O)C[C@@H]2C[C@@H]21,C060,6,best-RMSD,poses/A71EV2A-x5836a/A71EV2A-x5836a_best-RMSD.sdf,A71EV2A-x5836a,10,0.705,0.951,45.844,-35.200,TRUE,1e30fe9c9ed1c2e4a0502860351f13cd8a474b2846de6d731c0335968a960d4e,poses/A71EV2A-x5836a/A71EV2A-x5836a_best-RMSD.openstructure.json,004e480c11e2b24f9fe3a007f241a13ef77839755484db9f69bce1f578e4fd69,poses/A71EV2A-x5836a/A71EV2A-x5836a_best-RMSD.posebusters.csv,e00528f71ad28782f6dc6506416beccdd8556d4cdd4e0d4f99790a0d5ed066fc
A71EV2A-x7323_A_4000_0_1_A71EV2A-x0526+A+147+0+1__LIG,CSc1ccc(-c2cn[nH]c2)cc1OC(=O)N1C[C@@H](C(N)=O)C[C@@H]2C[C@@H]21,C005,6,lowest-energy,poses/A71EV2A-x7323a/A71EV2A-x7323a_lowest-energy.sdf,A71EV2A-x7323a,8,8.081,0.228,-3.803,-16.330,TRUE,473f1d3df24bf19cc1b81dbfded421ad3b2a2bda6953079b868aae508c3dd0b9,poses/A71EV2A-x7323a/A71EV2A-x7323a_lowest-energy.openstructure.json,4f5b9cbda78121605ca49e58004b38008eb56bbc39b3f0e391670294776cd718,poses/A71EV2A-x7323a/A71EV2A-x7323a_lowest-energy.posebusters.csv,b50711746644a2bc90ce1c2bc6300ed77442d4e5a560e5805b7bdb8d405505e4
A71EV2A-x7323_A_4000_0_1_A71EV2A-x0526+A+147+0+1__LIG,CSc1ccc(-c2cn[nH]c2)cc1OC(=O)N1C[C@@H](C(N)=O)C[C@@H]2C[C@@H]21,C005,6,best-RMSD,poses/A71EV2A-x7323a/A71EV2A-x7323a_best-RMSD.sdf,A71EV2A-x7323a,9,0.322,0.997,11.906,-32.690,TRUE,e30563f48d31d2663f22175b18f2a02ee85af8d1985e1bcd32ca9f874598e1c7,poses/A71EV2A-x7323a/A71EV2A-x7323a_best-RMSD.openstructure.json,0a08b71c80ea0a04467c1ec6ee584a6f55c439ab1d1732867c723dbf07c1cfb4,poses/A71EV2A-x7323a/A71EV2A-x7323a_best-RMSD.posebusters.csv,e324bab00dd9af5784653ed36361b90f199d454ee434a9fd3f45b695d2085cbe
A71EV2A-x7379_A_4000_0_1_A71EV2A-x0526+A+147+0+1__LIG,CSc1ccc(-c2cn[nH]c2)cc1OC(=O)N1C[C@@H](C(N)=O)C[C@H]2C[C@H]21,C005,6,lowest-energy,poses/A71EV2A-x7379a/A71EV2A-x7379a_lowest-energy.sdf,A71EV2A-x7379a,1,0.523,0.968,-69.748,-32.160,TRUE,c0594838e66b5ff9298733563d32e9f56e691197adb8720ad4c5367f1866d8ea,poses/A71EV2A-x7379a/A71EV2A-x7379a_lowest-energy.openstructure.json,62e8a2c7c41a4d940a464aed7a7de755b95e7de994d76b5e714af0e639075747,poses/A71EV2A-x7379a/A71EV2A-x7379a_lowest-energy.posebusters.csv,f360eda99cf08b3b745bb794f95140f9655779e85a07f9e16cf2f3bb373693a2
A71EV2A-x7379_A_4000_0_1_A71EV2A-x0526+A+147+0+1__LIG,CSc1ccc(-c2cn[nH]c2)cc1OC(=O)N1C[C@@H](C(N)=O)C[C@H]2C[C@H]21,C005,6,best-RMSD,poses/A71EV2A-x7379a/A71EV2A-x7379a_best-RMSD.sdf,A71EV2A-x7379a,1,0.523,0.968,-69.748,-32.160,TRUE,a6a03611cb48bfff3f27eb7c1069a91d67610125b250f07e2e992f3dfff6f445,poses/A71EV2A-x7379a/A71EV2A-x7379a_best-RMSD.openstructure.json,62e8a2c7c41a4d940a464aed7a7de755b95e7de994d76b5e714af0e639075747,poses/A71EV2A-x7379a/A71EV2A-x7379a_best-RMSD.posebusters.csv,f360eda99cf08b3b745bb794f95140f9655779e85a07f9e16cf2f3bb373693a2
A71EV2A-x6032_A_4000_0_1_A71EV2A-x0526+A+147+0+1__LIG,CSc1ccc(-c2cncc(C)c2C)cc1CC(=O)N1CCC[C@H](C(N)=O)C1,C001,6,lowest-energy,poses/A71EV2A-x6032a/A71EV2A-x6032a_lowest-energy.sdf,A71EV2A-x6032a,6,0.257,0.995,-112.822,-35.920,TRUE,1976e9937cb711a7754828f66b9ec23eed79444973d0c824e8a472a3e4d4bd5f,poses/A71EV2A-x6032a/A71EV2A-x6032a_lowest-energy.openstructure.json,554d1318010b8b2127b4e272ae360eeb659f35e7cac9bb16e92391eea17fc3c5,poses/A71EV2A-x6032a/A71EV2A-x6032a_lowest-energy.posebusters.csv,514b3d63724e6211b36a6721cbef4533ade708a24792fe28cc2ccfdbc15a6255
A71EV2A-x6032_A_4000_0_1_A71EV2A-x0526+A+147+0+1__LIG,CSc1ccc(-c2cncc(C)c2C)cc1CC(=O)N1CCC[C@H](C(N)=O)C1,C001,6,best-RMSD,poses/A71EV2A-x6032a/A71EV2A-x6032a_best-RMSD.sdf,A71EV2A-x6032a,6,0.257,0.995,-112.822,-35.920,TRUE,ac38f8e5234e51cf8b126cef1c0934564b7a3f98a6af22bc36e90642ac7ec422,poses/A71EV2A-x6032a/A71EV2A-x6032a_best-RMSD.openstructure.json,554d1318010b8b2127b4e272ae360eeb659f35e7cac9bb16e92391eea17fc3c5,poses/A71EV2A-x6032a/A71EV2A-x6032a_best-RMSD.posebusters.csv,514b3d63724e6211b36a6721cbef4533ade708a24792fe28cc2ccfdbc15a6255
A71EV2A-x6948_A_4000_A_1_A71EV2A-x0526+A+147+0+1_ALIG,CSc1ccc(-c2cncc(S(C)(=O)=O)c2)cc1CC(=O)N1CCC[C@H](C(N)=O)C1,C001,7,lowest-energy,poses/A71EV2A-x6948b/A71EV2A-x6948b_lowest-energy.sdf,A71EV2A-x6948b,1,0.418,0.991,-122.461,-38.080,TRUE,bd4139433b49fbd365456391c267c210db16392555f8a5e126478f89baed61ec,poses/A71EV2A-x6948b/A71EV2A-x6948b_lowest-energy.openstructure.json,0b74253f511b2d829fc62ef8dab25ec85fbf40211cb9068e5805bd97682f4689,poses/A71EV2A-x6948b/A71EV2A-x6948b_lowest-energy.posebusters.csv,689ff4e43d37d02d4df2befc9c4968ba15b6b02cb5e4f7bc2df6c99ad8930cc8
A71EV2A-x6948_A_4000_A_1_A71EV2A-x0526+A+147+0+1_ALIG,CSc1ccc(-c2cncc(S(C)(=O)=O)c2)cc1CC(=O)N1CCC[C@H](C(N)=O)C1,C001,7,best-RMSD,poses/A71EV2A-x6948b/A71EV2A-x6948b_best-RMSD.sdf,A71EV2A-x6948b,5,0.392,0.993,-122.089,-37.610,TRUE,2800d97b63d9adfc73acce4960ce2de138445a42102df8c042832adda31d7169,poses/A71EV2A-x6948b/A71EV2A-x6948b_best-RMSD.openstructure.json,65b50906f6722d4649f9026c0a851547a0888e0e1ec22c7b441d28545bd7f5f7,poses/A71EV2A-x6948b/A71EV2A-x6948b_best-RMSD.posebusters.csv,590b36aef5c1a450bc63010dcc9b47f02b81a3c0d317bee3dfe836906348dd05
A71EV2A-x6035_A_201_0_1_A71EV2A-x0526+A+147+0+1__LIG,CSc1ccc(-c2cncc3ccccc23)cc1CC(=O)N1CCC[C@H](C(N)=O)C1,C001,6,lowest-energy,poses/A71EV2A-x6035a/A71EV2A-x6035a_lowest-energy.sdf,A71EV2A-x6035a,3,0.382,1.000,-109.793,-35.900,TRUE,f6d6f0f8a1a0a050f253616ba689dbb6f3fb1e6c1be5900b9caa7d2b9f650921,poses/A71EV2A-x6035a/A71EV2A-x6035a_lowest-energy.openstructure.json,a2cb6d09e21d9ac36c2f430788641c9a12a4bf7d18a168735103617955ce5b12,poses/A71EV2A-x6035a/A71EV2A-x6035a_lowest-energy.posebusters.csv,f23f43e69301da62eec433931ce31db116ffa9ce79cd7fe5b65437c7a14d90bb
A71EV2A-x6035_A_201_0_1_A71EV2A-x0526+A+147+0+1__LIG,CSc1ccc(-c2cncc3ccccc23)cc1CC(=O)N1CCC[C@H](C(N)=O)C1,C001,6,best-RMSD,poses/A71EV2A-x6035a/A71EV2A-x6035a_best-RMSD.sdf,A71EV2A-x6035a,7,0.361,0.989,-108.422,-34.880,TRUE,1c186554946c78d26b678079e5a9ef44d4ffd07c063d7c859119de284cd6b1f6,poses/A71EV2A-x6035a/A71EV2A-x6035a_best-RMSD.openstructure.json,f80c0a4abb208430d53ed9acee45506b7c2b6f71eab48805e9b22658435497b4,poses/A71EV2A-x6035a/A71EV2A-x6035a_best-RMSD.posebusters.csv,3abb0c2c30fe7c3a417d8c9991b017569da6240d50d5ca66ea306c496f8810f4
A71EV2A-x7002_A_4000_0_1_A71EV2A-x0526+A+147+0+1__LIG,CSc1ccc(-c2cnco2)cc1OC(=O)N1C[C@H](C(N)=O)C[C@H]2C[C@H]21,C005,6,lowest-energy,poses/A71EV2A-x7002a/A71EV2A-x7002a_lowest-energy.sdf,A71EV2A-x7002a,8,2.466,0.700,-46.271,-24.030,TRUE,b8ae3741d485227db0614cf9652e904dc28484e3d4dc1caa5b9fe66dc0fb925e,poses/A71EV2A-x7002a/A71EV2A-x7002a_lowest-energy.openstructure.json,e554eaeba45a65294ada0cd767b384c3b3a23f41e419b3299deac7407dff8934,poses/A71EV2A-x7002a/A71EV2A-x7002a_lowest-energy.posebusters.csv,e09d4b84a73837c272757eeef0c0703dd7e3d785fc9afbee1a2021698cb73d9e
A71EV2A-x7002_A_4000_0_1_A71EV2A-x0526+A+147+0+1__LIG,CSc1ccc(-c2cnco2)cc1OC(=O)N1C[C@H](C(N)=O)C[C@H]2C[C@H]21,C005,6,best-RMSD,poses/A71EV2A-x7002a/A71EV2A-x7002a_best-RMSD.sdf,A71EV2A-x7002a,3,0.981,0.904,18.967,-29.310,TRUE,9db31f503ac391f10d5d14281b5a5967e6b801b03b10d4e81a409cbe479b3d63,poses/A71EV2A-x7002a/A71EV2A-x7002a_best-RMSD.openstructure.json,b52c50d55ff8de416fec08afec9e72b16242989e55fe1eeca0e90f254d68c5b4,poses/A71EV2A-x7002a/A71EV2A-x7002a_best-RMSD.posebusters.csv,28f03f22714b31eb80e8eb69f816bcca4dbe42f34f2ebb6c8d0fb7a037b6bb8a
A71EV2A-x7410_A_4000_0_1_A71EV2A-x0526+A+147+0+1__LIG,CSc1ccc(-c2cnn[nH]2)cc1OC(=O)N1C[C@@H](C(N)=O)C[C@@H]2C[C@@H]21,C005,6,lowest-energy,poses/A71EV2A-x7410a/A71EV2A-x7410a_lowest-energy.sdf,A71EV2A-x7410a,2,0.357,0.992,-50.201,-32.930,TRUE,cf608173b7eab1a11662020ea5632123a97fcbfbce29a37c9f8f2366862ba9bb,poses/A71EV2A-x7410a/A71EV2A-x7410a_lowest-energy.openstructure.json,b7fe12d11a383ab02d46b5022c20150e1ccd5ad6f6795b69137183bf55225373,poses/A71EV2A-x7410a/A71EV2A-x7410a_lowest-energy.posebusters.csv,19b2a8ae7a3a13ec4699c5a6ac8980ee8ad6222315053a2ad3879c20e0ec4068
A71EV2A-x7410_A_4000_0_1_A71EV2A-x0526+A+147+0+1__LIG,CSc1ccc(-c2cnn[nH]2)cc1OC(=O)N1C[C@@H](C(N)=O)C[C@@H]2C[C@@H]21,C005,6,best-RMSD,poses/A71EV2A-x7410a/A71EV2A-x7410a_best-RMSD.sdf,A71EV2A-x7410a,5,0.353,0.985,23.406,-30.220,TRUE,67a8b300c3290bae9270cd7c074abf089591f8e3f2ba5d3fade3d0ea0c476e03,poses/A71EV2A-x7410a/A71EV2A-x7410a_best-RMSD.openstructure.json,e3d01d1f88cecb79a1e2db9da0bfe94cc842d21e2f4b8e9c59c25b32916dea21,poses/A71EV2A-x7410a/A71EV2A-x7410a_best-RMSD.posebusters.csv,36929de70a5d8c0a0700e6f7a4cf11bbbf11d9e93262b66b6d4b89c2030f192a
A71EV2A-x6925_A_4000_0_1_A71EV2A-x0526+A+147+0+1__LIG,CSc1ccc(-c2cnnn2C)cc1CC(=O)N1CCC[C@H](C(N)=O)C1,C001,6,lowest-energy,poses/A71EV2A-x6925a/A71EV2A-x6925a_lowest-energy.sdf,A71EV2A-x6925a,2,0.312,1.000,-93.989,-32.170,TRUE,157d2915d21a9351efa5edf7b494e029cc503a9033f09ac914c01f53f44e7182,poses/A71EV2A-x6925a/A71EV2A-x6925a_lowest-energy.openstructure.json,9cbcdca4a76296b5ca336ca731c2470444d69d03002f75b34a041d281b2412c2,poses/A71EV2A-x6925a/A71EV2A-x6925a_lowest-energy.posebusters.csv,a58d6f317b633ef4fd2c4744ede765e116f7d84666c928c06ae73982609431b3
A71EV2A-x6925_A_4000_0_1_A71EV2A-x0526+A+147+0+1__LIG,CSc1ccc(-c2cnnn2C)cc1CC(=O)N1CCC[C@H](C(N)=O)C1,C001,6,best-RMSD,poses/A71EV2A-x6925a/A71EV2A-x6925a_best-RMSD.sdf,A71EV2A-x6925a,9,0.309,0.993,-93.543,-32.150,TRUE,811185cdacd9750d37ba11c1f3b5b28757614c6c629e3ac4b26203d5034511db,poses/A71EV2A-x6925a/A71EV2A-x6925a_best-RMSD.openstructure.json,eac60a11928ba25338130d42e95bd59d05577e10db3bf2654978229b66cbc172,poses/A71EV2A-x6925a/A71EV2A-x6925a_best-RMSD.posebusters.csv,4789628a177ca95e184fdd4a7953a31ff79d6a25e1ca294ff45629ca74a42cc1
A71EV2A-x5864_A_201_0_1_A71EV2A-x0526+A+147+0+1__LIG,CSc1ccc(-c2csc(C(F)F)c2)cc1CC(=O)N1CCC[C@H](C(N)=O)C1,C001,7,lowest-energy,poses/A71EV2A-x5864a/A71EV2A-x5864a_lowest-energy.sdf,A71EV2A-x5864a,7,0.589,0.981,-111.991,-35.910,TRUE,8e34f256014e951f1a5ef1badb252b414fb8e8a79a2d06ffe4a467fe0094c863,poses/A71EV2A-x5864a/A71EV2A-x5864a_lowest-energy.openstructure.json,3b0740b33625011ad4a38d9a509dcb5cad37cf8cd57ea1b01a5513300d8fc9af,poses/A71EV2A-x5864a/A71EV2A-x5864a_lowest-energy.posebusters.csv,50800793418a3f307e62d15947b80f4eeb69922fdcb696848850497e6e9b2c0e
A71EV2A-x5864_A_201_0_1_A71EV2A-x0526+A+147+0+1__LIG,CSc1ccc(-c2csc(C(F)F)c2)cc1CC(=O)N1CCC[C@H](C(N)=O)C1,C001,7,best-RMSD,poses/A71EV2A-x5864a/A71EV2A-x5864a_best-RMSD.sdf,A71EV2A-x5864a,2,0.510,0.990,-110.881,-35.390,TRUE,4689f2622ce5b8402497f8f841ba491d224d537a50c9d12685423117d6645712,poses/A71EV2A-x5864a/A71EV2A-x5864a_best-RMSD.openstructure.json,c97a40254ff01028deac25cbe4d3f5b2cfa44664b67c6433c36360d2105f44f0,poses/A71EV2A-x5864a/A71EV2A-x5864a_best-RMSD.posebusters.csv,4c9526f94c4195332dacd6de36f42f9274c62070471b41962e00e8d077e6a563
A71EV2A-x7287_A_4000_0_1_A71EV2A-x0526+A+147+0+1__LIG,CSc1ccc(-c2ocnc2C)cc1OC(=O)N1C[C@@H](C(N)=O)C[C@@H]2C[C@@H]21,C005,6,lowest-energy,poses/A71EV2A-x7287a/A71EV2A-x7287a_lowest-energy.sdf,A71EV2A-x7287a,10,0.744,0.944,-49.987,-31.720,TRUE,29ca7d032106fb3c6674612465ce994f87ecb8e75249e085449013939360e3fb,poses/A71EV2A-x7287a/A71EV2A-x7287a_lowest-energy.openstructure.json,ca2c90d3bf3d8437a81a5afe933f05bf54d022b78c8a9d3b3395494dbc871d1e,poses/A71EV2A-x7287a/A71EV2A-x7287a_lowest-energy.posebusters.csv,c8257fe33c40671ed4bc1a678e28b759e71466515b88a03efe52fdb6a3fa72d9
A71EV2A-x7287_A_4000_0_1_A71EV2A-x0526+A+147+0+1__LIG,CSc1ccc(-c2ocnc2C)cc1OC(=O)N1C[C@@H](C(N)=O)C[C@@H]2C[C@@H]21,C005,6,best-RMSD,poses/A71EV2A-x7287a/A71EV2A-x7287a_best-RMSD.sdf,A71EV2A-x7287a,1,0.445,0.982,-40.001,-34.050,TRUE,b9ad12eb111e6bbf36f80d098177660cb1be06ea35b39dca91f53ce5fefb1d70,poses/A71EV2A-x7287a/A71EV2A-x7287a_best-RMSD.openstructure.json,099564d9c1c408f2957757e8c6b2e85ab489577a8ebd3752aed60b713b7a451d,poses/A71EV2A-x7287a/A71EV2A-x7287a_best-RMSD.posebusters.csv,ca12a8c8d346aec946c9515a6fbc104e117212af06191d8566b07d68899a60f0
A71EV2A-x5604_A_201_0_1_A71EV2A-x0526+A+147+0+1__LIG,CSc1ccc(-n2cccn2)cc1CC(=O)N1CCC[C@H](C(N)=O)C1,C001,6,lowest-energy,poses/A71EV2A-x5604a/A71EV2A-x5604a_lowest-energy.sdf,A71EV2A-x5604a,4,0.366,0.995,-101.132,-32.710,TRUE,cabc30b782c18e9b877afea8a53a5d71e8f55b9e99e659b707ac17b93eec39cc,poses/A71EV2A-x5604a/A71EV2A-x5604a_lowest-energy.openstructure.json,74a97583735b79d9a474b056e91fcac5f039317c81e7733be1ce18a7b73556f6,poses/A71EV2A-x5604a/A71EV2A-x5604a_lowest-energy.posebusters.csv,15ba7f146a1d215e9cdcb9166352d9b327c595bec79c41f568993ecf0b8e309c
A71EV2A-x5604_A_201_0_1_A71EV2A-x0526+A+147+0+1__LIG,CSc1ccc(-n2cccn2)cc1CC(=O)N1CCC[C@H](C(N)=O)C1,C001,6,best-RMSD,poses/A71EV2A-x5604a/A71EV2A-x5604a_best-RMSD.sdf,A71EV2A-x5604a,10,0.230,0.998,-101.058,-33.260,TRUE,d8a61311b10889cbca4a0e2a559290473f790bf7b518adb3b9a273617c832f99,poses/A71EV2A-x5604a/A71EV2A-x5604a_best-RMSD.openstructure.json,e98c6bf6b35762e2f0d4912e8c1cafa380d88f5ba56a1bf18fa7484a37436813,poses/A71EV2A-x5604a/A71EV2A-x5604a_best-RMSD.posebusters.csv,a67eaf87cb2cb673c94cbe77ef50c110896354ca531c68aaba6409bc460ec4de
A71EV2A-x5833_A_4000_0_1_A71EV2A-x0526+A+147+0+1__LIG,CSc1ccc(-n2ccnc2)cc1CC(=O)N1CCC[C@H](C(N)=O)C1,C001,6,lowest-energy,poses/A71EV2A-x5833a/A71EV2A-x5833a_lowest-energy.sdf,A71EV2A-x5833a,10,0.418,0.985,-91.329,-33.510,TRUE,64c669ce4bf1f0a8ce9be40a83ab23ea762b56a79012dca5224793c65ba51df1,poses/A71EV2A-x5833a/A71EV2A-x5833a_lowest-energy.openstructure.json,7bbc95c1bd023aceb039d44aab995a0869289db7a0900f207d26857dd2d7c7b9,poses/A71EV2A-x5833a/A71EV2A-x5833a_lowest-energy.posebusters.csv,2105acdd87f3cf003e488f51c3db8d2a2cdaa526e963c66333dcd327bb8611f5
A71EV2A-x5833_A_4000_0_1_A71EV2A-x0526+A+147+0+1__LIG,CSc1ccc(-n2ccnc2)cc1CC(=O)N1CCC[C@H](C(N)=O)C1,C001,6,best-RMSD,poses/A71EV2A-x5833a/A71EV2A-x5833a_best-RMSD.sdf,A71EV2A-x5833a,10,0.418,0.985,-91.329,-33.510,TRUE,5184a571c3ba9e791342a4c0bcb83d07c9af60dbf9e58a8ed8125086b4666c90,poses/A71EV2A-x5833a/A71EV2A-x5833a_best-RMSD.openstructure.json,7bbc95c1bd023aceb039d44aab995a0869289db7a0900f207d26857dd2d7c7b9,poses/A71EV2A-x5833a/A71EV2A-x5833a_best-RMSD.posebusters.csv,2105acdd87f3cf003e488f51c3db8d2a2cdaa526e963c66333dcd327bb8611f5
A71EV2A-x4431_A_201_0_1_A71EV2A-x0526+A+147+0+1__LIG,CSc1ccc(Br)cc1CC(=O)N1CCC[C@H](C(N)=O)C1,C001,5,lowest-energy,poses/A71EV2A-x4431a/A71EV2A-x4431a_lowest-energy.sdf,A71EV2A-x4431a,1,0.342,0.997,-106.618,-31.130,TRUE,e157870b9a08d7d21b2051b4f57057aa8dfb50ca8f1edc2486f398b55e254024,poses/A71EV2A-x4431a/A71EV2A-x4431a_lowest-energy.openstructure.json,1b4f5546020f2fbf2f5eb04e9191f4a43f84fc3ebb7998bced9976aa60caf51a,poses/A71EV2A-x4431a/A71EV2A-x4431a_lowest-energy.posebusters.csv,264609c7d820e326f78b9032e96e3fce7423eddbd5b7bd09f38648efcfb8ae42
A71EV2A-x4431_A_201_0_1_A71EV2A-x0526+A+147+0+1__LIG,CSc1ccc(Br)cc1CC(=O)N1CCC[C@H](C(N)=O)C1,C001,5,best-RMSD,poses/A71EV2A-x4431a/A71EV2A-x4431a_best-RMSD.sdf,A71EV2A-x4431a,4,0.281,1.000,-106.015,-30.510,TRUE,8b39895f48dae315c103717260233dc806d9cfd6dce0f77934f3e5a1becb2c2e,poses/A71EV2A-x4431a/A71EV2A-x4431a_best-RMSD.openstructure.json,bb9a71928ed952b3e98045e592afc37526a4f49b91427d69acb26022f44f6beb,poses/A71EV2A-x4431a/A71EV2A-x4431a_best-RMSD.posebusters.csv,8b0fab92dd00f0c674c4c9e279648896dc1edd7397514d30f91e84f089764f4d
A71EV2A-x5203_A_202_0_1_A71EV2A-x0526+A+147+0+1__LIG,CSc1ccc(Br)cc1CC(=O)N1CCC[C@H](C(N)=O)CC1,C001,5,lowest-energy,poses/A71EV2A-x5203a/A71EV2A-x5203a_lowest-energy.sdf,A71EV2A-x5203a,1,0.257,0.999,-106.401,-35.120,TRUE,1d7026acabb059347924b168edf49f6d96f6950814e1caf1563c1ea4418150ae,poses/A71EV2A-x5203a/A71EV2A-x5203a_lowest-energy.openstructure.json,9a4ae5b8cf62590716e68024d82aed1261e463ddae6a849a558634157dfffa2b,poses/A71EV2A-x5203a/A71EV2A-x5203a_lowest-energy.posebusters.csv,cbbe87558ef40758f0b2ddb72fb584fa34e64f01dbd58f83de2c439faa818058
A71EV2A-x5203_A_202_0_1_A71EV2A-x0526+A+147+0+1__LIG,CSc1ccc(Br)cc1CC(=O)N1CCC[C@H](C(N)=O)CC1,C001,5,best-RMSD,poses/A71EV2A-x5203a/A71EV2A-x5203a_best-RMSD.sdf,A71EV2A-x5203a,3,0.204,1.000,-105.871,-35.060,TRUE,d8708731c57a93735a53084e28a8409b13bf68b78fef0cb3278468b910ebacef,poses/A71EV2A-x5203a/A71EV2A-x5203a_best-RMSD.openstructure.json,c64946fe78e530819e055e76da667b5dc4502314d66d94b38d1a4b23acdd507d,poses/A71EV2A-x5203a/A71EV2A-x5203a_best-RMSD.posebusters.csv,7e851ce4351a48b46863039ea9228746ca3a6ca984a516662050fab76b257ee4
A71EV2A-x5494_A_4000_0_1_A71EV2A-x0526+A+147+0+1__LIG,CSc1ccc(Br)cc1CC(=O)N1CCC[C@H](C(N)=O)[C@@H]1C,C011,5,lowest-energy,poses/A71EV2A-x5494a/A71EV2A-x5494a_lowest-energy.sdf,A71EV2A-x5494a,2,0.242,0.999,-98.009,-30.530,TRUE,120a546c25a69a5ac74bc2a1100498b787b46bd6e0b3a6aa6aa31a8bcf4e3215,poses/A71EV2A-x5494a/A71EV2A-x5494a_lowest-energy.openstructure.json,4a0466e88da45e5ac733e573d9214406d79c590e28ff001e939474aa8060d054,poses/A71EV2A-x5494a/A71EV2A-x5494a_lowest-energy.posebusters.csv,8e51548cd8078f54f27e05af6e8d02b8e6b76f68015f10ad43d8a27d8bb69956
A71EV2A-x5494_A_4000_0_1_A71EV2A-x0526+A+147+0+1__LIG,CSc1ccc(Br)cc1CC(=O)N1CCC[C@H](C(N)=O)[C@@H]1C,C011,5,best-RMSD,poses/A71EV2A-x5494a/A71EV2A-x5494a_best-RMSD.sdf,A71EV2A-x5494a,2,0.242,0.999,-98.009,-30.530,TRUE,23d709a28b9db64f126d128061e859829b758995be45963b5533b2fa6b4c567b,poses/A71EV2A-x5494a/A71EV2A-x5494a_best-RMSD.openstructure.json,4a0466e88da45e5ac733e573d9214406d79c590e28ff001e939474aa8060d054,poses/A71EV2A-x5494a/A71EV2A-x5494a_best-RMSD.posebusters.csv,8e51548cd8078f54f27e05af6e8d02b8e6b76f68015f10ad43d8a27d8bb69956
A71EV2A-x4856_A_201_0_1_A71EV2A-x0526+A+147+0+1__LIG,CSc1ccc(Br)cc1CC(=O)N1CC[C@H](C(N)=O)C1,C001,5,lowest-energy,poses/A71EV2A-x4856a/A71EV2A-x4856a_lowest-energy.sdf,A71EV2A-x4856a,1,0.201,1.000,-114.016,-35.190,TRUE,25aa54009ec8f7d9f03106b6fb1ed9222e5988ce05fb324a6cca6a2a657d8546,poses/A71EV2A-x4856a/A71EV2A-x4856a_lowest-energy.openstructure.json,ce5fd0e5888db19ef9080069075320bc8defe6d4b37d19faf8e77b5af6082fcb,poses/A71EV2A-x4856a/A71EV2A-x4856a_lowest-energy.posebusters.csv,7fc2099b4f22fb67d746905bf60d133c04f1a0803a7d6a249e9f64036b08198e
A71EV2A-x4856_A_201_0_1_A71EV2A-x0526+A+147+0+1__LIG,CSc1ccc(Br)cc1CC(=O)N1CC[C@H](C(N)=O)C1,C001,5,best-RMSD,poses/A71EV2A-x4856a/A71EV2A-x4856a_best-RMSD.sdf,A71EV2A-x4856a,10,0.155,1.000,-113.753,-34.670,TRUE,851ce4d2c43eccac19b0387c5797868b5d5a9788891a726dfdf4dda7b7f93dc9,poses/A71EV2A-x4856a/A71EV2A-x4856a_best-RMSD.openstructure.json,58b82f53c87a1fc4fc1516e9e9b52a5525eb677c6527b8af20a1f9073c6c0153,poses/A71EV2A-x4856a/A71EV2A-x4856a_best-RMSD.posebusters.csv,fd436e9e92bdcf8773f690a6f9689ce69c2be128ddecd414244aaaf77c95e513
A71EV2A-x5388_A_201_0_1_A71EV2A-x0526+A+147+0+1__LIG,CSc1ccc(Br)cc1CC(=O)N1CC[C@](O)(C(N)=O)C1,C011,5,lowest-energy,poses/A71EV2A-x5388a/A71EV2A-x5388a_lowest-energy.sdf,A71EV2A-x5388a,10,0.230,1.000,-110.750,-35.270,TRUE,0c1a2a342fd9e68b27cc120d8e74e107a3b7c92497c117ecf8154d183dc0cb84,poses/A71EV2A-x5388a/A71EV2A-x5388a_lowest-energy.openstructure.json,7c54a7f369e4a347bc0eb6d2cb02fa57921bfc762aa19be7189015ba3c6305ec,poses/A71EV2A-x5388a/A71EV2A-x5388a_lowest-energy.posebusters.csv,553fd45c1ffb94525462d4ef187b0b633496123a06f466128ec5f46ee708a3d4
A71EV2A-x5388_A_201_0_1_A71EV2A-x0526+A+147+0+1__LIG,CSc1ccc(Br)cc1CC(=O)N1CC[C@](O)(C(N)=O)C1,C011,5,best-RMSD,poses/A71EV2A-x5388a/A71EV2A-x5388a_best-RMSD.sdf,A71EV2A-x5388a,4,0.196,1.000,-110.724,-34.330,TRUE,3ba9128a7428c591eb29964a16b1d80897360540ade32b6d8cd1b28aaaf89848,poses/A71EV2A-x5388a/A71EV2A-x5388a_best-RMSD.openstructure.json,42755486564a501cc14ce0b11d753fd9c54206ef1d492a4ff57b2538deab1a38,poses/A71EV2A-x5388a/A71EV2A-x5388a_best-RMSD.posebusters.csv,62bc7615853e8f49e8f665371c5ac4a1aa55b8e636d9760d0a1e11b4461820af
A71EV2A-x5366_A_201_0_1_A71EV2A-x0526+A+147+0+1__LIG,CSc1ccc(Br)cc1CC(=O)N1C[C@@H](C(N)=O)CC[C@H]1C,C011,5,lowest-energy,poses/A71EV2A-x5366b/A71EV2A-x5366b_lowest-energy.sdf,A71EV2A-x5366b,2,0.266,1.000,-111.515,-32.220,TRUE,ecb137ef902f968eb4ba0a0e86c0fb6c9533d740ad59111ea9814c43adc77bb2,poses/A71EV2A-x5366b/A71EV2A-x5366b_lowest-energy.openstructure.json,1fc92a0543ce61f69bc7c588b3c7885f29c0a2ddf926d0e46d3d87034f1a4df7,poses/A71EV2A-x5366b/A71EV2A-x5366b_lowest-energy.posebusters.csv,3db40b1032db43cbb85e8fe2f680ac21bfe1b3cc0d9bbfa666fa92501351231e
A71EV2A-x5366_A_201_0_1_A71EV2A-x0526+A+147+0+1__LIG,CSc1ccc(Br)cc1CC(=O)N1C[C@@H](C(N)=O)CC[C@H]1C,C011,5,best-RMSD,poses/A71EV2A-x5366a/A71EV2A-x5366a_best-RMSD.sdf,A71EV2A-x5366a,3,0.222,1.000,-110.119,-32.190,TRUE,9b6f483463733a05a1a80810702afe1898ec3af5245910e07292c38b03813971,poses/A71EV2A-x5366a/A71EV2A-x5366a_best-RMSD.openstructure.json,dfd091bf1dd721852b16d5112d26e245d4fab3264551d1b588fd70e6ea3887a6,poses/A71EV2A-x5366a/A71EV2A-x5366a_best-RMSD.posebusters.csv,affd57f2f66631c0ed12203faa69ff90c56cfa1bde39384f82a67665498cd353
A71EV2A-x7359_A_4000_0_1_A71EV2A-x0526+A+147+0+1__LIG,CSc1ccc(Br)cc1CC(=O)N1C[C@@H](C(N)=O)[C@@H]2C[C@@H]21,C011,5,lowest-energy,poses/A71EV2A-x7359a/A71EV2A-x7359a_lowest-energy.sdf,A71EV2A-x7359a,9,0.268,0.999,-101.148,-33.300,TRUE,54acbd9a523d9e4f56ab8fdd103b913737dbdf424f2f064ecca81fd359042cba,poses/A71EV2A-x7359a/A71EV2A-x7359a_lowest-energy.openstructure.json,8a8d946500fee8c83eda0b6c15d553b46eb0547eb1a549b92d76ceebaacdba46,poses/A71EV2A-x7359a/A71EV2A-x7359a_lowest-energy.posebusters.csv,d048ced1670b654805254feae3f97f86dd1bb4b52b382755a05a68b5fb7ebd7b
A71EV2A-x7359_A_4000_0_1_A71EV2A-x0526+A+147+0+1__LIG,CSc1ccc(Br)cc1CC(=O)N1C[C@@H](C(N)=O)[C@@H]2C[C@@H]21,C011,5,best-RMSD,poses/A71EV2A-x7359a/A71EV2A-x7359a_best-RMSD.sdf,A71EV2A-x7359a,7,0.254,1.000,-100.470,-33.100,TRUE,7a1f91e3ef0a35097425420e216da96e2d6976b8bd9e42e355535930ec50c446,poses/A71EV2A-x7359a/A71EV2A-x7359a_best-RMSD.openstructure.json,4a98ddd3705d2224916f37111b70f80b11981132314e706b33ac0a178b1063fe,poses/A71EV2A-x7359a/A71EV2A-x7359a_best-RMSD.posebusters.csv,64292ab9f12861c9e832f484c29bf81cd50954708b85ef4762b13b682d36e3ad
A71EV2A-x5339_A_201_0_1_A71EV2A-x0526+A+147+0+1__LIG,CSc1ccc(Br)cc1CC(=O)N1C[C@H](C(N)=O)CC[C@@H]1C,C011,5,lowest-energy,poses/A71EV2A-x5339b/A71EV2A-x5339b_lowest-energy.sdf,A71EV2A-x5339b,5,0.197,1.000,-112.075,-33.660,TRUE,ec049cb0772424996dc2aa94d8f8cab4cd95dd118b824a284251f3f5c9ef9f86,poses/A71EV2A-x5339b/A71EV2A-x5339b_lowest-energy.openstructure.json,cf90be985765f1d5195b2cdefc94c390afda5ede40a916fa477900b323febd32,poses/A71EV2A-x5339b/A71EV2A-x5339b_lowest-energy.posebusters.csv,341576358e1a26156ceeacfdf5be63d39600849d9687b79ee18c9b4248d999bc
A71EV2A-x5339_A_201_0_1_A71EV2A-x0526+A+147+0+1__LIG,CSc1ccc(Br)cc1CC(=O)N1C[C@H](C(N)=O)CC[C@@H]1C,C011,5,best-RMSD,poses/A71EV2A-x5339a/A71EV2A-x5339a_best-RMSD.sdf,A71EV2A-x5339a,1,0.182,1.000,-110.690,-33.480,TRUE,292d34fac6e72234b1718a9261a0984de1f98d566037818d8b10475d07f8e5ed,poses/A71EV2A-x5339a/A71EV2A-x5339a_best-RMSD.openstructure.json,22d06103db13d30fb5e950b73ca42b87e84b10de7d48615e89e65a15d01b7fc0,poses/A71EV2A-x5339a/A71EV2A-x5339a_best-RMSD.posebusters.csv,ae26f4bd4b92d318c5edb219f15b24e4d4e4d468241d6000038a270c1aecb988
A71EV2A-x5247_A_201_0_1_A71EV2A-x0526+A+147+0+1__LIG,CSc1ccc(Br)cc1CC(=O)N1C[C@H](C(N)=O)CC[C@H]1C,C011,5,lowest-energy,poses/A71EV2A-x5247a/A71EV2A-x5247a_lowest-energy.sdf,A71EV2A-x5247a,5,0.566,0.972,-101.825,-35.640,TRUE,7cd4ddb7f2011d1407d249da16b249fa159768ad193be6c6a0d501a01c935a02,poses/A71EV2A-x5247a/A71EV2A-x5247a_lowest-energy.openstructure.json,70c63067b5edc5364bc7b2b87a92297ced3806b454667e0ed130dfc58c6eedb6,poses/A71EV2A-x5247a/A71EV2A-x5247a_lowest-energy.posebusters.csv,a03648f38b493c8c043439c3c939e632f0080a09a933b1183807f998cdea30b4
A71EV2A-x5247_A_201_0_1_A71EV2A-x0526+A+147+0+1__LIG,CSc1ccc(Br)cc1CC(=O)N1C[C@H](C(N)=O)CC[C@H]1C,C011,5,best-RMSD,poses/A71EV2A-x5247a/A71EV2A-x5247a_best-RMSD.sdf,A71EV2A-x5247a,1,0.212,1.000,-10.719,-37.170,TRUE,d498cc4a2f5623574e867c6a04c3ebf991fa8c4dfa6b34225e6e12f188c4847b,poses/A71EV2A-x5247a/A71EV2A-x5247a_best-RMSD.openstructure.json,528bc5677c63473284f673f43b1e40171623bd27c7c57e501e679492357a67de,poses/A71EV2A-x5247a/A71EV2A-x5247a_best-RMSD.posebusters.csv,33316c5d4ec5b29b76ce5a29dea10d5520f0dc75b53c601cdae7997b9f7e3ccf
A71EV2A-x5758_A_4000_0_1_A71EV2A-x0526+A+147+0+1__LIG,CSc1ccc(Br)cc1CC(=O)N1[C@H]2CC[C@H](C(N)=O)[C@@H]1CC2,C011,5,lowest-energy,poses/A71EV2A-x5758b/A71EV2A-x5758b_lowest-energy.sdf,A71EV2A-x5758b,9,0.215,1.000,-99.692,-34.480,TRUE,535276f6e2d472170331eede0f9ec5c051f496580ae894599dc4a5c0ff18eaf4,poses/A71EV2A-x5758b/A71EV2A-x5758b_lowest-energy.openstructure.json,7f7623847ccdb3ec5da87cc1aa829d6590828a23eeac9a8ac1066688429a0cc7,poses/A71EV2A-x5758b/A71EV2A-x5758b_lowest-energy.posebusters.csv,d68d5861dfd0a7c7ba99f6e44ceddb61a2b72b4fb7469211f680286d8da74a25
A71EV2A-x5758_A_4000_0_1_A71EV2A-x0526+A+147+0+1__LIG,CSc1ccc(Br)cc1CC(=O)N1[C@H]2CC[C@H](C(N)=O)[C@@H]1CC2,C011,5,best-RMSD,poses/A71EV2A-x5758b/A71EV2A-x5758b_best-RMSD.sdf,A71EV2A-x5758b,5,0.185,1.000,-99.200,-32.820,TRUE,240715e0f0d913bb149a29f2beaa378a5043f6ae5f42d767abbd6451f1b64c06,poses/A71EV2A-x5758b/A71EV2A-x5758b_best-RMSD.openstructure.json,133af0d8c65d3ba0e1cf5f0707d0658c58049332744a03da6ff2378811faa2d9,poses/A71EV2A-x5758b/A71EV2A-x5758b_best-RMSD.posebusters.csv,3883d16b9d6310d58a0cea8135783307792dba983a0406767f5f335e583cab93
A71EV2A-x7558_A_4000_0_1_A71EV2A-x0526+A+147+0+1__LIG,CSc1ccc(Br)cc1OC(=O)N1C[C@@H](C(N)=O)CC[C@H]1CO,C005,6,lowest-energy,poses/A71EV2A-x7558a/A71EV2A-x7558a_lowest-energy.sdf,A71EV2A-x7558a,2,0.582,0.978,-107.713,-32.550,TRUE,893bf5b4e85a6a65518cee4842d4d9757e054092fb8e243316442247302265e1,poses/A71EV2A-x7558a/A71EV2A-x7558a_lowest-energy.openstructure.json,12c43714ce7cc3f1b9c459a80444ef289deeebb4ae675805207899f7421b1acf,poses/A71EV2A-x7558a/A71EV2A-x7558a_lowest-energy.posebusters.csv,8973c5b46986bf92ff0eade899d4b879d3d1db75012be8540b0936bde4d1ad72
A71EV2A-x7558_A_4000_0_1_A71EV2A-x0526+A+147+0+1__LIG,CSc1ccc(Br)cc1OC(=O)N1C[C@@H](C(N)=O)CC[C@H]1CO,C005,6,best-RMSD,poses/A71EV2A-x7558a/A71EV2A-x7558a_best-RMSD.sdf,A71EV2A-x7558a,6,0.539,0.983,-107.629,-32.520,TRUE,b65819012bb4c473c8e3a7c1d36504246db4b15634ce0511ab61f6bc42211f86,poses/A71EV2A-x7558a/A71EV2A-x7558a_best-RMSD.openstructure.json,0e740067a10c599861971eb290a2f639673c1e40b1b1e04d2eeef60ab2296ea8,poses/A71EV2A-x7558a/A71EV2A-x7558a_best-RMSD.posebusters.csv,763455ca2da18f89cbb3cb7e39938c8498514f7b0333f53f28e5eb7f5b1a02f2
A71EV2A-x5830_A_4000_0_1_A71EV2A-x0526+A+147+0+1__LIG,CSc1ccc(Br)cc1OC(=O)N1C[C@@H](C(N)=O)C[C@@H]2C[C@@H]21,C005,5,lowest-energy,poses/A71EV2A-x5830a/A71EV2A-x5830a_lowest-energy.sdf,A71EV2A-x5830a,3,0.399,0.993,-81.022,-28.780,TRUE,592d552d0eb11871838b2030428d5b02f39fec87927f2fa0d356a435d1b50be2,poses/A71EV2A-x5830a/A71EV2A-x5830a_lowest-energy.openstructure.json,3d8a717a7bf6ae609eee2ed4145173ebba1179767ccefb30f52e780470e6da92,poses/A71EV2A-x5830a/A71EV2A-x5830a_lowest-energy.posebusters.csv,f2ed15672fecf3826907ecca9f42614db848b1a56cbcd1e700d4bf5ba84a6ebc
A71EV2A-x5830_A_4000_0_1_A71EV2A-x0526+A+147+0+1__LIG,CSc1ccc(Br)cc1OC(=O)N1C[C@@H](C(N)=O)C[C@@H]2C[C@@H]21,C005,5,best-RMSD,poses/A71EV2A-x5830a/A71EV2A-x5830a_best-RMSD.sdf,A71EV2A-x5830a,6,0.350,0.997,-79.980,-29.210,TRUE,6a288f403a234d8b03dcb09ca336cfea3206f0d7bd87a6dc75b21eaa0524978a,poses/A71EV2A-x5830a/A71EV2A-x5830a_best-RMSD.openstructure.json,591640877c694ff425ddb650933a6f4ea87adff6ba6e698162e358db39c99290,poses/A71EV2A-x5830a/A71EV2A-x5830a_best-RMSD.posebusters.csv,bafe9b21e92c583f9d04892d86b408af834c7a2359d9aee8133256ec3b42d43c
A71EV2A-x5819_A_4000_0_1_A71EV2A-x0526+A+147+0+1__LIG,CSc1ccc(Br)cc1OC(=O)N1C[C@H](C(N)=O)CC[C@@H]1C,C005,5,lowest-energy,poses/A71EV2A-x5819a/A71EV2A-x5819a_lowest-energy.sdf,A71EV2A-x5819a,5,0.162,1.000,-116.695,-34.730,TRUE,ffa179d12d0911685493e0228450cbc82492566b16bdf29e42c15d8e68c21287,poses/A71EV2A-x5819a/A71EV2A-x5819a_lowest-energy.openstructure.json,176cb24f6240894cb6d4f15ac07a5d5a24f0465e666164e60f3f87a5e840f8ba,poses/A71EV2A-x5819a/A71EV2A-x5819a_lowest-energy.posebusters.csv,2f154a9e244fb7e08f50177b8833fc07bfc98a6f989e46d204485e9c23529cba
A71EV2A-x5819_A_4000_0_1_A71EV2A-x0526+A+147+0+1__LIG,CSc1ccc(Br)cc1OC(=O)N1C[C@H](C(N)=O)CC[C@@H]1C,C005,5,best-RMSD,poses/A71EV2A-x5819b/A71EV2A-x5819b_best-RMSD.sdf,A71EV2A-x5819b,5,0.148,1.000,-114.781,-34.120,TRUE,8f033d68b657041298c2f93ea4de7c35079c7e580986b73c3e654d829126053d,poses/A71EV2A-x5819b/A71EV2A-x5819b_best-RMSD.openstructure.json,5435e4179e4d04ec3e108d990ae53822c4b57d9af46434ebb90bf2346e71ec16,poses/A71EV2A-x5819b/A71EV2A-x5819b_best-RMSD.posebusters.csv,2a60143b1010ca8498624563391834c16d004ba9bd542af4139598d7f9a89505
A71EV2A-x6932_A_4000_0_1_A71EV2A-x0526+A+147+0+1__LIG,CSc1ccc(Br)cc1OC(=O)N1C[C@H](C(N)=O)C[C@H]2C[C@H]21,C005,5,lowest-energy,poses/A71EV2A-x6932a/A71EV2A-x6932a_lowest-energy.sdf,A71EV2A-x6932a,6,2.966,0.585,-58.885,-20.380,TRUE,f4be331f05a724d23a8daa400f784706e2950d5456525d673e43edd8d63770ec,poses/A71EV2A-x6932a/A71EV2A-x6932a_lowest-energy.openstructure.json,c4afeb58f73e6007d4302420652f4c71e669db51c092359c243af7124ce18612,poses/A71EV2A-x6932a/A71EV2A-x6932a_lowest-energy.posebusters.csv,7e01d04c7e89f0e2bb675dd85d86069a46e5f38395b0967238c97b276c83b974
A71EV2A-x6932_A_4000_0_1_A71EV2A-x0526+A+147+0+1__LIG,CSc1ccc(Br)cc1OC(=O)N1C[C@H](C(N)=O)C[C@H]2C[C@H]21,C005,5,best-RMSD,poses/A71EV2A-x6932a/A71EV2A-x6932a_best-RMSD.sdf,A71EV2A-x6932a,9,0.515,0.961,-56.054,-27.910,TRUE,c0fe48a9454aa581d589be5cee27af6fad5b4b15d0f8f3556c6fef28593542c3,poses/A71EV2A-x6932a/A71EV2A-x6932a_best-RMSD.openstructure.json,7796f722ac82d5efd72f0392bae102c17c2073afa8e2be4e6d0b828cdbf36712,poses/A71EV2A-x6932a/A71EV2A-x6932a_best-RMSD.posebusters.csv,82473b5570a435d02449059eb7f3f71a99e9ef209357d51d36b174352a00ce67
A71EV2A-x5891_A_4000_0_1_A71EV2A-x0526+A+147+0+1__LIG,CSc1ccc(Br)cc1[C@@H](NC(=O)OC(C)(C)C)C(=O)N1CC[C@H](C(N)=O)C1,C006,9,lowest-energy,poses/A71EV2A-x5891a/A71EV2A-x5891a_lowest-energy.sdf,A71EV2A-x5891a,5,0.320,0.993,-149.746,-38.360,TRUE,937533bc89383d957c82242588b11d241c0c8fb3614b3113bc9146b4176df577,poses/A71EV2A-x5891a/A71EV2A-x5891a_lowest-energy.openstructure.json,95b5955d5edd1554f5c4f74c306d411a4f47c29a5848e18ed3df81fd50164937,poses/A71EV2A-x5891a/A71EV2A-x5891a_lowest-energy.posebusters.csv,c51af098cd6f02e48918e94827f97abbeed09be48295fa175a7042fcca122017
A71EV2A-x5891_A_4000_0_1_A71EV2A-x0526+A+147+0+1__LIG,CSc1ccc(Br)cc1[C@@H](NC(=O)OC(C)(C)C)C(=O)N1CC[C@H](C(N)=O)C1,C006,9,best-RMSD,poses/A71EV2A-x5891a/A71EV2A-x5891a_best-RMSD.sdf,A71EV2A-x5891a,8,0.257,0.996,-149.304,-37.780,TRUE,4fd64516e7cc8e41947b57b2a6b3c1739484d17434b43aeb6aba01314791634f,poses/A71EV2A-x5891a/A71EV2A-x5891a_best-RMSD.openstructure.json,afa5af18adfe6879745f7fc2809c3d4f1693b98ee78cde0ff793f511d88095ab,poses/A71EV2A-x5891a/A71EV2A-x5891a_best-RMSD.posebusters.csv,a2c6ba3fd685f8a0e5cc6a5121df6738855859966ad5390dcb562135adba94e4
A71EV2A-x7307_A_4000_0_1_A71EV2A-x0526+A+147+0+1__LIG,CSc1ccc(C(=O)N(C)C2CCC(C)(C)CC2)cc1CC(=O)N1CCC[C@H](C(N)=O)C1,C001,8,lowest-energy,poses/A71EV2A-x7307a/A71EV2A-x7307a_lowest-energy.sdf,A71EV2A-x7307a,1,1.603,0.934,-126.319,-36.700,TRUE,1f7a0a2b865ea6cb082ecae66659e14b07098e771b7c1a24c589b821b749a476,poses/A71EV2A-x7307a/A71EV2A-x7307a_lowest-energy.openstructure.json,fbae9751a69b268f75fe769bd6166232f11c6dfaba66e3fc8ce5d1899dd8df10,poses/A71EV2A-x7307a/A71EV2A-x7307a_lowest-energy.posebusters.csv,174d00f71275da95d280bd8a872d0032eeea08fdc7bf7945cb09a8084098c8bd
A71EV2A-x7307_A_4000_0_1_A71EV2A-x0526+A+147+0+1__LIG,CSc1ccc(C(=O)N(C)C2CCC(C)(C)CC2)cc1CC(=O)N1CCC[C@H](C(N)=O)C1,C001,8,best-RMSD,poses/A71EV2A-x7307a/A71EV2A-x7307a_best-RMSD.sdf,A71EV2A-x7307a,10,0.955,0.969,-123.319,-36.380,TRUE,1bc803f8fdce630021b28510cd0c34982a6cced79fe50d31702409d19a236e4d,poses/A71EV2A-x7307a/A71EV2A-x7307a_best-RMSD.openstructure.json,384a2ec1f80c4edc7f234e467cc804731cc647ad76e570c8af4c59c0ddb2b677,poses/A71EV2A-x7307a/A71EV2A-x7307a_best-RMSD.posebusters.csv,19929eed0014c2c5564ecaf09b017d0c45cc20a006cf786fac4b0f8a06cd9d2c
A71EV2A-x7318_A_4000_0_1_A71EV2A-x0526+A+147+0+1__LIG,CSc1ccc(C(=O)N2CC=CCC23CCC3)cc1CC(=O)N1CCC[C@H](C(N)=O)C1,C001,7,lowest-energy,poses/A71EV2A-x7318a/A71EV2A-x7318a_lowest-energy.sdf,A71EV2A-x7318a,7,0.935,0.967,-112.847,-38.040,TRUE,42feb7ddbd7dae876c3216bc21e8d669df28128032469d8b7ae44da0be3d6b1b,poses/A71EV2A-x7318a/A71EV2A-x7318a_lowest-energy.openstructure.json,86e4d91860360faf68934681d6ec40b7f5067fc7c158478118efb12f2964ef5b,poses/A71EV2A-x7318a/A71EV2A-x7318a_lowest-energy.posebusters.csv,43ba969c784d99ab912455b2e6275b7ee47e0fa90048f1006dd249a975efb4c5
A71EV2A-x7318_A_4000_0_1_A71EV2A-x0526+A+147+0+1__LIG,CSc1ccc(C(=O)N2CC=CCC23CCC3)cc1CC(=O)N1CCC[C@H](C(N)=O)C1,C001,7,best-RMSD,poses/A71EV2A-x7318a/A71EV2A-x7318a_best-RMSD.sdf,A71EV2A-x7318a,7,0.935,0.967,-112.847,-38.040,TRUE,87f28f97382aa17e223dfa286689bf7aa58bfd64b2656dd73f6e847df3f18bca,poses/A71EV2A-x7318a/A71EV2A-x7318a_best-RMSD.openstructure.json,86e4d91860360faf68934681d6ec40b7f5067fc7c158478118efb12f2964ef5b,poses/A71EV2A-x7318a/A71EV2A-x7318a_best-RMSD.posebusters.csv,43ba969c784d99ab912455b2e6275b7ee47e0fa90048f1006dd249a975efb4c5
A71EV2A-x6739_A_201_0_1_A71EV2A-x0526+A+147+0+1__LIG,CSc1ccc(C(=O)N2Cc3nccc(C)c3C2)cc1CC(=O)N1CCC[C@H](C(N)=O)C1,C001,7,lowest-energy,poses/A71EV2A-x6739a/A71EV2A-x6739a_lowest-energy.sdf,A71EV2A-x6739a,10,0.249,0.996,-132.137,-39.700,TRUE,4a0b783d69a9c3bcad72c0c86d90e4f50e8e17c6f0120ab2daa004ecbb71222a,poses/A71EV2A-x6739a/A71EV2A-x6739a_lowest-energy.openstructure.json,ac1121e4648901298d3ca86201b3587ff3983d237b61a087a1556dfb14e0030e,poses/A71EV2A-x6739a/A71EV2A-x6739a_lowest-energy.posebusters.csv,e028de7c6a2b6e1a28792bbf91c838cd2758b3356da3169649a7824c712bae22
A71EV2A-x6739_A_201_0_1_A71EV2A-x0526+A+147+0+1__LIG,CSc1ccc(C(=O)N2Cc3nccc(C)c3C2)cc1CC(=O)N1CCC[C@H](C(N)=O)C1,C001,7,best-RMSD,poses/A71EV2A-x6739a/A71EV2A-x6739a_best-RMSD.sdf,A71EV2A-x6739a,10,0.249,0.996,-132.137,-39.700,TRUE,8a3eed18f0c779a2acfd174e7f9bf3301af670f5e380ccd0c77c9a0ce47c14d9,poses/A71EV2A-x6739a/A71EV2A-x6739a_best-RMSD.openstructure.json,ac1121e4648901298d3ca86201b3587ff3983d237b61a087a1556dfb14e0030e,poses/A71EV2A-x6739a/A71EV2A-x6739a_best-RMSD.posebusters.csv,e028de7c6a2b6e1a28792bbf91c838cd2758b3356da3169649a7824c712bae22
A71EV2A-x5512_A_201_0_1_A71EV2A-x0526+A+147+0+1__LIG,CSc1ccc(C(=O)Nc2ccncc2)cc1CC(=O)N1CCC[C@H](C(N)=O)C1,C001,8,lowest-energy,poses/A71EV2A-x5512b/A71EV2A-x5512b_lowest-energy.sdf,A71EV2A-x5512b,6,0.278,0.999,-138.383,-36.790,TRUE,965ee48be0cbd5af89d22f0fa3bec54567a11364ced44c0af8aca1796185fe0e,poses/A71EV2A-x5512b/A71EV2A-x5512b_lowest-energy.openstructure.json,48aafbb1ae7793ca38f9c2e19bb1ee1bdde1569c6e3e69963c4dc0a5955aaa30,poses/A71EV2A-x5512b/A71EV2A-x5512b_lowest-energy.posebusters.csv,61496feed3e1889c65118dcbebd5545ff93247cc3275464fcae18d3217a6cf30
A71EV2A-x5512_A_201_0_1_A71EV2A-x0526+A+147+0+1__LIG,CSc1ccc(C(=O)Nc2ccncc2)cc1CC(=O)N1CCC[C@H](C(N)=O)C1,C001,8,best-RMSD,poses/A71EV2A-x5512b/A71EV2A-x5512b_best-RMSD.sdf,A71EV2A-x5512b,2,0.245,1.000,-138.381,-37.010,TRUE,0ddef2fc093768052e84d66529f39afd1e7b8c5358b61b7357aef3f8520d8030,poses/A71EV2A-x5512b/A71EV2A-x5512b_best-RMSD.openstructure.json,80249684d547d76cefc6fd5910aedc2cad6825128ea9a6c81c1c85f4065fbd86,poses/A71EV2A-x5512b/A71EV2A-x5512b_best-RMSD.posebusters.csv,f6e940bdd3aa9097f24f9d12684a7054f84dadd78757ecbef31ec2d07d94e806
A71EV2A-x7021_A_4000_0_1_A71EV2A-x0526+A+147+0+1__LIG,CSc1ccc(C2=CCOCC2)cc1OC(=O)N1C[C@@H](C(N)=O)C[C@@H]2C[C@@H]21,C005,6,lowest-energy,poses/A71EV2A-x7021a/A71EV2A-x7021a_lowest-energy.sdf,A71EV2A-x7021a,4,0.524,0.956,-27.891,-28.130,TRUE,c06a724a19d36aff1def3b01385d1105a3386ae9176f9930be1be08dd564a06b,poses/A71EV2A-x7021a/A71EV2A-x7021a_lowest-energy.openstructure.json,a468347436fcdf80aadd10c5881eda7e973edbb2078029f571d558ed443b6ad9,poses/A71EV2A-x7021a/A71EV2A-x7021a_lowest-energy.posebusters.csv,f3cda44b7df6aca237e42d0ed6b79ec24e1f2cc67bef4b7c7a5f7c47b9f1ce5c
A71EV2A-x7021_A_4000_0_1_A71EV2A-x0526+A+147+0+1__LIG,CSc1ccc(C2=CCOCC2)cc1OC(=O)N1C[C@@H](C(N)=O)C[C@@H]2C[C@@H]21,C005,6,best-RMSD,poses/A71EV2A-x7021a/A71EV2A-x7021a_best-RMSD.sdf,A71EV2A-x7021a,9,0.508,0.973,19.581,-31.650,TRUE,7d1b4f35463cfe98f3ff38a2dd6ca1669a15e34979abc5c9f1306d4c1ee5a53a,poses/A71EV2A-x7021a/A71EV2A-x7021a_best-RMSD.openstructure.json,d6b4924aa305950696661b61344df14eae39f051954bf0c7c87e7cb3de858e8b,poses/A71EV2A-x7021a/A71EV2A-x7021a_best-RMSD.posebusters.csv,11c572566c93a22f9932d2b5e397fbcdc6866ee27ec86e696d2dd1141295be8e
A71EV2A-x7369_A_4002_0_1_A71EV2A-x0526+A+147+0+1__LIG,CSc1ccc(C2=CC[N@@H+](C)CC2)cc1CC(=O)N1C[C@@H](C(N)=O)C[C@@H]2C[C@@H]21,C005,6,lowest-energy,poses/A71EV2A-x7369b/A71EV2A-x7369b_lowest-energy.sdf,A71EV2A-x7369b,2,0.891,0.942,-65.908,-29.070,TRUE,d32684b623e15000a35175829cbd94d500ad38b975e1409ce185204e335a17c7,poses/A71EV2A-x7369b/A71EV2A-x7369b_lowest-energy.openstructure.json,d9babc091377808a1c30494f404624dd4cd6912dcea19b8fb985c700621d7b6c,poses/A71EV2A-x7369b/A71EV2A-x7369b_lowest-energy.posebusters.csv,1028b13735d3eddc87b9d55c189b72cb520126ee5e43936d5c8bac6c5b277e86
A71EV2A-x7369_A_4002_0_1_A71EV2A-x0526+A+147+0+1__LIG,CSc1ccc(C2=CC[N@@H+](C)CC2)cc1CC(=O)N1C[C@@H](C(N)=O)C[C@@H]2C[C@@H]21,C005,6,best-RMSD,poses/A71EV2A-x7369b/A71EV2A-x7369b_best-RMSD.sdf,A71EV2A-x7369b,4,0.460,0.997,3.703,-36.550,TRUE,a7f84eda920c8b16b5ae107857e374656f83df6edcf15d67e49cb491dd60b255,poses/A71EV2A-x7369b/A71EV2A-x7369b_best-RMSD.openstructure.json,df7ab04a43ea2da13677bcbf4c0bbbd0cb350c297d56cef9f0805cf23cc59e7e,poses/A71EV2A-x7369b/A71EV2A-x7369b_best-RMSD.posebusters.csv,947ed15ac036e87a81158f3bec86d519d7bf716b66d24dea080de8708b84a31e
A71EV2A-x7368_A_4000_0_1_A71EV2A-x0526+A+147+0+1__LIG,CSc1ccc(C2=CC[N@@H+](C)CC2)cc1OC(=O)N1C[C@@H](C(N)=O)C[C@@H]2C[C@@H]21,C005,6,lowest-energy,poses/A71EV2A-x7368a/A71EV2A-x7368a_lowest-energy.sdf,A71EV2A-x7368a,10,9.130,0.142,-2.193,-18.510,TRUE,73f38d3e50faaf13a80e45c0ca17cdf483cc8c6ee9d44e1ce4d941afbc5ec854,poses/A71EV2A-x7368a/A71EV2A-x7368a_lowest-energy.openstructure.json,e09c213163ad7d2f611cf9c24a0b19074d671fc06eb6796d53cd60a3c29e07fe,poses/A71EV2A-x7368a/A71EV2A-x7368a_lowest-energy.posebusters.csv,d97e21157570c6a449fc4efd8729030d9c12b78a3a56d3d87fd5268fa6b2e19f
A71EV2A-x7368_A_4000_0_1_A71EV2A-x0526+A+147+0+1__LIG,CSc1ccc(C2=CC[N@@H+](C)CC2)cc1OC(=O)N1C[C@@H](C(N)=O)C[C@@H]2C[C@@H]21,C005,6,best-RMSD,poses/A71EV2A-x7368a/A71EV2A-x7368a_best-RMSD.sdf,A71EV2A-x7368a,7,0.496,0.981,12.455,-31.100,TRUE,6e3de40cefcd8d3a51bd5880a0ab4eb2e9bc976e80180e17601664f136964bda,poses/A71EV2A-x7368a/A71EV2A-x7368a_best-RMSD.openstructure.json,2f1aeb24b3b06dfe1c9b4f686f241a7e8da0f90ff075abf739f9403c20a23d90,poses/A71EV2A-x7368a/A71EV2A-x7368a_best-RMSD.posebusters.csv,6ffa27839f5ad2b6d90cfdfff90c87299feaebc9278120c6361820ce10716dbe
A71EV2A-x7046_A_4000_0_1_A71EV2A-x0526+A+147+0+1__LIG,CSc1ccc(C2=CC[N@@H+](C)CC2)cc1OC(=O)N1C[C@@H](C(N)=O)C[C@H]2C[C@H]21,C005,6,lowest-energy,poses/A71EV2A-x7046a/A71EV2A-x7046a_lowest-energy.sdf,A71EV2A-x7046a,4,0.768,0.930,-59.202,-28.450,TRUE,9dcb63e5d27b822b986bdda2134209732cf49b1cbd0eb03cc46b55b79493d7b9,poses/A71EV2A-x7046a/A71EV2A-x7046a_lowest-energy.openstructure.json,d89d3efee0163d62ba602317b33d2f1ac61ef6598028dc1bdf35cadec5818375,poses/A71EV2A-x7046a/A71EV2A-x7046a_lowest-energy.posebusters.csv,c72138b4a12dbdcd722bdf08df2b84f90289c73b3d141bcd5db3e49df946b398
A71EV2A-x7046_A_4000_0_1_A71EV2A-x0526+A+147+0+1__LIG,CSc1ccc(C2=CC[N@@H+](C)CC2)cc1OC(=O)N1C[C@@H](C(N)=O)C[C@H]2C[C@H]21,C005,6,best-RMSD,poses/A71EV2A-x7046a/A71EV2A-x7046a_best-RMSD.sdf,A71EV2A-x7046a,4,0.768,0.930,-59.202,-28.450,TRUE,a25a6ca658776c9ea068fa1c047830dd30228113e031ad2f5dab6d306d50c512,poses/A71EV2A-x7046a/A71EV2A-x7046a_best-RMSD.openstructure.json,d89d3efee0163d62ba602317b33d2f1ac61ef6598028dc1bdf35cadec5818375,poses/A71EV2A-x7046a/A71EV2A-x7046a_best-RMSD.posebusters.csv,c72138b4a12dbdcd722bdf08df2b84f90289c73b3d141bcd5db3e49df946b398
A71EV2A-x6827_A_4000_0_1_A71EV2A-x0526+A+147+0+1__LIG,CSc1ccc(C2=CC[NH2+]CC2)cc1CC(=O)N1CCC[C@H](C(N)=O)C1,C001,6,lowest-energy,poses/A71EV2A-x6827a/A71EV2A-x6827a_lowest-energy.sdf,A71EV2A-x6827a,10,0.539,0.972,-115.813,-35.890,TRUE,88169a49810fe026879e859d25255effc2ab2337e500a2c6192d01ed1c86d0fe,poses/A71EV2A-x6827a/A71EV2A-x6827a_lowest-energy.openstructure.json,f0c287a9040c81c7c271e7ec08b08b45ac5953323759edc50876ed8410458c7e,poses/A71EV2A-x6827a/A71EV2A-x6827a_lowest-energy.posebusters.csv,af54d61c1c72eac20be2cc0a9e1d2810ba04e154883d0992921166c643905861
A71EV2A-x6827_A_4000_0_1_A71EV2A-x0526+A+147+0+1__LIG,CSc1ccc(C2=CC[NH2+]CC2)cc1CC(=O)N1CCC[C@H](C(N)=O)C1,C001,6,best-RMSD,poses/A71EV2A-x6827a/A71EV2A-x6827a_best-RMSD.sdf,A71EV2A-x6827a,7,0.396,0.995,-110.272,-35.210,TRUE,8c8a26de15caaec6294b9991c63cc2fdfd9f3d385a10fffe1f39365507c051b3,poses/A71EV2A-x6827a/A71EV2A-x6827a_best-RMSD.openstructure.json,ce5ea29a98d9efcf1f60df3f1500ad4dda5eb8ecf78943cae8a66f0bbcbf6b95,poses/A71EV2A-x6827a/A71EV2A-x6827a_best-RMSD.posebusters.csv,0f6ad886d6a801485f5e839d5c867a0c7220c82df6c10d4da16508eecf809624
A71EV2A-x5276_A_201_0_1_A71EV2A-x0526+A+147+0+1__LIG,CSc1ccc(C2CC2)cc1CC(=O)N1CCC[C@H](C(N)=O)C1,C001,6,lowest-energy,poses/A71EV2A-x5276a/A71EV2A-x5276a_lowest-energy.sdf,A71EV2A-x5276a,7,0.782,0.954,-98.282,-30.590,TRUE,e785d437a54118e6478aa3b8a40d46a6142d068f804642c15b8d338620d1ce73,poses/A71EV2A-x5276a/A71EV2A-x5276a_lowest-energy.openstructure.json,8e679b031a07cd67638a457e72d734c7506ebde916c7029bf4be2f0f94f80078,poses/A71EV2A-x5276a/A71EV2A-x5276a_lowest-energy.posebusters.csv,2c97b6a7ac7dd6b38c9abc17e6619f2f568dec776611972bb707d52913f323fd
A71EV2A-x5276_A_201_0_1_A71EV2A-x0526+A+147+0+1__LIG,CSc1ccc(C2CC2)cc1CC(=O)N1CCC[C@H](C(N)=O)C1,C001,6,best-RMSD,poses/A71EV2A-x5276a/A71EV2A-x5276a_best-RMSD.sdf,A71EV2A-x5276a,2,0.425,0.981,-95.731,-30.490,TRUE,6a888bcc18c70b94e6fbc219b930e9285ad97744621e599eb698dc20a72ce5d8,poses/A71EV2A-x5276a/A71EV2A-x5276a_best-RMSD.openstructure.json,5e65a566ed8911dd91cbb24752c56facbba255d925a6617287d18d673fb80def,poses/A71EV2A-x5276a/A71EV2A-x5276a_best-RMSD.posebusters.csv,64ea4b1ca71847f53e0641ccaeb538643f8a8ed68c47c30b9342883afe940b12
A71EV2A-x4986_A_201_0_1_A71EV2A-x0526+A+147+0+1__LIG,CSc1ccc(N2CCCC2=O)cc1NC(=O)N1CCC[C@H](C(N)=O)C1,C003,6,lowest-energy,poses/A71EV2A-x4986a/A71EV2A-x4986a_lowest-energy.sdf,A71EV2A-x4986a,4,0.230,0.999,-154.273,-42.140,TRUE,76196f13b1eebdc3c158e457c632db915ca86ce0f7cbc73fe185a89d21746741,poses/A71EV2A-x4986a/A71EV2A-x4986a_lowest-energy.openstructure.json,14d9a92a97e6edcca90c2f1cf226c16c8e2741dd73543b5a4812da7711dca2fc,poses/A71EV2A-x4986a/A71EV2A-x4986a_lowest-energy.posebusters.csv,1f8f3e72e58c38291b43f1d3e051bbf3bab479b69fe23c10c9b8bf660a464eaa
A71EV2A-x4986_A_201_0_1_A71EV2A-x0526+A+147+0+1__LIG,CSc1ccc(N2CCCC2=O)cc1NC(=O)N1CCC[C@H](C(N)=O)C1,C003,6,best-RMSD,poses/A71EV2A-x4986a/A71EV2A-x4986a_best-RMSD.sdf,A71EV2A-x4986a,4,0.230,0.999,-154.273,-42.140,TRUE,c1c87d3d652ff4c9a86921270927779aa5f6cf2ac5f392f874b8334c1049077a,poses/A71EV2A-x4986a/A71EV2A-x4986a_best-RMSD.openstructure.json,14d9a92a97e6edcca90c2f1cf226c16c8e2741dd73543b5a4812da7711dca2fc,poses/A71EV2A-x4986a/A71EV2A-x4986a_best-RMSD.posebusters.csv,1f8f3e72e58c38291b43f1d3e051bbf3bab479b69fe23c10c9b8bf660a464eaa
A71EV2A-x5598_A_201_0_1_A71EV2A-x0526+A+147+0+1__LIG,CSc1ccc(N2CCOCC2)cc1NC(=O)N1CCC[C@H](C(N)=O)C1,C003,6,lowest-energy,poses/A71EV2A-x5598a/A71EV2A-x5598a_lowest-energy.sdf,A71EV2A-x5598a,9,0.441,0.977,-133.320,-37.160,TRUE,e1d302c374f363e72174fec5b1637db18dfa3f81cf93551cae77d70706779fd8,poses/A71EV2A-x5598a/A71EV2A-x5598a_lowest-energy.openstructure.json,49a99041030de1b8448ec88833848c41ad923fe1a431e2ed70d1335973184dcc,poses/A71EV2A-x5598a/A71EV2A-x5598a_lowest-energy.posebusters.csv,cec21af88e42f82e5e3bd6a1ee590f4c0cb7234e87f4b191eae9bfaa9eceb975
A71EV2A-x5598_A_201_0_1_A71EV2A-x0526+A+147+0+1__LIG,CSc1ccc(N2CCOCC2)cc1NC(=O)N1CCC[C@H](C(N)=O)C1,C003,6,best-RMSD,poses/A71EV2A-x5598b/A71EV2A-x5598b_best-RMSD.sdf,A71EV2A-x5598b,10,0.359,0.997,-128.073,-35.660,TRUE,d3215c1e55acb3eb63b57516fff8d1d761ffade2221718f93268d83f8ba9008f,poses/A71EV2A-x5598b/A71EV2A-x5598b_best-RMSD.openstructure.json,9b23c2467817bbae074cab31ee7304efcbdab389eeea0127dd9feeb64b6814e9,poses/A71EV2A-x5598b/A71EV2A-x5598b_best-RMSD.posebusters.csv,a0ced40f5408a2d796a8c53e0d4a1b3fdeb0cc3f14631d7fe616337c9eb2acd8
A71EV2A-x5533_A_4000_0_1_A71EV2A-x0526+A+147+0+1__LIG,CSc1ccc(OC2CC2)cc1NC(=O)N1CCC[C@H](C(N)=O)C1,C003,7,lowest-energy,poses/A71EV2A-x5533a/A71EV2A-x5533a_lowest-energy.sdf,A71EV2A-x5533a,10,0.924,0.972,-67.203,-36.720,TRUE,83695eb11b2214cd00d844402de66caefc1b7227427ebfff79119c73ca456425,poses/A71EV2A-x5533a/A71EV2A-x5533a_lowest-energy.openstructure.json,aa9e6cf103e3b9bd7c8cdfabfff0182e6fde01a8796ffbe0a49d75e1923fdc85,poses/A71EV2A-x5533a/A71EV2A-x5533a_lowest-energy.posebusters.csv,339b6939d266f039f562bba4a0fda50a0d9bb36bf2e89649908751037b67ba0d
A71EV2A-x5533_A_4000_0_1_A71EV2A-x0526+A+147+0+1__LIG,CSc1ccc(OC2CC2)cc1NC(=O)N1CCC[C@H](C(N)=O)C1,C003,7,best-RMSD,poses/A71EV2A-x5533a/A71EV2A-x5533a_best-RMSD.sdf,A71EV2A-x5533a,1,0.773,0.968,-51.595,-32.000,TRUE,87a46a71fc8bc37712885e6f02b5392c1f89300440e2e969ec6f2b9c3bcb9c1b,poses/A71EV2A-x5533a/A71EV2A-x5533a_best-RMSD.openstructure.json,1812b4db21b4910980ec50d1488656b65d24927a94b77daf00b490acfdc05273,poses/A71EV2A-x5533a/A71EV2A-x5533a_best-RMSD.posebusters.csv,a4d36152a19a06faa3e67a82f7569ef8a2d81c43a1df8ad50975b0f0ef38125d
A71EV2A-x5449_A_201_0_1_A71EV2A-x0526+A+147+0+1__LIG,CSc1ccc(S(C)(=O)=O)cc1CC(=O)N1CCC[C@H](C(N)=O)C1,C001,6,lowest-energy,poses/A71EV2A-x5449a/A71EV2A-x5449a_lowest-energy.sdf,A71EV2A-x5449a,8,0.232,1.000,-128.045,-37.910,TRUE,69b9d8e2efa53c5d6ff3313ec1514071875465575f53183b7539bf5f48d3cf95,poses/A71EV2A-x5449a/A71EV2A-x5449a_lowest-energy.openstructure.json,9bade02ddd7f498c4defde76cace62929832e66c5015a6ca12b0005247bc5316,poses/A71EV2A-x5449a/A71EV2A-x5449a_lowest-energy.posebusters.csv,4a12197cc5dc52d213c64568f9a28d1bdb8c27cb2c72926fd31963dfad27653a
A71EV2A-x5449_A_201_0_1_A71EV2A-x0526+A+147+0+1__LIG,CSc1ccc(S(C)(=O)=O)cc1CC(=O)N1CCC[C@H](C(N)=O)C1,C001,6,best-RMSD,poses/A71EV2A-x5449a/A71EV2A-x5449a_best-RMSD.sdf,A71EV2A-x5449a,10,0.197,1.000,-127.764,-37.720,TRUE,52c7626fd7b8c0ddeb807b793df9c50e53959b083b95e203890492a042acdd43,poses/A71EV2A-x5449a/A71EV2A-x5449a_best-RMSD.openstructure.json,01bbc214ed86a020c27173c6f17102750085c85b0703868cddb5f606fd24a9e1,poses/A71EV2A-x5449a/A71EV2A-x5449a_best-RMSD.posebusters.csv,b522d472d8e2e44b8517bab5d682743b0c88a1c7ff02652e2fbdaa611ab0be8d
A71EV2A-x5403_A_4000_0_1_A71EV2A-x0526+A+147+0+1__LIG,CSc1ccc(SC(C)(C)C)cc1CC(=O)N1CCC[C@H](C(N)=O)C1,C001,7,lowest-energy,poses/A71EV2A-x5403a/A71EV2A-x5403a_lowest-energy.sdf,A71EV2A-x5403a,7,0.601,0.990,-101.813,-28.720,TRUE,9ad195b680435763ab055ae24ce09d2c7945daa44a73d45f5ff0327a7d0d30f6,poses/A71EV2A-x5403a/A71EV2A-x5403a_lowest-energy.openstructure.json,19ce6ee5540feb718157931b200009dac0e9c4a69897a8e668dda2af623a8fdc,poses/A71EV2A-x5403a/A71EV2A-x5403a_lowest-energy.posebusters.csv,eddf2ca2bbbbd1ec45faca376fca3634add6b66f3c753ab7e24e6a3dd42c1dac
A71EV2A-x5403_A_4000_0_1_A71EV2A-x0526+A+147+0+1__LIG,CSc1ccc(SC(C)(C)C)cc1CC(=O)N1CCC[C@H](C(N)=O)C1,C001,7,best-RMSD,poses/A71EV2A-x5403a/A71EV2A-x5403a_best-RMSD.sdf,A71EV2A-x5403a,7,0.601,0.990,-101.813,-28.720,TRUE,21ca70811e218b84a2834b0e5e3cef5b746668511fdf7c17af82cd095f9c3dd6,poses/A71EV2A-x5403a/A71EV2A-x5403a_best-RMSD.openstructure.json,19ce6ee5540feb718157931b200009dac0e9c4a69897a8e668dda2af623a8fdc,poses/A71EV2A-x5403a/A71EV2A-x5403a_best-RMSD.posebusters.csv,eddf2ca2bbbbd1ec45faca376fca3634add6b66f3c753ab7e24e6a3dd42c1dac
A71EV2A-x5452_A_201_0_1_A71EV2A-x0526+A+147+0+1__LIG,CSc1ccc2c(c1)[C@@H](C(=O)N1CCC[C@H](C(N)=O)C1)CCO2,C023,4,lowest-energy,poses/A71EV2A-x5452b/A71EV2A-x5452b_lowest-energy.sdf,A71EV2A-x5452b,5,0.429,0.992,-106.563,-34.970,TRUE,631ebfdfebf3a0bbbad1036e839a1d53327994093e393d2a8a42de24d129f18e,poses/A71EV2A-x5452b/A71EV2A-x5452b_lowest-energy.openstructure.json,c796fd98e67a0800473556d8016dba0fb3d5eaa58b7eac44b73f00dff2eeac86,poses/A71EV2A-x5452b/A71EV2A-x5452b_lowest-energy.posebusters.csv,c309a1e8df4ac2da78ef612a4397904b19de3bd6ef03abb4516cb9404f5387c3
A71EV2A-x5452_A_201_0_1_A71EV2A-x0526+A+147+0+1__LIG,CSc1ccc2c(c1)[C@@H](C(=O)N1CCC[C@H](C(N)=O)C1)CCO2,C023,4,best-RMSD,poses/A71EV2A-x5452b/A71EV2A-x5452b_best-RMSD.sdf,A71EV2A-x5452b,1,0.269,1.000,-105.029,-34.880,TRUE,283c4052fca4e2ac4058c4fbe184159cfdceb723c683045a787e699b7ce8e642,poses/A71EV2A-x5452b/A71EV2A-x5452b_best-RMSD.openstructure.json,e7245dd5fcdc737d7bccf893b6fb97ba6df1a3d44a33cefa035baac4da67c057,poses/A71EV2A-x5452b/A71EV2A-x5452b_best-RMSD.posebusters.csv,acc514c4bae227ec4760a930786c6693eebadacf3369d7d0d2763988d42601aa
A71EV2A-x5475_A_201_0_1_A71EV2A-x0526+A+147+0+1__LIG,CSc1ccc2c(c1)[C@H](C(=O)N1CCC[C@H](C(N)=O)C1)CCO2,C023,4,lowest-energy,poses/A71EV2A-x5475b/A71EV2A-x5475b_lowest-energy.sdf,A71EV2A-x5475b,1,0.495,0.980,-109.268,-32.110,TRUE,2b643eeae2dd26ec4acd8a858a67810b42414364c64a52b6ee9c5d4163840d20,poses/A71EV2A-x5475b/A71EV2A-x5475b_lowest-energy.openstructure.json,3400290eb9074b263e6b017fcc5ca27bd637b69b5bf86801862f6fa6ac0a322a,poses/A71EV2A-x5475b/A71EV2A-x5475b_lowest-energy.posebusters.csv,05369a02d488b0c67981afb9496f625c82763a9d903fe4e445f9bf5c87646109
A71EV2A-x5475_A_201_0_1_A71EV2A-x0526+A+147+0+1__LIG,CSc1ccc2c(c1)[C@H](C(=O)N1CCC[C@H](C(N)=O)C1)CCO2,C023,4,best-RMSD,poses/A71EV2A-x5475b/A71EV2A-x5475b_best-RMSD.sdf,A71EV2A-x5475b,5,0.471,0.980,-108.954,-32.190,TRUE,b742f36ed3bf87188bfdd5e4e6a8a6498c65fc3318f74db98d784fbbe448f021,poses/A71EV2A-x5475b/A71EV2A-x5475b_best-RMSD.openstructure.json,7d549d4626e6c69307d12f09260a534845d258c1fc2df63da067ae61f8ff742d,poses/A71EV2A-x5475b/A71EV2A-x5475b_best-RMSD.posebusters.csv,c090bc1a12ba713188bc215908d5fbf252865bdaa8211f0499c3a7a9daba66f9
A71EV2A-x5261_A_4000_0_1_A71EV2A-x0526+A+147+0+1__LIG,CSc1ccc2cnccc2c1NC(=O)N1CCC[C@H](C(N)=O)C1,C012,5,lowest-energy,poses/A71EV2A-x5261a/A71EV2A-x5261a_lowest-energy.sdf,A71EV2A-x5261a,8,0.644,0.964,-118.377,-34.510,TRUE,bf9c09ac473d27c55cc82e0d3ca00e97f184249055ea3cf9bb112aaad5b073a1,poses/A71EV2A-x5261a/A71EV2A-x5261a_lowest-energy.openstructure.json,0b2a7af14da2c2149b7301f701ccd893f11544b6a9413fd972dd1ef5ff34cb0d,poses/A71EV2A-x5261a/A71EV2A-x5261a_lowest-energy.posebusters.csv,0bc08f8a3720640c1483698c71ba86be72b209fae6b3fbfd7df5d381887629f0
A71EV2A-x5261_A_4000_0_1_A71EV2A-x0526+A+147+0+1__LIG,CSc1ccc2cnccc2c1NC(=O)N1CCC[C@H](C(N)=O)C1,C012,5,best-RMSD,poses/A71EV2A-x5261a/A71EV2A-x5261a_best-RMSD.sdf,A71EV2A-x5261a,10,0.388,0.989,-117.066,-34.380,TRUE,dfdfeb84987610f571c28fbc0910a6745c988565141f6fe5b1fb658304f01de8,poses/A71EV2A-x5261a/A71EV2A-x5261a_best-RMSD.openstructure.json,a0744190d34d3fc583415a62a7b4283cdca3556c2f1240ccc5efc08b217c910e,poses/A71EV2A-x5261a/A71EV2A-x5261a_best-RMSD.posebusters.csv,33fc6a31ac7bd958f170caea46ea68936102179403fc251904af4d26f4bd4ec7
A71EV2A-x4977_A_201_0_1_A71EV2A-x0526+A+147+0+1__LIG,CSc1ccc2ncccc2c1NC(=O)N1CCC[C@H](C(N)=O)C1,C012,5,lowest-energy,poses/A71EV2A-x4977a/A71EV2A-x4977a_lowest-energy.sdf,A71EV2A-x4977a,9,0.190,1.000,-132.526,-38.150,TRUE,544dadcd03d38e177367372754d478a196fea5e4f8eda52b27a77b0ff05844a8,poses/A71EV2A-x4977a/A71EV2A-x4977a_lowest-energy.openstructure.json,03e03de46ad4428a224d071c37d06329b717a9fb474909a717fe80ce4727ddac,poses/A71EV2A-x4977a/A71EV2A-x4977a_lowest-energy.posebusters.csv,49057ed0cee692c7a32eed5230f00b03991613e3410d3164eabb495514996aa0
A71EV2A-x4977_A_201_0_1_A71EV2A-x0526+A+147+0+1__LIG,CSc1ccc2ncccc2c1NC(=O)N1CCC[C@H](C(N)=O)C1,C012,5,best-RMSD,poses/A71EV2A-x4977a/A71EV2A-x4977a_best-RMSD.sdf,A71EV2A-x4977a,9,0.190,1.000,-132.526,-38.150,TRUE,fa79766b2cde5c07cc9199d803304dadf9906dae03510d6436eb5bb7cff8f68a,poses/A71EV2A-x4977a/A71EV2A-x4977a_best-RMSD.openstructure.json,03e03de46ad4428a224d071c37d06329b717a9fb474909a717fe80ce4727ddac,poses/A71EV2A-x4977a/A71EV2A-x4977a_best-RMSD.posebusters.csv,49057ed0cee692c7a32eed5230f00b03991613e3410d3164eabb495514996aa0
A71EV2A-x5854_A_4000_0_1_A71EV2A-x0526+A+147+0+1__LIG,CSc1ccc2ncccc2c1NC(=O)N1C[C@@H](C(N)=O)C[C@@H]2C[C@@H]21,C012,5,lowest-energy,poses/A71EV2A-x5854a/A71EV2A-x5854a_lowest-energy.sdf,A71EV2A-x5854a,7,0.783,0.945,-61.299,-28.830,TRUE,8b39cbfeb68e52f7910d9b6a4d2e64453d43cd95df199c5e2988602707ee2e3d,poses/A71EV2A-x5854a/A71EV2A-x5854a_lowest-energy.openstructure.json,1b6a6e679b4429468bb516f4d9f63e77a0c989ce7d6875a816948b4e41169dfb,poses/A71EV2A-x5854a/A71EV2A-x5854a_lowest-energy.posebusters.csv,03d7aa0eaceb87d1138bfebb55bde9930ae4e2d8f28350b4dded55eee1b21e75
A71EV2A-x5854_A_4000_0_1_A71EV2A-x0526+A+147+0+1__LIG,CSc1ccc2ncccc2c1NC(=O)N1C[C@@H](C(N)=O)C[C@@H]2C[C@@H]21,C012,5,best-RMSD,poses/A71EV2A-x5854a/A71EV2A-x5854a_best-RMSD.sdf,A71EV2A-x5854a,4,0.637,0.945,-55.406,-26.410,TRUE,78670164a4cd992a3e4dd4344e92dff1fea46dcb1a25723150c5de7c68954447,poses/A71EV2A-x5854a/A71EV2A-x5854a_best-RMSD.openstructure.json,4a65f7c7aad5a2cc8c4912c009b53a543e9be7cadd41c000d345ad1c7d70da12,poses/A71EV2A-x5854a/A71EV2A-x5854a_best-RMSD.posebusters.csv,609ebe3c559cf64d82c792f1b540cd023bfb35a1c46a1d4102dac297888029bc
A71EV2A-x6980_A_4000_0_1_A71EV2A-x0526+A+147+0+1__LIG,CSc1ccc2ncccc2c1NC(=O)N1C[C@@H](C(N)=O)C[C@H]2C[C@H]21,C012,5,lowest-energy,poses/A71EV2A-x6980a/A71EV2A-x6980a_lowest-energy.sdf,A71EV2A-x6980a,8,3.368,0.663,-74.801,-34.460,TRUE,98cc36f5b832e22aa709758623d0d9227e552a434f0e92895362c1fead74cc90,poses/A71EV2A-x6980a/A71EV2A-x6980a_lowest-energy.openstructure.json,e781a7f2b872b7d0514e76848e5772eab6fa83bb8fd9ac4abd5192b44f8acdc2,poses/A71EV2A-x6980a/A71EV2A-x6980a_lowest-energy.posebusters.csv,5c8de471f4d3fd9399b3bc1d0b08cedc982d4ca5d1eefbd91bf7f5aa4d3f6da3
A71EV2A-x6980_A_4000_0_1_A71EV2A-x0526+A+147+0+1__LIG,CSc1ccc2ncccc2c1NC(=O)N1C[C@@H](C(N)=O)C[C@H]2C[C@H]21,C012,5,best-RMSD,poses/A71EV2A-x6980a/A71EV2A-x6980a_best-RMSD.sdf,A71EV2A-x6980a,1,0.200,1.000,-13.552,-36.720,TRUE,f4e0df665016f222b67d821d2e3ca1df061b8488f4505f5547424fe096046d9d,poses/A71EV2A-x6980a/A71EV2A-x6980a_best-RMSD.openstructure.json,073c8fe19c085a9dc73be0913472a36ea0e24a8f8031be61d85ea87e87a84f64,poses/A71EV2A-x6980a/A71EV2A-x6980a_best-RMSD.posebusters.csv,dbf28dbc815fe0daa29de4276bb4debed50436a0c644ad839cf414ad22fc103b
A71EV2A-x7515_A_205_0_1_A71EV2A-x0526+A+147+0+1__LIG,CSc1ccc2ncccc2c1OC(=O)N1C[C@@H](C(N)=O)C[C@@H]2C[C@@H]21,C005,5,lowest-energy,poses/A71EV2A-x7515a/A71EV2A-x7515a_lowest-energy.sdf,A71EV2A-x7515a,1,2.492,0.705,-69.794,-21.910,TRUE,5cf1a8f7e8fa9bed98113aa2deb6b0ab80dd5f0aa28d61ffae9806ee743ff7e8,poses/A71EV2A-x7515a/A71EV2A-x7515a_lowest-energy.openstructure.json,326e400f9f7cf65576a09e47765c30a5f77fb12e1f5e4c9a4db9cccefc662add,poses/A71EV2A-x7515a/A71EV2A-x7515a_lowest-energy.posebusters.csv,df244012db12f11e71a71484769af1616eefe0e6bf6e62d37e0506ce3e132bf3
A71EV2A-x7515_A_205_0_1_A71EV2A-x0526+A+147+0+1__LIG,CSc1ccc2ncccc2c1OC(=O)N1C[C@@H](C(N)=O)C[C@@H]2C[C@@H]21,C005,5,best-RMSD,poses/A71EV2A-x7515a/A71EV2A-x7515a_best-RMSD.sdf,A71EV2A-x7515a,3,0.438,0.979,-31.499,-28.290,TRUE,1e017a9d50f697c8ef0859c5c666e2f41655ea3086c81fbce8a700e077651355,poses/A71EV2A-x7515a/A71EV2A-x7515a_best-RMSD.openstructure.json,f71e62c92a4823449e2a2841df7ec2824fe5786bcd2ac7afc3476cef100bb09b,poses/A71EV2A-x7515a/A71EV2A-x7515a_best-RMSD.posebusters.csv,5e57597d696980ee6e212a519dbd7554cce6eddab772c4e06fe1c9291594c390
A71EV2A-x7461_A_201_0_1_A71EV2A-x0526+A+147+0+1__LIG,CSc1ccc2ncccc2c1OC(=O)N1C[C@@H](C(N)=O)C[C@H]2C[C@H]21,C005,5,lowest-energy,poses/A71EV2A-x7461a/A71EV2A-x7461a_lowest-energy.sdf,A71EV2A-x7461a,4,3.338,0.669,-67.004,-36.130,TRUE,274440ad45baa0457ea3d24d128e07781f3879167a05b384a5285a6ad5c2e81c,poses/A71EV2A-x7461a/A71EV2A-x7461a_lowest-energy.openstructure.json,48060eb9105b6262566a7ad9d5dbc126d7479d329faa4cb1096408929c5aa5bd,poses/A71EV2A-x7461a/A71EV2A-x7461a_lowest-energy.posebusters.csv,cb110190ba252eda031ce9d3e5736b4f1bf6feee220853a4c5b82aa456d82b4f
A71EV2A-x7461_A_201_0_1_A71EV2A-x0526+A+147+0+1__LIG,CSc1ccc2ncccc2c1OC(=O)N1C[C@@H](C(N)=O)C[C@H]2C[C@H]21,C005,5,best-RMSD,poses/A71EV2A-x7461a/A71EV2A-x7461a_best-RMSD.sdf,A71EV2A-x7461a,1,2.923,0.682,22.183,-24.990,TRUE,ac4835d2f8d7072e93fbabdbc2b25027d7a2963474b9a81555d49e54368afdcf,poses/A71EV2A-x7461a/A71EV2A-x7461a_best-RMSD.openstructure.json,2abe4d70cd8716eb182255ed9bab17fbf8097cb34b4907e51c91975f1033fa19,poses/A71EV2A-x7461a/A71EV2A-x7461a_best-RMSD.posebusters.csv,56adb1ef330193dfd0a249a5c33c0bbe548a55a8dc4a5c2b8dcaf901d1047a62
A71EV2A-x7459_A_201_0_1_A71EV2A-x0526+A+147+0+1__LIG,CSc1ccc2ncccc2c1OC(=O)N1C[C@H](C(N)=O)C[C@@H]2C[C@@H]21,C005,5,lowest-energy,poses/A71EV2A-x7459a/A71EV2A-x7459a_lowest-energy.sdf,A71EV2A-x7459a,3,6.050,0.353,-42.833,-18.450,TRUE,dad0ce9ad5aea852fbfd2fe4eca139ef5d67f84959f4026b08b11e4e246eda6e,poses/A71EV2A-x7459a/A71EV2A-x7459a_lowest-energy.openstructure.json,0673c5331a7cae3e67110706b19ef917b8f7ba01ca9a745ceb9d579cd7099337,poses/A71EV2A-x7459a/A71EV2A-x7459a_lowest-energy.posebusters.csv,5a72d33fbda1ebf42ec7e73282e01b98ef0cf58023e8e35d4ca7c2b72acce2da
A71EV2A-x7459_A_201_0_1_A71EV2A-x0526+A+147+0+1__LIG,CSc1ccc2ncccc2c1OC(=O)N1C[C@H](C(N)=O)C[C@@H]2C[C@@H]21,C005,5,best-RMSD,poses/A71EV2A-x7459a/A71EV2A-x7459a_best-RMSD.sdf,A71EV2A-x7459a,1,0.211,1.000,-4.465,-33.140,TRUE,69a6ab8b21bf84f9d9bf079958e809087339e903d3cc5a94f84cef80ecc5fd7c,poses/A71EV2A-x7459a/A71EV2A-x7459a_best-RMSD.openstructure.json,255399ce6818e6e6fc98301ace5d62bbc4b119686c7aabc2f38e7ad8af79aa73,poses/A71EV2A-x7459a/A71EV2A-x7459a_best-RMSD.posebusters.csv,9cf47c86b6a93848ad1bab356a124921627d42152b479f2c9788f1f235ff5a7f
A71EV2A-x7465_A_201_0_1_A71EV2A-x0526+A+147+0+1__LIG,CSc1ccc2ncccc2c1OC(=O)N1C[C@H](C(N)=O)C[C@H]2C[C@H]21,C005,5,lowest-energy,poses/A71EV2A-x7465b/A71EV2A-x7465b_lowest-energy.sdf,A71EV2A-x7465b,6,1.171,0.856,-60.443,-23.110,TRUE,28d79e6f1df157824fbb4f9f6872b53620f302c39e43d6d9b4e86d71339034ff,poses/A71EV2A-x7465b/A71EV2A-x7465b_lowest-energy.openstructure.json,208bacfd1e9792ff6938044eb0fb3249c910a68ee4230e82cfd26c6cb5521935,poses/A71EV2A-x7465b/A71EV2A-x7465b_lowest-energy.posebusters.csv,b88d9c169a984f240967f5915702e281b3bf56c12c0ac2ecabbc8cfe7398e920
A71EV2A-x7465_A_201_0_1_A71EV2A-x0526+A+147+0+1__LIG,CSc1ccc2ncccc2c1OC(=O)N1C[C@H](C(N)=O)C[C@H]2C[C@H]21,C005,5,best-RMSD,poses/A71EV2A-x7465b/A71EV2A-x7465b_best-RMSD.sdf,A71EV2A-x7465b,3,0.655,0.949,18.941,-26.970,TRUE,8cd257bd6e91125cb2d6c68d2a37c345dd7ac8cb71ae1e839b51d531a4e13b2b,poses/A71EV2A-x7465b/A71EV2A-x7465b_best-RMSD.openstructure.json,cb36dc4c7f6af0818177b6b0bb8a9bdb7c22e6204e11a7ae952312ad6710900b,poses/A71EV2A-x7465b/A71EV2A-x7465b_best-RMSD.posebusters.csv,bfa1493ddf00373074071c1c83fee438a5a66e831c854f0b9da9ba9502427b8b
A71EV2A-x5283_A_201_0_1_A71EV2A-x0526+A+147+0+1__LIG,CSc1ccc2scnc2c1NC(=O)N1CCC[C@H](C(N)=O)C1,C012,5,lowest-energy,poses/A71EV2A-x5283a/A71EV2A-x5283a_lowest-energy.sdf,A71EV2A-x5283a,6,0.256,1.000,-125.809,-34.940,TRUE,1cf628287aeaf129b8a9ae7ff8b823101ee5f8ef8b0306386458fbd1a15d2566,poses/A71EV2A-x5283a/A71EV2A-x5283a_lowest-energy.openstructure.json,d374fd12aaf32f21beeaae232ae7fea14b5430bd33b5d2da69626715902cc2b3,poses/A71EV2A-x5283a/A71EV2A-x5283a_lowest-energy.posebusters.csv,280e1790036137c923c0a6e1b7c88637bd66ac1ed6e1f07b5eb88ebac09f542d
A71EV2A-x5283_A_201_0_1_A71EV2A-x0526+A+147+0+1__LIG,CSc1ccc2scnc2c1NC(=O)N1CCC[C@H](C(N)=O)C1,C012,5,best-RMSD,poses/A71EV2A-x5283b/A71EV2A-x5283b_best-RMSD.sdf,A71EV2A-x5283b,1,0.215,1.000,-123.064,-36.310,TRUE,c0490fd2f59c76bcd28a92dafc1673f0912697d0d3a861929e24a39e52c6f23b,poses/A71EV2A-x5283b/A71EV2A-x5283b_best-RMSD.openstructure.json,497f08b5587cee0ef2cb0f15f8af9bcbb871b027fdb1d39c30a131a8ec0d63a7,poses/A71EV2A-x5283b/A71EV2A-x5283b_best-RMSD.posebusters.csv,e782f48932d06802fdbf79897c68faa7c9952dd60ac5387f5e36f8a30a30bad7
A71EV2A-x6955_A_4000_0_1_A71EV2A-x0526+A+147+0+1__LIG,CSc1cccc(-c2cc(C(F)(F)F)nn2C)c1CC(=O)N1CCC[C@H](C(N)=O)C1,C001,7,lowest-energy,poses/A71EV2A-x6955a/A71EV2A-x6955a_lowest-energy.sdf,A71EV2A-x6955a,4,2.102,0.897,-80.536,-36.300,TRUE,59fed29e9fdbf063fdf0ea37575db74319ba5db27b6cf96b8b9c6ac957a8afa1,poses/A71EV2A-x6955a/A71EV2A-x6955a_lowest-energy.openstructure.json,c9038d10569cf7b3df074d4ac4a9e7ffdb10c7b8e828ac7bb82627e898bdd953,poses/A71EV2A-x6955a/A71EV2A-x6955a_lowest-energy.posebusters.csv,b2f2a170fe1bffb91dc3f565063aa830c1991bb0564acb331c215e05c6d91651
A71EV2A-x6955_A_4000_0_1_A71EV2A-x0526+A+147+0+1__LIG,CSc1cccc(-c2cc(C(F)(F)F)nn2C)c1CC(=O)N1CCC[C@H](C(N)=O)C1,C001,7,best-RMSD,poses/A71EV2A-x6955b/A71EV2A-x6955b_best-RMSD.sdf,A71EV2A-x6955b,3,0.732,0.968,-80.304,-33.810,TRUE,b87c81d81964c96149df8c4c9c165c21418cad7b7b0f4ebcf44f0e668588b81c,poses/A71EV2A-x6955b/A71EV2A-x6955b_best-RMSD.openstructure.json,20ab6374f4167b8ed58cce8ea6c5c3b3a3a88bf7e4ffa5f9b46dd6c8c6b2b386,poses/A71EV2A-x6955b/A71EV2A-x6955b_best-RMSD.posebusters.csv,84381dc49613ec032493581e362030572f1a1071d75e5ed96433be4ae0a4458f
A71EV2A-x5884_A_201_0_1_A71EV2A-x0526+A+147+0+1__LIG,CSc1cccc(-c2ccc(C(F)(F)F)cc2C#N)c1CC(=O)N1CCC[C@H](C(N)=O)C1,C001,7,lowest-energy,poses/A71EV2A-x5884a/A71EV2A-x5884a_lowest-energy.sdf,A71EV2A-x5884a,8,0.650,0.981,-100.179,-33.390,TRUE,b02e3e4c6f46696cd814ceafa395812e02b307ed5f0df386c989424c47514c7a,poses/A71EV2A-x5884a/A71EV2A-x5884a_lowest-energy.openstructure.json,e8f26ee5bd084b24c82eb4484835553e1ea02be7240d83aacd3babeb06addec9,poses/A71EV2A-x5884a/A71EV2A-x5884a_lowest-energy.posebusters.csv,3280dd6505237bdeca588a0d8b80dbee3487b3d5c893ff9d759702e82e564ce4
A71EV2A-x5884_A_201_0_1_A71EV2A-x0526+A+147+0+1__LIG,CSc1cccc(-c2ccc(C(F)(F)F)cc2C#N)c1CC(=O)N1CCC[C@H](C(N)=O)C1,C001,7,best-RMSD,poses/A71EV2A-x5884a/A71EV2A-x5884a_best-RMSD.sdf,A71EV2A-x5884a,9,0.353,0.994,-100.107,-33.700,TRUE,4a623cc00ec1e19544f19dea10cdade4a58e9727f40f13344b18adda270be676,poses/A71EV2A-x5884a/A71EV2A-x5884a_best-RMSD.openstructure.json,9f8e806f329e6af9fc4ff314f60132381adefffe78b8f6c96ad096d967eb99ca,poses/A71EV2A-x5884a/A71EV2A-x5884a_best-RMSD.posebusters.csv,8651249be506375b488da04b9fe93fed0810978f2136e37bb2ca12578be8df9c
A71EV2A-x5857_A_4000_0_1_A71EV2A-x0526+A+147+0+1__LIG,CSc1cccc(-c2ccc(C(F)(F)F)o2)c1CC(=O)N1CCC[C@H](C(N)=O)C1,C001,7,lowest-energy,poses/A71EV2A-x5857a/A71EV2A-x5857a_lowest-energy.sdf,A71EV2A-x5857a,8,2.249,0.891,-84.895,-32.590,TRUE,70e64a0d3bd767e7c9d1018f1878e633e593f76d0c5bc0168ba3da87036bc968,poses/A71EV2A-x5857a/A71EV2A-x5857a_lowest-energy.openstructure.json,8d8c921f0e3dd9702175ff09c83cc08b084e615b914335ff36304b092a94f6bd,poses/A71EV2A-x5857a/A71EV2A-x5857a_lowest-energy.posebusters.csv,861d8c9147f0d1553945ca654428aa57850e0f2fd0ba4a479eed865c73ae7622
A71EV2A-x5857_A_4000_0_1_A71EV2A-x0526+A+147+0+1__LIG,CSc1cccc(-c2ccc(C(F)(F)F)o2)c1CC(=O)N1CCC[C@H](C(N)=O)C1,C001,7,best-RMSD,poses/A71EV2A-x5857a/A71EV2A-x5857a_best-RMSD.sdf,A71EV2A-x5857a,3,2.031,0.904,-83.107,-32.720,TRUE,f200d71aac73e68a012f38829953b39ff0ed7e390aa81c6191314c24d9425119,poses/A71EV2A-x5857a/A71EV2A-x5857a_best-RMSD.openstructure.json,fa1cfe1fe360e49cbdc8c619c4c47b5163ce8b7493a1b1fc74b0197eea884876,poses/A71EV2A-x5857a/A71EV2A-x5857a_best-RMSD.posebusters.csv,1cc40cb3853a58c893b17d907feae318387737de8140f2b580ebf17c9abf13c2
A71EV2A-x6028_A_4000_0_1_A71EV2A-x0526+A+147+0+1__LIG,CSc1cccc(-c2cn(C)c(=O)c3ccccc23)c1CC(=O)N1CCC[C@H](C(N)=O)C1,C001,6,lowest-energy,poses/A71EV2A-x6028a/A71EV2A-x6028a_lowest-energy.sdf,A71EV2A-x6028a,7,1.254,0.919,-113.243,-36.230,TRUE,cb1fda492026436469edffdb5fc318b4b1a1af71cb898db48510d8f216e84b26,poses/A71EV2A-x6028a/A71EV2A-x6028a_lowest-energy.openstructure.json,5cbde79b5c714e6fd37a307e550f7b69c1af45945406d20fcd0b0fbb6c1e1f4f,poses/A71EV2A-x6028a/A71EV2A-x6028a_lowest-energy.posebusters.csv,4969024e9f96b9f584bd36f11d6f61f585ed3534691321ad4bdbd77f89652cc6
A71EV2A-x6028_A_4000_0_1_A71EV2A-x0526+A+147+0+1__LIG,CSc1cccc(-c2cn(C)c(=O)c3ccccc23)c1CC(=O)N1CCC[C@H](C(N)=O)C1,C001,6,best-RMSD,poses/A71EV2A-x6028a/A71EV2A-x6028a_best-RMSD.sdf,A71EV2A-x6028a,7,1.254,0.919,-113.243,-36.230,TRUE,ad8fd4fa832359a5cef2eb54e0ce77867fe9109f617e62196f96ca22be7d884e,poses/A71EV2A-x6028a/A71EV2A-x6028a_best-RMSD.openstructure.json,5cbde79b5c714e6fd37a307e550f7b69c1af45945406d20fcd0b0fbb6c1e1f4f,poses/A71EV2A-x6028a/A71EV2A-x6028a_best-RMSD.posebusters.csv,4969024e9f96b9f584bd36f11d6f61f585ed3534691321ad4bdbd77f89652cc6
A71EV2A-x6794_A_4000_0_1_A71EV2A-x0526+A+147+0+1__LIG,CSc1cccc(-c2sccc2C2CC2)c1CC(=O)N1CCC[C@H](C(N)=O)C1,C001,7,lowest-energy,poses/A71EV2A-x6794a/A71EV2A-x6794a_lowest-energy.sdf,A71EV2A-x6794a,4,0.675,0.978,-76.714,-34.900,TRUE,057e62b20a1d2460e5d5006efeae5c48320a84fc9d7e1b6d81dc06155f4a449b,poses/A71EV2A-x6794a/A71EV2A-x6794a_lowest-energy.openstructure.json,762f8b985c257f33451aa947cbef0c36cd9fb52bc99b5ae2c45e09c255ba50f2,poses/A71EV2A-x6794a/A71EV2A-x6794a_lowest-energy.posebusters.csv,c4dbd1122868f8179f62c0836154146dfa7bc7d2a55003a77b7247c8a918f045
A71EV2A-x6794_A_4000_0_1_A71EV2A-x0526+A+147+0+1__LIG,CSc1cccc(-c2sccc2C2CC2)c1CC(=O)N1CCC[C@H](C(N)=O)C1,C001,7,best-RMSD,poses/A71EV2A-x6794a/A71EV2A-x6794a_best-RMSD.sdf,A71EV2A-x6794a,4,0.675,0.978,-76.714,-34.900,TRUE,4fa6b645551026ad3e054d2f828a152466fbb881f0e936737129bac891134b88,poses/A71EV2A-x6794a/A71EV2A-x6794a_best-RMSD.openstructure.json,762f8b985c257f33451aa947cbef0c36cd9fb52bc99b5ae2c45e09c255ba50f2,poses/A71EV2A-x6794a/A71EV2A-x6794a_best-RMSD.posebusters.csv,c4dbd1122868f8179f62c0836154146dfa7bc7d2a55003a77b7247c8a918f045
A71EV2A-x5788_A_4000_0_1_A71EV2A-x0526+A+147+0+1__LIG,CSc1cccc(-n2ccnc2)c1CC(=O)N1CCC[C@H](C(N)=O)C1,C001,6,lowest-energy,poses/A71EV2A-x5788a/A71EV2A-x5788a_lowest-energy.sdf,A71EV2A-x5788a,5,0.512,0.993,-74.264,-30.460,TRUE,db3e5acb986d966bac12259f9c36e33c47d6a7992801f47dbcc1c5773f65acd4,poses/A71EV2A-x5788a/A71EV2A-x5788a_lowest-energy.openstructure.json,701d462848903404af752f5e31586e38fd8d06eb3af3e81e34a8e4dd7052ab12,poses/A71EV2A-x5788a/A71EV2A-x5788a_lowest-energy.posebusters.csv,cdcc0d21a30ab7b30b47f8be691c63fbdf8550483f0a11a37aea59a3978a18f5
A71EV2A-x5788_A_4000_0_1_A71EV2A-x0526+A+147+0+1__LIG,CSc1cccc(-n2ccnc2)c1CC(=O)N1CCC[C@H](C(N)=O)C1,C001,6,best-RMSD,poses/A71EV2A-x5788a/A71EV2A-x5788a_best-RMSD.sdf,A71EV2A-x5788a,7,0.458,0.996,-73.395,-30.530,TRUE,c69bd909a5c21bf5d0ae28ecdb559d89e5f66a33b947c862629a75f1f3639d8b,poses/A71EV2A-x5788a/A71EV2A-x5788a_best-RMSD.openstructure.json,ee39b7ca2993933f4e7a9e626700fad0b7e8e26ad41c12042b2e96229ebbe313,poses/A71EV2A-x5788a/A71EV2A-x5788a_best-RMSD.posebusters.csv,18fd39fa4191fe2085c55e1b5dd080ce500a064030f73d79fb18265f0f3e6bf8
A71EV2A-x4670_A_201_0_1_A71EV2A-x0526+A+147+0+1__LIG,CSc1cccc(Br)c1CC(=O)N1CCC[C@H](C(N)=O)C1,C001,5,lowest-energy,poses/A71EV2A-x4670a/A71EV2A-x4670a_lowest-energy.sdf,A71EV2A-x4670a,9,2.641,0.768,-101.226,-32.170,TRUE,0b4f7f4ebf9f361e428b9110ebd661410a46818c4b916ef5b6bfd94cc98fcf20,poses/A71EV2A-x4670a/A71EV2A-x4670a_lowest-energy.openstructure.json,d65ca82607432b228f25624f68a932c7091d49885f1af42eccb3d7021e0d8d0b,poses/A71EV2A-x4670a/A71EV2A-x4670a_lowest-energy.posebusters.csv,305a42f7c0d11cb73de9f7d9ce6e6ae083790cf8a991364fea30cb95fd63b126
A71EV2A-x4670_A_201_0_1_A71EV2A-x0526+A+147+0+1__LIG,CSc1cccc(Br)c1CC(=O)N1CCC[C@H](C(N)=O)C1,C001,5,best-RMSD,poses/A71EV2A-x4670a/A71EV2A-x4670a_best-RMSD.sdf,A71EV2A-x4670a,5,0.792,0.988,-97.692,-30.290,TRUE,07f3d4e1593125fa5ba5bf545175e2e08cf5858745cc681688da21dce0f335b5,poses/A71EV2A-x4670a/A71EV2A-x4670a_best-RMSD.openstructure.json,3fc1a6ce9b2458d904cec593cfd11a825639f3a0eabea7c96b15e37ebd28b5e9,poses/A71EV2A-x4670a/A71EV2A-x4670a_best-RMSD.posebusters.csv,1700da4f6d6af039876b6baa786f6589ae61e1933b40fa89034778c2fbff1d59
A71EV2A-x6938_A_4000_0_1_A71EV2A-x0526+A+147+0+1__LIG,CSc1cccc(C2=CCCCC2)c1CC(=O)N1CCC[C@H](C(N)=O)C1,C001,6,lowest-energy,poses/A71EV2A-x6938a/A71EV2A-x6938a_lowest-energy.sdf,A71EV2A-x6938a,7,0.349,0.998,-105.274,-34.890,TRUE,753ca782e91170b454e23c2e7983a7a496add7563e9863786e104cd0183f9662,poses/A71EV2A-x6938a/A71EV2A-x6938a_lowest-energy.openstructure.json,a7ca9314339196647440f73814377099e7fe41ac32e1ed193b343af727e999d6,poses/A71EV2A-x6938a/A71EV2A-x6938a_lowest-energy.posebusters.csv,a8c3826ea9018c847012ca1bdb90a5075f1e8ac1d5753d87b29c5175388cc667
A71EV2A-x6938_A_4000_0_1_A71EV2A-x0526+A+147+0+1__LIG,CSc1cccc(C2=CCCCC2)c1CC(=O)N1CCC[C@H](C(N)=O)C1,C001,6,best-RMSD,poses/A71EV2A-x6938a/A71EV2A-x6938a_best-RMSD.sdf,A71EV2A-x6938a,9,0.275,0.999,-105.044,-34.480,TRUE,f58825bab4ae186f6112f37df0d037787e1c11becec912163ff9ea318051ffcf,poses/A71EV2A-x6938a/A71EV2A-x6938a_best-RMSD.openstructure.json,41e46911adad48550de3c3a9542a42b6906e7a525cfc0be2ee57a1b112f77fce,poses/A71EV2A-x6938a/A71EV2A-x6938a_best-RMSD.posebusters.csv,74402ba075f4a543254913cc716c641c059c7e783ab875dbdcb9dd58866750f3
A71EV2A-x4334_A_201_0_1_A71EV2A-x0526+A+147+0+1__LIG,CSc1cccc(CC(=O)N2CCC[C@H](C(N)=O)C2)c1,C001,5,lowest-energy,poses/A71EV2A-x4334b/A71EV2A-x4334b_lowest-energy.sdf,A71EV2A-x4334b,6,0.429,0.989,-110.950,-33.860,TRUE,aebcbc3f54048e529b7b2e7043dcb03798840f7817abf1224efdbec14832fa2a,poses/A71EV2A-x4334b/A71EV2A-x4334b_lowest-energy.openstructure.json,4908d24dd78a75b5645fc853b06bf2b10522597c0dde30d770a280d11ccb691a,poses/A71EV2A-x4334b/A71EV2A-x4334b_lowest-energy.posebusters.csv,7713c2d460752f4d890b7b90566e2e9231dde62e4e84c5513daf4ab7befba2bc
A71EV2A-x4334_A_201_0_1_A71EV2A-x0526+A+147+0+1__LIG,CSc1cccc(CC(=O)N2CCC[C@H](C(N)=O)C2)c1,C001,5,best-RMSD,poses/A71EV2A-x4334a/A71EV2A-x4334a_best-RMSD.sdf,A71EV2A-x4334a,1,0.337,0.991,-107.663,-32.020,TRUE,946f46c092379f0c861bc16b15183e5c0b48a2304cf7011dfa1abad5c3799def,poses/A71EV2A-x4334a/A71EV2A-x4334a_best-RMSD.openstructure.json,9e7d0a0a27f464948fbc30f7ee9c3f7a5e108635b9b554675a35f51894b123a8,poses/A71EV2A-x4334a/A71EV2A-x4334a_best-RMSD.posebusters.csv,5604fdd5df1f87bb5ae71c4a6c90040fe0c5fd1816d5d60c64c3a8ba07d2a0c0
A71EV2A-x4711_A_201_0_1_A71EV2A-x0526+A+147+0+1__LIG,CSc1cccc(CN2C[C@@H](C(N)=O)CCC2=O)c1,C004,4,lowest-energy,poses/A71EV2A-x4711a/A71EV2A-x4711a_lowest-energy.sdf,A71EV2A-x4711a,1,0.630,0.949,-95.520,-28.720,TRUE,1babb4043520b153d408ec115ce87f7af39a79ccc368d5c9d16f7e1a5c85a882,poses/A71EV2A-x4711a/A71EV2A-x4711a_lowest-energy.openstructure.json,c1c8e9d47eddd88a3caaa466a7c012abc296c56de92884f9bd40f3185d84c4d5,poses/A71EV2A-x4711a/A71EV2A-x4711a_lowest-energy.posebusters.csv,999d1ad0c821616129c20cc284d89d2bab27ab3fdf1b1e986e7227204d19137f
A71EV2A-x4711_A_201_0_1_A71EV2A-x0526+A+147+0+1__LIG,CSc1cccc(CN2C[C@@H](C(N)=O)CCC2=O)c1,C004,4,best-RMSD,poses/A71EV2A-x4711a/A71EV2A-x4711a_best-RMSD.sdf,A71EV2A-x4711a,8,0.496,0.970,-91.928,-26.940,TRUE,c007d2bbf3c8ad46370d7002e1f5b6cfb239a9f2e6c26bc2f74731f36073528f,poses/A71EV2A-x4711a/A71EV2A-x4711a_best-RMSD.openstructure.json,f489484e2127ba946fa4ccde0ddabaf998809bfc3eaf24279b2df8a7cdef75ed,poses/A71EV2A-x4711a/A71EV2A-x4711a_best-RMSD.posebusters.csv,c0f705a016b16c77ae9e642e1c9ac225e28922b5a7500f10dd2ce51b41e37115
A71EV2A-x4710_A_201_0_1_A71EV2A-x0526+A+147+0+1__LIG,CSc1cccc(CN2C[C@H](C(N)=O)CCC2=O)c1,C004,4,lowest-energy,poses/A71EV2A-x4710a/A71EV2A-x4710a_lowest-energy.sdf,A71EV2A-x4710a,6,0.364,0.989,-111.419,-36.130,TRUE,e58fdb8ba4027088d1fe7e9a6d20929276314b432135b2372ce21575c17843fe,poses/A71EV2A-x4710a/A71EV2A-x4710a_lowest-energy.openstructure.json,f915364147c63555882e45c6a6849ca147d42664a17a745b665aa0ef0b95d286,poses/A71EV2A-x4710a/A71EV2A-x4710a_lowest-energy.posebusters.csv,357eb280b125f9a8d766bad8d76ca6e6b4efeceb875db3a3442f7ffa98666f28
A71EV2A-x4710_A_201_0_1_A71EV2A-x0526+A+147+0+1__LIG,CSc1cccc(CN2C[C@H](C(N)=O)CCC2=O)c1,C004,4,best-RMSD,poses/A71EV2A-x4710a/A71EV2A-x4710a_best-RMSD.sdf,A71EV2A-x4710a,9,0.249,1.000,-109.677,-35.990,TRUE,c3a016bc8cce5116646d4d43addafc363bec840ec818e863ca95bc7efe217e92,poses/A71EV2A-x4710a/A71EV2A-x4710a_best-RMSD.openstructure.json,9ba9b40811c7d4377f33b28c140bd3f958a49f49a056af8e1ae0ab3c8034d5e6,poses/A71EV2A-x4710a/A71EV2A-x4710a_best-RMSD.posebusters.csv,53806e1f8fe003f0bb0fa1842cfa79801693ed21ecc7154f7436f348d2435c5c
A71EV2A-x5249_A_201_0_1_A71EV2A-x0526+A+147+0+1__LIG,CSc1cccc2c1N(C(=O)N1CCC[C@H](C(N)=O)C1)CCCO2,C001,4,lowest-energy,poses/A71EV2A-x5249a/A71EV2A-x5249a_lowest-energy.sdf,A71EV2A-x5249a,8,0.354,0.997,-106.530,-32.260,TRUE,aafe2c4d112b7c6bbbc748f1aeca1c6795c711096720f01d8b899aac99ac0034,poses/A71EV2A-x5249a/A71EV2A-x5249a_lowest-energy.openstructure.json,1947bf8a3f9d593a213e32969ff239308ed761365288b8824d6a1a1ca2cd0956,poses/A71EV2A-x5249a/A71EV2A-x5249a_lowest-energy.posebusters.csv,569ab20b598ea9edb82afd98c43caea248cdc622fb8117829ff918cc212d5071
A71EV2A-x5249_A_201_0_1_A71EV2A-x0526+A+147+0+1__LIG,CSc1cccc2c1N(C(=O)N1CCC[C@H](C(N)=O)C1)CCCO2,C001,4,best-RMSD,poses/A71EV2A-x5249a/A71EV2A-x5249a_best-RMSD.sdf,A71EV2A-x5249a,3,0.260,1.000,-104.665,-32.450,TRUE,bb51b3cf257bdd9498d410c07731f8e0699945e4fd1fef5b7a0e8af881300496,poses/A71EV2A-x5249a/A71EV2A-x5249a_best-RMSD.openstructure.json,253dbd097e6743dcafb25b0f3bb908d77a0ff3725d2aaf0370debd32e562c565,poses/A71EV2A-x5249a/A71EV2A-x5249a_best-RMSD.posebusters.csv,4cb25cfe4d509344f2d12806e1230d6425f2eb49cc9e766dbfb0e728b6a7dd34
A71EV2A-x5850_A_4000_0_1_A71EV2A-x0526+A+147+0+1__LIG,CSc1cccc2c1[C@@H](C(=O)N1CCC[C@H](C(N)=O)C1)CCC2,C001,4,lowest-energy,poses/A71EV2A-x5850a/A71EV2A-x5850a_lowest-energy.sdf,A71EV2A-x5850a,10,0.450,0.993,-109.931,-33.910,TRUE,854af541ec96cda892e48681a45305e18bed11c8f161cb02cbb29531582b7dbd,poses/A71EV2A-x5850a/A71EV2A-x5850a_lowest-energy.openstructure.json,d8c84874045d84a55c70edea995f8972c2f84cef20552c80a1392c094077dfa6,poses/A71EV2A-x5850a/A71EV2A-x5850a_lowest-energy.posebusters.csv,258cd4454902b0a7187eb363e1bef201415ab5913676b68434244e31881ed0d9
A71EV2A-x5850_A_4000_0_1_A71EV2A-x0526+A+147+0+1__LIG,CSc1cccc2c1[C@@H](C(=O)N1CCC[C@H](C(N)=O)C1)CCC2,C001,4,best-RMSD,poses/A71EV2A-x5850a/A71EV2A-x5850a_best-RMSD.sdf,A71EV2A-x5850a,4,0.358,0.998,-109.724,-33.290,TRUE,613023deeb0b655da468a15438b5957723c420828af2dd5ed5b78d47b8af8b47,poses/A71EV2A-x5850a/A71EV2A-x5850a_best-RMSD.openstructure.json,cebf36ec0e68a10db00b7110771659643aa1d5c36eb583d4fe3175e180d8ff64,poses/A71EV2A-x5850a/A71EV2A-x5850a_best-RMSD.posebusters.csv,fbc29b64d8216cae2006245d286f53e362ad3eb94be6189afc5a7f3fb0908d5e
A71EV2A-x7448_A_4000_0_1_A71EV2A-x0526+A+147+0+1__LIG,CSc1cccc2c1[C@@H](C(=O)N1C[C@@H](C(N)=O)C[C@@H]3C[C@@H]31)CC2,C061,4,lowest-energy,poses/A71EV2A-x7448a/A71EV2A-x7448a_lowest-energy.sdf,A71EV2A-x7448a,2,3.986,0.479,-33.063,-16.060,TRUE,3d294cb72c0d281edd8915ec01e97dd7a6de5d192c94bb97d0318912c373ca65,poses/A71EV2A-x7448a/A71EV2A-x7448a_lowest-energy.openstructure.json,c22efb8871afb4af10c1f7b22248bfd6292bfd76592c087b0ca3428e506bacb8,poses/A71EV2A-x7448a/A71EV2A-x7448a_lowest-energy.posebusters.csv,253b24b1b508e21da24aca48301c3aa32d966f8f07ee5ab604708165108e0f76
A71EV2A-x7448_A_4000_0_1_A71EV2A-x0526+A+147+0+1__LIG,CSc1cccc2c1[C@@H](C(=O)N1C[C@@H](C(N)=O)C[C@@H]3C[C@@H]31)CC2,C061,4,best-RMSD,poses/A71EV2A-x7448a/A71EV2A-x7448a_best-RMSD.sdf,A71EV2A-x7448a,10,0.296,0.994,-27.351,-29.660,TRUE,b12dd61de0f4f45cd076bf6f2c98ca87f463766ae4494ccd414e827286a6d99d,poses/A71EV2A-x7448a/A71EV2A-x7448a_best-RMSD.openstructure.json,b9b2df1432a63384c4ba87c31eae5ac61490eb185e7e3c8b382f45bcebedfe62,poses/A71EV2A-x7448a/A71EV2A-x7448a_best-RMSD.posebusters.csv,d9d356eaeeda0a6c15f844188bd6b645b6ebabf849d58c5d5d865621adc64dc4
A71EV2A-x5687_A_201_0_1_A71EV2A-x0526+A+147+0+1__LIG,CSc1cccc2c1[C@H](C(=O)N1CCC[C@H](C(N)=O)C1)CC2,C001,4,lowest-energy,poses/A71EV2A-x5687a/A71EV2A-x5687a_lowest-energy.sdf,A71EV2A-x5687a,7,2.548,0.743,-89.661,-28.330,TRUE,48c4a35ead9eb07ff864f85dda71d5f019a77365a0b52e6366dd7656fc276f6c,poses/A71EV2A-x5687a/A71EV2A-x5687a_lowest-energy.openstructure.json,9f799791841fd1d2cb23a4e0b31b79c0007544546ba6f2b783ce894ff6f4b81a,poses/A71EV2A-x5687a/A71EV2A-x5687a_lowest-energy.posebusters.csv,a54587d64abbae929d4f54211c93e773cb41cb1b6e1dfc974628e4ac50723f73
A71EV2A-x5687_A_201_0_1_A71EV2A-x0526+A+147+0+1__LIG,CSc1cccc2c1[C@H](C(=O)N1CCC[C@H](C(N)=O)C1)CC2,C001,4,best-RMSD,poses/A71EV2A-x5687a/A71EV2A-x5687a_best-RMSD.sdf,A71EV2A-x5687a,10,1.934,0.752,-77.682,-24.830,TRUE,1db72042ae4b8273893dbba02b254b32b6e8dacefc6822ad17eef39b7d12848b,poses/A71EV2A-x5687a/A71EV2A-x5687a_best-RMSD.openstructure.json,f05aac7f83fe9f999c60ad5016def933da89d56f62039474c8e0d66a48b3c8aa,poses/A71EV2A-x5687a/A71EV2A-x5687a_best-RMSD.posebusters.csv,7e86cfab5d7a92c30427ae868fe1154a28506f225c6678528ef9b560eab00b27
A71EV2A-x5995_A_4000_0_1_A71EV2A-x0526+A+147+0+1__LIG,CSc1cccc2c1[C@H](C(=O)N1CCC[C@H](C(N)=O)C1)CCC2,C001,4,lowest-energy,poses/A71EV2A-x5995a/A71EV2A-x5995a_lowest-energy.sdf,A71EV2A-x5995a,7,0.208,1.000,-110.111,-34.510,TRUE,47bff934ff136802f076a75b94abba3f774c9d1b8d5f91eda43bdb8d35f4656c,poses/A71EV2A-x5995a/A71EV2A-x5995a_lowest-energy.openstructure.json,8e61d0989e979adeeea153881bea051291dab7bf8d2b3ba2a935d961cc262a97,poses/A71EV2A-x5995a/A71EV2A-x5995a_lowest-energy.posebusters.csv,6e9a59f61d4ffb41ae77c57f2ecbabd2501a64aed630960dadddd5df9c317489
A71EV2A-x5995_A_4000_0_1_A71EV2A-x0526+A+147+0+1__LIG,CSc1cccc2c1[C@H](C(=O)N1CCC[C@H](C(N)=O)C1)CCC2,C001,4,best-RMSD,poses/A71EV2A-x5995b/A71EV2A-x5995b_best-RMSD.sdf,A71EV2A-x5995b,7,0.197,1.000,-107.500,-31.830,TRUE,52c286810a10c616acb8361437f21feeb1b228198b3592052d9d7aaa638ea063,poses/A71EV2A-x5995b/A71EV2A-x5995b_best-RMSD.openstructure.json,9bc250e0f90935eb89c261b46e3024edb7b2d2b162f174f5af585b6feca45815,poses/A71EV2A-x5995b/A71EV2A-x5995b_best-RMSD.posebusters.csv,c0c1e574f9e741c594d262a04d7ae1bfd9cba05b24909d403b7ce35ddb2c8e78
A71EV2A-x4846_A_201_0_1_A71EV2A-x0526+A+147+0+1__LIG,CSc1ccccc1C(=O)N1CCC[C@H](C(N)=O)C1,C001,4,lowest-energy,poses/A71EV2A-x4846a/A71EV2A-x4846a_lowest-energy.sdf,A71EV2A-x4846a,9,0.320,0.998,-84.807,-34.250,TRUE,034ef1bdb5dc384665fe4084ad20dbc52a9c40760b9efec6d87375d96142d491,poses/A71EV2A-x4846a/A71EV2A-x4846a_lowest-energy.openstructure.json,873de3f4e680f0770b1f22d74e5fe10b5cb066d40bbda2a0b47aa9eb795c0b9f,poses/A71EV2A-x4846a/A71EV2A-x4846a_lowest-energy.posebusters.csv,bf86c18f4da52ec8b7b918b0d2c412389d5704c66f99840db1accc52c3a468cc
A71EV2A-x4846_A_201_0_1_A71EV2A-x0526+A+147+0+1__LIG,CSc1ccccc1C(=O)N1CCC[C@H](C(N)=O)C1,C001,4,best-RMSD,poses/A71EV2A-x4846a/A71EV2A-x4846a_best-RMSD.sdf,A71EV2A-x4846a,7,0.258,1.000,-84.017,-34.400,TRUE,7a7ff457c4f46d15eb8fedeb8874a0ccea89e23f359af94476e97d66b194e79c,poses/A71EV2A-x4846a/A71EV2A-x4846a_best-RMSD.openstructure.json,17b92acf0d04cd8f4ba09f02e68c785ad5d5a81ca69d591ddfef1db7f4fa4979,poses/A71EV2A-x4846a/A71EV2A-x4846a_best-RMSD.posebusters.csv,aa9604e621f6299a91c114b2f85b1acc1dcee4031f19563ea031a31f61386f9d
A71EV2A-x4715_A_201_A_1_A71EV2A-x0526+A+147+0+1_ALIG,CSc1ccccc1CC(=O)N1CC(O)C1,C001,4,lowest-energy,poses/A71EV2A-x4715b/A71EV2A-x4715b_lowest-energy.sdf,A71EV2A-x4715b,9,0.260,1.000,-66.170,-24.280,TRUE,d9d3a694f986d5ba0826e5b16f9b700452425d7e1e4ca39452f6813daee9cef5,poses/A71EV2A-x4715b/A71EV2A-x4715b_lowest-energy.openstructure.json,068aa21281e953fc9a3a1c4ef344988d2fe216d2b1de934f71c1b088b353c836,poses/A71EV2A-x4715b/A71EV2A-x4715b_lowest-energy.posebusters.csv,57900bb3636deaf45c084c6932e5bc2f7699631c98b9918dc6b682750a198367
A71EV2A-x4715_A_201_A_1_A71EV2A-x0526+A+147+0+1_ALIG,CSc1ccccc1CC(=O)N1CC(O)C1,C001,4,best-RMSD,poses/A71EV2A-x4715b/A71EV2A-x4715b_best-RMSD.sdf,A71EV2A-x4715b,9,0.260,1.000,-66.170,-24.280,TRUE,f1c77f956f26ec397f6516b66c4c75e09b19a4c898c7c4aa1de4cb3e094450bf,poses/A71EV2A-x4715b/A71EV2A-x4715b_best-RMSD.openstructure.json,068aa21281e953fc9a3a1c4ef344988d2fe216d2b1de934f71c1b088b353c836,poses/A71EV2A-x4715b/A71EV2A-x4715b_best-RMSD.posebusters.csv,57900bb3636deaf45c084c6932e5bc2f7699631c98b9918dc6b682750a198367
A71EV2A-x4724_A_201_0_1_A71EV2A-x0526+A+147+0+1__LIG,CSc1ccccc1CC(=O)N1CCC(F)(F)[C@H](C(N)=O)C1,C001,5,lowest-energy,poses/A71EV2A-x4724a/A71EV2A-x4724a_lowest-energy.sdf,A71EV2A-x4724a,10,0.195,1.000,-96.160,-31.640,TRUE,1d177bfcbf0a3237bc3030f18079af8665f34aecb82fcbcd6582ced70b24d8d7,poses/A71EV2A-x4724a/A71EV2A-x4724a_lowest-energy.openstructure.json,c814de8927b4b0ab1c457ce8b9447545d221dcf52c4349b47664f16b4f8894c6,poses/A71EV2A-x4724a/A71EV2A-x4724a_lowest-energy.posebusters.csv,7e948fe0a7310e2ae65b732de281277ce884014411b28f79c0fc852617130da8
A71EV2A-x4724_A_201_0_1_A71EV2A-x0526+A+147+0+1__LIG,CSc1ccccc1CC(=O)N1CCC(F)(F)[C@H](C(N)=O)C1,C001,5,best-RMSD,poses/A71EV2A-x4724a/A71EV2A-x4724a_best-RMSD.sdf,A71EV2A-x4724a,6,0.164,1.000,-95.878,-31.780,TRUE,c9cb069decbbb2562f19efcea237cc56bb541fdcdefa54b6c7e18dc46baedbc2,poses/A71EV2A-x4724a/A71EV2A-x4724a_best-RMSD.openstructure.json,5f1b290c424844c3434edb9150af23570b5da53de7a43625d4c872ef060461d9,poses/A71EV2A-x4724a/A71EV2A-x4724a_best-RMSD.posebusters.csv,2d05818d3db08b6c9e1923e4d45bef05985a6847dd4a7764398dfcb211f4babe
A71EV2A-x4735_A_201_0_1_A71EV2A-x0526+A+147+0+1__LIG,CSc1ccccc1CC(=O)N1CCC[C@@H]1c1cnc[nH]1,C062,5,lowest-energy,poses/A71EV2A-x4735a/A71EV2A-x4735a_lowest-energy.sdf,A71EV2A-x4735a,10,0.640,0.947,-64.358,-26.690,TRUE,35f11526c85f7e8bff6846ede45a90dbf5ec8afee9677c722f19d0e990a37a91,poses/A71EV2A-x4735a/A71EV2A-x4735a_lowest-energy.openstructure.json,6f1bfd83a3a8ccd111fece66fb06c09be1e89a815b2130c0693296e16e7eceaf,poses/A71EV2A-x4735a/A71EV2A-x4735a_lowest-energy.posebusters.csv,585d20ef9d694f72161e1f89c9065685d3483ee5be7953dc102f2da6fc5887b0
A71EV2A-x4735_A_201_0_1_A71EV2A-x0526+A+147+0+1__LIG,CSc1ccccc1CC(=O)N1CCC[C@@H]1c1cnc[nH]1,C062,5,best-RMSD,poses/A71EV2A-x4735a/A71EV2A-x4735a_best-RMSD.sdf,A71EV2A-x4735a,2,0.557,0.957,-64.131,-26.700,TRUE,2ddde42b976bff4ad3a36c3cb8062e89b04f8bb64b92bcb8d8b52b6a77320777,poses/A71EV2A-x4735a/A71EV2A-x4735a_best-RMSD.openstructure.json,81bb2f2ac216c8de24995747f1bc4f1867e40f37661cb02257e4b4bae7f2f9ef,poses/A71EV2A-x4735a/A71EV2A-x4735a_best-RMSD.posebusters.csv,c6aa24e2bcc76a5099c71030dcbe59209544760f6901e3c35a9f0770d014981c
A71EV2A-x4746_A_201_0_1_A71EV2A-x0526+A+147+0+1__LIG,CSc1ccccc1CC(=O)N1CCC[C@H](C(F)F)C1,C001,5,lowest-energy,poses/A71EV2A-x4746a/A71EV2A-x4746a_lowest-energy.sdf,A71EV2A-x4746a,5,2.516,0.731,-75.286,-26.840,TRUE,4918d8f1f6139b0a469121e36b517c5b6e9cfd01494e3426d24c0c64b92d337d,poses/A71EV2A-x4746a/A71EV2A-x4746a_lowest-energy.openstructure.json,3b623b99ac23930692e3efa29a21cb1f5863214564abba8a20b658e5b5243007,poses/A71EV2A-x4746a/A71EV2A-x4746a_lowest-energy.posebusters.csv,75202a4b8a3286d0f27c458893b4b899ff57178534df71144c00ae3cf32ae1e1
A71EV2A-x4746_A_201_0_1_A71EV2A-x0526+A+147+0+1__LIG,CSc1ccccc1CC(=O)N1CCC[C@H](C(F)F)C1,C001,5,best-RMSD,poses/A71EV2A-x4746a/A71EV2A-x4746a_best-RMSD.sdf,A71EV2A-x4746a,3,0.695,0.939,-70.918,-27.710,TRUE,2a05274400790897959aabf0af3d2e7f8f419192b57fcae99b0216bfd48f8414,poses/A71EV2A-x4746a/A71EV2A-x4746a_best-RMSD.openstructure.json,b21e2385d92066feab3bb328ac874aa300d6ce3d95f7b47a38e7d7b31e55c87d,poses/A71EV2A-x4746a/A71EV2A-x4746a_best-RMSD.posebusters.csv,6cd5c34669616a01c6e1ea373848a3c00859748360b227c46819e5c10048ddff
A71EV2A-x4386_A_201_0_1_A71EV2A-x0526+A+147+0+1__LIG,CSc1ccccc1CC(=O)N1CCC[C@H](C(N)=O)C1,C001,5,lowest-energy,poses/A71EV2A-x4386a/A71EV2A-x4386a_lowest-energy.sdf,A71EV2A-x4386a,1,0.294,1.000,-101.423,-30.070,TRUE,3a8c82c218ecbc2d6b71f7fe964c5b6b9b467c636730c3c1731b9fe8366a768f,poses/A71EV2A-x4386a/A71EV2A-x4386a_lowest-energy.openstructure.json,32ec50508f0c57c9981bc55c450592d15955af384f99d9c8e0694b4922715b76,poses/A71EV2A-x4386a/A71EV2A-x4386a_lowest-energy.posebusters.csv,4859be54204b530ca1ee5230eac0217112c5bc32e3dc4541099deb7d46b35a8a
A71EV2A-x4386_A_201_0_1_A71EV2A-x0526+A+147+0+1__LIG,CSc1ccccc1CC(=O)N1CCC[C@H](C(N)=O)C1,C001,5,best-RMSD,poses/A71EV2A-x4386a/A71EV2A-x4386a_best-RMSD.sdf,A71EV2A-x4386a,9,0.239,1.000,-100.749,-30.120,TRUE,8dc3b0c9c17fd45acbafe341fec7579207978bd8f2cb22b3fa8d312e04974d13,poses/A71EV2A-x4386a/A71EV2A-x4386a_best-RMSD.openstructure.json,ba69b9137ffb96696da3229dbf3a74394403328d5e6e9cc39fe98bdd6a2c37df,poses/A71EV2A-x4386a/A71EV2A-x4386a_best-RMSD.posebusters.csv,5f741b4adb2d8a49cf7ae31495060011a8007dd62b05d79993e53a8b24b71636
A71EV2A-x4809_A_201_0_1_A71EV2A-x0526+A+147+0+1__LIG,CSc1ccccc1CC(=O)N1CCC[C@H](CCO)C1,C001,6,lowest-energy,poses/A71EV2A-x4809a/A71EV2A-x4809a_lowest-energy.sdf,A71EV2A-x4809a,7,0.480,0.983,-85.835,-28.720,TRUE,b0634fc217bed2ece9240cf90823db86e2be9b6ae9c0be67b5044f638f2042f3,poses/A71EV2A-x4809a/A71EV2A-x4809a_lowest-energy.openstructure.json,86e73be8bf9e7d43f7a87acf0f3d732c07e6624638d47d089f77c4e44e9d477a,poses/A71EV2A-x4809a/A71EV2A-x4809a_lowest-energy.posebusters.csv,5fabcd09a833a492be0422b56cfc955289a79796f25c0a99895bf08395b338ee
A71EV2A-x4809_A_201_0_1_A71EV2A-x0526+A+147+0+1__LIG,CSc1ccccc1CC(=O)N1CCC[C@H](CCO)C1,C001,6,best-RMSD,poses/A71EV2A-x4809a/A71EV2A-x4809a_best-RMSD.sdf,A71EV2A-x4809a,10,0.360,0.990,-85.315,-28.500,TRUE,7f4b208b53c3e0a3e4144d43a8167b72d93ea9ac9bd7698914d72e5fc37424db,poses/A71EV2A-x4809a/A71EV2A-x4809a_best-RMSD.openstructure.json,a402855d1883469a1cce2dc6181041a430e9058a142e2faad138b18cdcc91aa5,poses/A71EV2A-x4809a/A71EV2A-x4809a_best-RMSD.posebusters.csv,3b6b2809fc485ea8c5a4ca06f2586d1190d732aff66e223afa0d7cc9f5c2baa1
A71EV2A-x4751_A_201_0_1_A71EV2A-x0526+A+147+0+1__LIG,CSc1ccccc1CC(=O)N1CCC[C@H](CF)C1,C001,5,lowest-energy,poses/A71EV2A-x4751a/A71EV2A-x4751a_lowest-energy.sdf,A71EV2A-x4751a,2,0.489,0.967,-80.300,-26.620,TRUE,b17ddea3f0bdcd6e9dae72624496f246a5975a12e40d0d6dcef253aa145d0b15,poses/A71EV2A-x4751a/A71EV2A-x4751a_lowest-energy.openstructure.json,833352b3deea706828c9bf9e4e2149d4aef0ba186b373b34c24f97ee4d461183,poses/A71EV2A-x4751a/A71EV2A-x4751a_lowest-energy.posebusters.csv,e611feea9e314d26124029e5c4707c8bf50057444544d5e96438d41b701a3a85
A71EV2A-x4751_A_201_0_1_A71EV2A-x0526+A+147+0+1__LIG,CSc1ccccc1CC(=O)N1CCC[C@H](CF)C1,C001,5,best-RMSD,poses/A71EV2A-x4751a/A71EV2A-x4751a_best-RMSD.sdf,A71EV2A-x4751a,5,0.414,0.985,-79.805,-26.750,TRUE,169761c62dc8226da3278fa238f36459a7af90115521ff9001127396c0e9cdde,poses/A71EV2A-x4751a/A71EV2A-x4751a_best-RMSD.openstructure.json,c4806d3856aee90b4cb1f20bb13c95e5b18ee1bbf2d7a4291138f4cfd8609fd4,poses/A71EV2A-x4751a/A71EV2A-x4751a_best-RMSD.posebusters.csv,325f52adc92b3d0ebccf2dac74de18880644ff6bbc796850a2409b1393872467
A71EV2A-x4794_A_201_0_1_A71EV2A-x0526+A+147+0+1__LIG,CSc1ccccc1CC(=O)N1CCC[C@H](O)C1,C001,4,lowest-energy,poses/A71EV2A-x4794a/A71EV2A-x4794a_lowest-energy.sdf,A71EV2A-x4794a,4,0.493,0.973,-87.359,-26.920,TRUE,66a519368c507ac4b82bf17ffca2a6295b7705105df87b34c8b5d7eba94adeac,poses/A71EV2A-x4794a/A71EV2A-x4794a_lowest-energy.openstructure.json,be2e9f9a6c28f3c66d9a0496e5dce4bbb7cc2d28e7fc84095c871fb3d6bb1491,poses/A71EV2A-x4794a/A71EV2A-x4794a_lowest-energy.posebusters.csv,96647ee5346eb29f61868202e518167a864262f71856dbba5892ddffd3e2fbc9
A71EV2A-x4794_A_201_0_1_A71EV2A-x0526+A+147+0+1__LIG,CSc1ccccc1CC(=O)N1CCC[C@H](O)C1,C001,4,best-RMSD,poses/A71EV2A-x4794a/A71EV2A-x4794a_best-RMSD.sdf,A71EV2A-x4794a,9,0.491,0.973,-86.926,-27.250,TRUE,ac089682e5a60640456a46b00629827597b0a6f49eb90a847030edb567543e51,poses/A71EV2A-x4794a/A71EV2A-x4794a_best-RMSD.openstructure.json,b799310b66143ee2b6920843c8676f50a1e257d97d84bb2302b4a285f144f33e,poses/A71EV2A-x4794a/A71EV2A-x4794a_best-RMSD.posebusters.csv,ca4fc8af2f46412b0d37ea082ae4d84d5a1dd63b383b3053cb4b651fc6935105
A71EV2A-x4745_A_201_0_1_A71EV2A-x0526+A+147+0+1__LIG,CSc1ccccc1CC(=O)N1CCC[C@H](S(N)(=O)=O)C1,C001,5,lowest-energy,poses/A71EV2A-x4745a/A71EV2A-x4745a_lowest-energy.sdf,A71EV2A-x4745a,6,0.421,0.990,-105.391,-31.690,TRUE,bae4a05d06c8573cd0300b9779436b137b5bf2fed1b7fedb511144ee86e99507,poses/A71EV2A-x4745a/A71EV2A-x4745a_lowest-energy.openstructure.json,a98126bd69bbd4af3e68ef26c9afc74483345eb5759e9d70592f7210713164f2,poses/A71EV2A-x4745a/A71EV2A-x4745a_lowest-energy.posebusters.csv,9d46d17ca71af3753d0fc8054ffa667e25bc5d6e05388d338f03d5989e0d21b9
A71EV2A-x4745_A_201_0_1_A71EV2A-x0526+A+147+0+1__LIG,CSc1ccccc1CC(=O)N1CCC[C@H](S(N)(=O)=O)C1,C001,5,best-RMSD,poses/A71EV2A-x4745a/A71EV2A-x4745a_best-RMSD.sdf,A71EV2A-x4745a,1,0.377,0.996,-104.128,-30.830,TRUE,ee6a59a36faea29711ce9c14fff7c4be6669532fa7ae5b53ebc6781776b9b643,poses/A71EV2A-x4745a/A71EV2A-x4745a_best-RMSD.openstructure.json,e7a52cb921475ac001cb7af2bbcdaa36ef23e4170fce2c4dc27847c2111c0db1,poses/A71EV2A-x4745a/A71EV2A-x4745a_best-RMSD.posebusters.csv,c7d60549a8abb4386a84092656e6aed5a11924cfe7b3c03e328902f702415e1c
A71EV2A-x4791_A_201_0_1_A71EV2A-x0526+A+147+0+1__LIG,CSc1ccccc1CC(=O)N1CCC[C@H]2C(=O)NC[C@H]21,C001,4,lowest-energy,poses/A71EV2A-x4791a/A71EV2A-x4791a_lowest-energy.sdf,A71EV2A-x4791a,9,0.511,0.982,-69.212,-22.370,TRUE,95199df41568860366d1e2d09b9745d5425a51c549fa3d38b3b667d55c4fd216,poses/A71EV2A-x4791a/A71EV2A-x4791a_lowest-energy.openstructure.json,5614f7198ae83ab59d847a46669b1f2559d4944eebd0fcfda29689672e12085f,poses/A71EV2A-x4791a/A71EV2A-x4791a_lowest-energy.posebusters.csv,a29c2e511afe6bcf14795bbf59df573fe743adedf420f5796a761f294e5b1f4e
A71EV2A-x4791_A_201_0_1_A71EV2A-x0526+A+147+0+1__LIG,CSc1ccccc1CC(=O)N1CCC[C@H]2C(=O)NC[C@H]21,C001,4,best-RMSD,poses/A71EV2A-x4791a/A71EV2A-x4791a_best-RMSD.sdf,A71EV2A-x4791a,9,0.511,0.982,-69.212,-22.370,TRUE,4d3cf0dc464b090e6aae6bbfb9f4ba80b5a436aa687c24c0b5562651fc2b32a5,poses/A71EV2A-x4791a/A71EV2A-x4791a_best-RMSD.openstructure.json,5614f7198ae83ab59d847a46669b1f2559d4944eebd0fcfda29689672e12085f,poses/A71EV2A-x4791a/A71EV2A-x4791a_best-RMSD.posebusters.csv,a29c2e511afe6bcf14795bbf59df573fe743adedf420f5796a761f294e5b1f4e
A71EV2A-x4753_A_201_0_1_A71EV2A-x0526+A+147+0+1__LIG,CSc1ccccc1CC(=O)N1CCC[C@](F)(C(N)=O)C1,C001,5,lowest-energy,poses/A71EV2A-x4753a/A71EV2A-x4753a_lowest-energy.sdf,A71EV2A-x4753a,2,0.354,0.992,-99.894,-28.970,TRUE,3a54c99fb7fc9906d9c0a0e8fe65551aecca398b39aa3923e34ad2da1cf0f780,poses/A71EV2A-x4753a/A71EV2A-x4753a_lowest-energy.openstructure.json,77af354300edeea48a536ae71116c926a16865eb123f8f413b7d709c5bf66241,poses/A71EV2A-x4753a/A71EV2A-x4753a_lowest-energy.posebusters.csv,d172db02f07e96c496c160efa91784761f4cb48ada292554780c2a103c7db733
A71EV2A-x4753_A_201_0_1_A71EV2A-x0526+A+147+0+1__LIG,CSc1ccccc1CC(=O)N1CCC[C@](F)(C(N)=O)C1,C001,5,best-RMSD,poses/A71EV2A-x4753a/A71EV2A-x4753a_best-RMSD.sdf,A71EV2A-x4753a,6,0.287,0.992,-99.715,-28.710,TRUE,6869e298f2bb35a460e6665866cb7dd49a4ef472903193914699c2bba3fb9864,poses/A71EV2A-x4753a/A71EV2A-x4753a_best-RMSD.openstructure.json,3431df9c5839fe09b4c2f23761a797f56b4a60e4c440624fd29b967a2479c9b8,poses/A71EV2A-x4753a/A71EV2A-x4753a_best-RMSD.posebusters.csv,0512b23c7983e950a4f8364ceceb2c89c73e58a65b33b7da00e437ab80f7debd
A71EV2A-x4894_A_201_0_1_A71EV2A-x0526+A+147+0+1__LIG,CSc1ccccc1CC(=O)N1CCC[C@](O)(C(N)=O)C1,C001,5,lowest-energy,poses/A71EV2A-x4940a/A71EV2A-x4940a_lowest-energy.sdf,A71EV2A-x4940a,2,0.373,0.991,-105.696,-34.250,TRUE,7600c3edb5cdbb9484dc866b19a9f73cb0ac718443e7bfdf62223fa706c12caf,poses/A71EV2A-x4940a/A71EV2A-x4940a_lowest-energy.openstructure.json,c997441a3d5a41e140942eea8321fe1eb40fc2676313daad55b9648d56bb9aa5,poses/A71EV2A-x4940a/A71EV2A-x4940a_lowest-energy.posebusters.csv,1bcb6571aec0fabd0988c3f3a3b36606d30dcca3df087844b4e29ecabb2d1017
A71EV2A-x4894_A_201_0_1_A71EV2A-x0526+A+147+0+1__LIG,CSc1ccccc1CC(=O)N1CCC[C@](O)(C(N)=O)C1,C001,5,best-RMSD,poses/A71EV2A-x4940a/A71EV2A-x4940a_best-RMSD.sdf,A71EV2A-x4940a,3,0.280,0.997,-105.206,-33.760,TRUE,b8b59ddcc165472e8c48b542a55b8d353adcc099cb8890714576d00a5ed174f0,poses/A71EV2A-x4940a/A71EV2A-x4940a_best-RMSD.openstructure.json,f8a3e4c7efad9e2c46e2d6fd69402ee0a20b09af8da6b2f1cb5c0ba88726a91f,poses/A71EV2A-x4940a/A71EV2A-x4940a_best-RMSD.posebusters.csv,ea36186bf469a5fee43f300f186a280862acb9948199b2ec015b676126936e91
A71EV2A-x4721_A_201_0_1_A71EV2A-x0526+A+147+0+1__LIG,CSc1ccccc1CC(=O)N1CCNC(=O)C1,C001,4,lowest-energy,poses/A71EV2A-x4721a/A71EV2A-x4721a_lowest-energy.sdf,A71EV2A-x4721a,9,3.580,0.607,-85.815,-24.820,TRUE,66b5258e8c89ecb867a915061ad0f1cd40eb7731f56db011f6e0f5bd237ea55f,poses/A71EV2A-x4721a/A71EV2A-x4721a_lowest-energy.openstructure.json,82f7dfc60e3fd25f2e64be546e1cff6603d4ddee5a8beaa372118d760d90c103,poses/A71EV2A-x4721a/A71EV2A-x4721a_lowest-energy.posebusters.csv,1dbf2e448ef69a9b7c07c9e373bd3c41d9a9bfc90634243a772d2e3c311254c7
A71EV2A-x4721_A_201_0_1_A71EV2A-x0526+A+147+0+1__LIG,CSc1ccccc1CC(=O)N1CCNC(=O)C1,C001,4,best-RMSD,poses/A71EV2A-x4721a/A71EV2A-x4721a_best-RMSD.sdf,A71EV2A-x4721a,7,0.585,0.963,-80.695,-26.400,TRUE,540a5e7b76bdbf41e561c6c81c4199d538831934333abae27ba9653cfaf5ca1c,poses/A71EV2A-x4721a/A71EV2A-x4721a_best-RMSD.openstructure.json,152786698043cbd2049e05ad5b7850ae01cb9813aad1e2a38337f3cd7c76b7de,poses/A71EV2A-x4721a/A71EV2A-x4721a_best-RMSD.posebusters.csv,10055c91510a8a9e0038935c168f3efc94670f9bde54f530d93fd77542950fd6
A71EV2A-x4748_A_201_0_1_A71EV2A-x0526+A+147+0+1__LIG,CSc1ccccc1CC(=O)N1CCO[C@H](C(N)=O)C1,C001,5,lowest-energy,poses/A71EV2A-x4748a/A71EV2A-x4748a_lowest-energy.sdf,A71EV2A-x4748a,9,0.232,1.000,-112.575,-30.340,TRUE,e8a56c0fb792563c4b90f5cc21e7b66f2c398659108b43179e24091ce30cdda0,poses/A71EV2A-x4748a/A71EV2A-x4748a_lowest-energy.openstructure.json,0ba1f370ae9b3841d4d6fc6066c2f7421aff5aeddf8c137c47204dc42e62a1d7,poses/A71EV2A-x4748a/A71EV2A-x4748a_lowest-energy.posebusters.csv,86abc98bb14e1c2713eb016e052fda02cdd10a2e9fd9ce07ec0e02b2e1f37020
A71EV2A-x4748_A_201_0_1_A71EV2A-x0526+A+147+0+1__LIG,CSc1ccccc1CC(=O)N1CCO[C@H](C(N)=O)C1,C001,5,best-RMSD,poses/A71EV2A-x4748a/A71EV2A-x4748a_best-RMSD.sdf,A71EV2A-x4748a,2,0.159,1.000,-112.161,-29.860,TRUE,b11c2117dc544252963c7a0f9cad47991c801655d433987bef8cd14b790ebed1,poses/A71EV2A-x4748a/A71EV2A-x4748a_best-RMSD.openstructure.json,3e96aa4622d1cae18c79519c779eab2ffd0df5942da4ca0cb2c65f7946484c02,poses/A71EV2A-x4748a/A71EV2A-x4748a_best-RMSD.posebusters.csv,f09831f3442217acdfb182265f4a21faba9a4a2dedffbc632febd6488e246f66
A71EV2A-x4739_A_201_0_1_A71EV2A-x0526+A+147+0+1__LIG,CSc1ccccc1CC(=O)N1CC[C@@H]2[C@H](C1)[C@H]2C(N)=O,C001,5,lowest-energy,poses/A71EV2A-x4739a/A71EV2A-x4739a_lowest-energy.sdf,A71EV2A-x4739a,8,2.257,0.734,-48.881,-24.670,TRUE,cabc3714eb5148863b95c1690b956adb54d7cd0c58f022832acf142f6fec68e2,poses/A71EV2A-x4739a/A71EV2A-x4739a_lowest-energy.openstructure.json,8b29e50662864af5a8bb8d3207cf7b2addab28fc4252506d5546e3f965a5077b,poses/A71EV2A-x4739a/A71EV2A-x4739a_lowest-energy.posebusters.csv,a5c0aa27ed9896befe91f1c79451aa1998ddcc2fc36722f4773bbe8034a0ef57
A71EV2A-x4739_A_201_0_1_A71EV2A-x0526+A+147+0+1__LIG,CSc1ccccc1CC(=O)N1CC[C@@H]2[C@H](C1)[C@H]2C(N)=O,C001,5,best-RMSD,poses/A71EV2A-x4739a/A71EV2A-x4739a_best-RMSD.sdf,A71EV2A-x4739a,2,0.476,0.976,23.762,-30.090,TRUE,2fda5c1b09e1b93210a5950d3743c05735fa6928185a6e131540f3201333e723,poses/A71EV2A-x4739a/A71EV2A-x4739a_best-RMSD.openstructure.json,81089cb725d427bc0a695aa3abdf954cf61c3ff3cfcd761b3f25e09d74eb1b6f,poses/A71EV2A-x4739a/A71EV2A-x4739a_best-RMSD.posebusters.csv,507d1edb85491ecf18dd808eade41081f79f007327f24ddf0b57d5bb774e3c1f
A71EV2A-x5028_A_4000_0_1_A71EV2A-x0526+A+147+0+1__LIG,CSc1ccccc1CC(=O)N1CC[C@H](CC(N)=O)C1,C001,6,lowest-energy,poses/A71EV2A-x5028a/A71EV2A-x5028a_lowest-energy.sdf,A71EV2A-x5028a,5,0.330,0.996,-96.480,-26.600,TRUE,5466d9de4aeea185491b56dd4f7ae5c21512d07ce5baac6dfaf53e8924f7356f,poses/A71EV2A-x5028a/A71EV2A-x5028a_lowest-energy.openstructure.json,f929abeeb5b0161ab601fe5f767b814bb6cb9750d10716f151767c407ece01a0,poses/A71EV2A-x5028a/A71EV2A-x5028a_lowest-energy.posebusters.csv,310faf385645f17044d4436c05009b3582cf0a2c63168a960b0bf34b0fce4856
A71EV2A-x5028_A_4000_0_1_A71EV2A-x0526+A+147+0+1__LIG,CSc1ccccc1CC(=O)N1CC[C@H](CC(N)=O)C1,C001,6,best-RMSD,poses/A71EV2A-x5028a/A71EV2A-x5028a_best-RMSD.sdf,A71EV2A-x5028a,5,0.330,0.996,-96.480,-26.600,TRUE,95e30a239bd48bfc9ade79e4f167c1546158ba52959a469c2b1049bc83c559ac,poses/A71EV2A-x5028a/A71EV2A-x5028a_best-RMSD.openstructure.json,f929abeeb5b0161ab601fe5f767b814bb6cb9750d10716f151767c407ece01a0,poses/A71EV2A-x5028a/A71EV2A-x5028a_best-RMSD.posebusters.csv,310faf385645f17044d4436c05009b3582cf0a2c63168a960b0bf34b0fce4856
A71EV2A-x4771_A_201_0_1_A71EV2A-x0526+A+147+0+1__LIG,CSc1ccccc1CC(=O)N1CCc2nc[nH]c(=O)c2C1,C038,4,lowest-energy,poses/A71EV2A-x4771a/A71EV2A-x4771a_lowest-energy.sdf,A71EV2A-x4771a,6,2.674,0.627,-76.721,-22.700,TRUE,72713ae365f14c16f6e225d543941b12170db8af1ca9dc40b1edceb03c5ed05a,poses/A71EV2A-x4771a/A71EV2A-x4771a_lowest-energy.openstructure.json,7036dea07ceb34aefefabbecf5c495cd0e855a6b9d6b8bcab5b3960343a18325,poses/A71EV2A-x4771a/A71EV2A-x4771a_lowest-energy.posebusters.csv,ae2bd139e8279709ff3869aef49f1bbc4a525042b22e885c2c0de7ad9912de3a
A71EV2A-x4771_A_201_0_1_A71EV2A-x0526+A+147+0+1__LIG,CSc1ccccc1CC(=O)N1CCc2nc[nH]c(=O)c2C1,C038,4,best-RMSD,poses/A71EV2A-x4771a/A71EV2A-x4771a_best-RMSD.sdf,A71EV2A-x4771a,2,2.284,0.691,-72.796,-18.870,TRUE,498930006eb0be05b8f43e7056bf7dc6763a93521d6c984a05f843b341cc5446,poses/A71EV2A-x4771a/A71EV2A-x4771a_best-RMSD.openstructure.json,03f4c30bbd98904318b7ec2f8f3a1cb42e3f77836cf7641c2d78ed8231435448,poses/A71EV2A-x4771a/A71EV2A-x4771a_best-RMSD.posebusters.csv,119dec27329693488e158c418ed33069ea1a79462ca28fd402c41ac51db2675c
A71EV2A-x4752_A_201_0_1_A71EV2A-x0526+A+147+0+1__LIG,CSc1ccccc1CC(=O)N1CCc2nccc(O)c2C1,C038,4,lowest-energy,poses/A71EV2A-x4752a/A71EV2A-x4752a_lowest-energy.sdf,A71EV2A-x4752a,4,1.823,0.763,-73.386,-26.770,TRUE,cd0ab011f02060bea2be61c61cd7e15d50f81c3224eca82c9e0acc0b54f79275,poses/A71EV2A-x4752a/A71EV2A-x4752a_lowest-energy.openstructure.json,cbd664ae7925f50d68d781e317dc3cb8238e24ea26f4bc021203fffabed4fb22,poses/A71EV2A-x4752a/A71EV2A-x4752a_lowest-energy.posebusters.csv,dcf739bacc2e509e596057e7c8b4530a776b33e7d30f460577dfd5dd5fe52fe9
A71EV2A-x4752_A_201_0_1_A71EV2A-x0526+A+147+0+1__LIG,CSc1ccccc1CC(=O)N1CCc2nccc(O)c2C1,C038,4,best-RMSD,poses/A71EV2A-x4752a/A71EV2A-x4752a_best-RMSD.sdf,A71EV2A-x4752a,4,1.823,0.763,-73.386,-26.770,TRUE,b7aabae1a8fa61e5d160fd48164993f44a81ad205e593005561935523fa7bc1b,poses/A71EV2A-x4752a/A71EV2A-x4752a_best-RMSD.openstructure.json,cbd664ae7925f50d68d781e317dc3cb8238e24ea26f4bc021203fffabed4fb22,poses/A71EV2A-x4752a/A71EV2A-x4752a_best-RMSD.posebusters.csv,dcf739bacc2e509e596057e7c8b4530a776b33e7d30f460577dfd5dd5fe52fe9
A71EV2A-x5992_A_4000_0_1_A71EV2A-x0526+A+147+0+1__LIG,CSc1ccccc1CC(=O)N1C[C@@H](C(N)=O)CC[C@@H]1CO,C001,6,lowest-energy,poses/A71EV2A-x5992a/A71EV2A-x5992a_lowest-energy.sdf,A71EV2A-x5992a,3,1.625,0.805,-107.855,-34.110,TRUE,5cc1ee7fdac27d9944b13054952b3c4069bcf271bb68b61ccd39b5410ac30771,poses/A71EV2A-x5992a/A71EV2A-x5992a_lowest-energy.openstructure.json,2108246efad2396974088719679c309982172942de5d0581e52e3657f38cb723,poses/A71EV2A-x5992a/A71EV2A-x5992a_lowest-energy.posebusters.csv,69517cf959fb9a5d1954a1a0fba5b9c606ca6b54fadfda0e2db62cc81ed152e5
A71EV2A-x5992_A_4000_0_1_A71EV2A-x0526+A+147+0+1__LIG,CSc1ccccc1CC(=O)N1C[C@@H](C(N)=O)CC[C@@H]1CO,C001,6,best-RMSD,poses/A71EV2A-x5992a/A71EV2A-x5992a_best-RMSD.sdf,A71EV2A-x5992a,9,1.161,0.880,-98.223,-30.810,TRUE,3f7b3703a894abd9741fbbd57619876fba07a733be90f176e360eeeb51b7f646,poses/A71EV2A-x5992a/A71EV2A-x5992a_best-RMSD.openstructure.json,4d99c8eb086165c5ef142dc29e8e1a3bcb2b63dbd0193bd79e68778600a6cb78,poses/A71EV2A-x5992a/A71EV2A-x5992a_best-RMSD.posebusters.csv,b1105f25ee409e861cc33967cfe837b3ca2d48f542e0c9d997aa21dafd5cae47
A71EV2A-x7631_A_201_0_1_A71EV2A-x0526+A+147+0+1__LIG,CSc1ccccc1CC(=O)N1C[C@@H](C(N)=O)C[C@@H]2C[C@@H]21,C001,5,lowest-energy,poses/A71EV2A-x7631a/A71EV2A-x7631a_lowest-energy.sdf,A71EV2A-x7631a,4,2.384,0.750,-62.299,-26.420,TRUE,a2bc99d6379c060f5a773a73ccbef1fa3eae30b3da4fdd9c2c7d81ab23b29f3d,poses/A71EV2A-x7631a/A71EV2A-x7631a_lowest-energy.openstructure.json,4f870e740a47c4901382603399fc09ee2796374329f2e1e1a4c955ef6f52844c,poses/A71EV2A-x7631a/A71EV2A-x7631a_lowest-energy.posebusters.csv,5b47a379d3b586342c9641664fd87aea3b212a58bb88cdabbb3cf8caa1ac517d
A71EV2A-x7631_A_201_0_1_A71EV2A-x0526+A+147+0+1__LIG,CSc1ccccc1CC(=O)N1C[C@@H](C(N)=O)C[C@@H]2C[C@@H]21,C001,5,best-RMSD,poses/A71EV2A-x7631a/A71EV2A-x7631a_best-RMSD.sdf,A71EV2A-x7631a,6,1.186,0.844,-35.573,-25.710,TRUE,76f19a8cf6c173b03d4bf0f8fc489ca2ed9e429e1d3720f3533a4fda56cdc434,poses/A71EV2A-x7631a/A71EV2A-x7631a_best-RMSD.openstructure.json,8d93fb3edb5a01c306cef3a662d845199c6b5ec5d264e5d1410158afd9ec1021,poses/A71EV2A-x7631a/A71EV2A-x7631a_best-RMSD.posebusters.csv,0d79dec8642fc22cbc060a29c0e587671f4b1622e878b4d5a5c195e4d8ce8ab7
A71EV2A-x5177_A_201_0_1_A71EV2A-x0526+A+147+0+1__LIG,CSc1ccccc1CC(=O)N1C[C@@H](C(N)=O)C[C@H]2C[C@H]21,C001,5,lowest-energy,poses/A71EV2A-x5177a/A71EV2A-x5177a_lowest-energy.sdf,A71EV2A-x5177a,10,2.920,0.597,-29.334,-19.560,TRUE,1abaaec0da36dc363d989fbfad575e4868d664354beda56fbf5fb39072485c7f,poses/A71EV2A-x5177a/A71EV2A-x5177a_lowest-energy.openstructure.json,d99c846156eb2ea97792945321b917136fa9ee851eb7a483ea8425aebb2ad4cb,poses/A71EV2A-x5177a/A71EV2A-x5177a_lowest-energy.posebusters.csv,41706502c97a8b13559453a516bae34b9574f3ce9888defd152498eb51c03671
A71EV2A-x5177_A_201_0_1_A71EV2A-x0526+A+147+0+1__LIG,CSc1ccccc1CC(=O)N1C[C@@H](C(N)=O)C[C@H]2C[C@H]21,C001,5,best-RMSD,poses/A71EV2A-x5177a/A71EV2A-x5177a_best-RMSD.sdf,A71EV2A-x5177a,5,0.400,0.989,21.458,-31.540,TRUE,0bc37d916f41ca52e3deefdcaabf380f52d157111399c0367d3f1a0ccb78baca,poses/A71EV2A-x5177a/A71EV2A-x5177a_best-RMSD.openstructure.json,810a0db742664a0259b1edfa5d512210905518721ff4d5eb7495bdcc833fff9a,poses/A71EV2A-x5177a/A71EV2A-x5177a_best-RMSD.posebusters.csv,ad9d9ac677e7f7b8a1f165add428096890d76cfdbcff6b4da27919108df2fd08
A71EV2A-x4885_A_201_0_1_A71EV2A-x0526+A+147+0+1__LIG,CSc1ccccc1CC(=O)N1C[C@@H](C)C[C@H](C(N)=O)C1,C001,5,lowest-energy,poses/A71EV2A-x4885a/A71EV2A-x4885a_lowest-energy.sdf,A71EV2A-x4885a,5,0.153,1.000,-117.533,-37.780,TRUE,340e6c6e17c37028cbda57cae0cde531168b439c7baae96d704ad92f0333a704,poses/A71EV2A-x4885a/A71EV2A-x4885a_lowest-energy.openstructure.json,efd2b5600c3a990824ab262890f452dbd67e7bef45902c115db3267ff6d4094e,poses/A71EV2A-x4885a/A71EV2A-x4885a_lowest-energy.posebusters.csv,c06c511c529ae83888c469f26c825d24d3aeb1efc18eb5e2a6c4723c499850e0
A71EV2A-x4885_A_201_0_1_A71EV2A-x0526+A+147+0+1__LIG,CSc1ccccc1CC(=O)N1C[C@@H](C)C[C@H](C(N)=O)C1,C001,5,best-RMSD,poses/A71EV2A-x4885a/A71EV2A-x4885a_best-RMSD.sdf,A71EV2A-x4885a,5,0.153,1.000,-117.533,-37.780,TRUE,96a1cd239a0e574889e926ea4e8139c1ec026fe1241751591108368ab1f3e630,poses/A71EV2A-x4885a/A71EV2A-x4885a_best-RMSD.openstructure.json,efd2b5600c3a990824ab262890f452dbd67e7bef45902c115db3267ff6d4094e,poses/A71EV2A-x4885a/A71EV2A-x4885a_best-RMSD.posebusters.csv,c06c511c529ae83888c469f26c825d24d3aeb1efc18eb5e2a6c4723c499850e0
A71EV2A-x5387_A_4000_0_1_A71EV2A-x0526+A+147+0+1__LIG,CSc1ccccc1CC(=O)N1C[C@@H](O)C[C@H](C(N)=O)C1,C001,5,lowest-energy,poses/A71EV2A-x5387b/A71EV2A-x5387b_lowest-energy.sdf,A71EV2A-x5387b,7,0.735,0.928,-117.615,-34.880,TRUE,15fe2397f2663bb27dcd71567087260379415abe21805363b7784889eaa7bc54,poses/A71EV2A-x5387b/A71EV2A-x5387b_lowest-energy.openstructure.json,4570b5de936ed26ef293d14d677d4690235f8b991e0f015958af956b6c3d5ee5,poses/A71EV2A-x5387b/A71EV2A-x5387b_lowest-energy.posebusters.csv,c468109d08e27b14a1670bd0d2363f0fcb596071932ecb3950116025267f35c0
A71EV2A-x5387_A_4000_0_1_A71EV2A-x0526+A+147+0+1__LIG,CSc1ccccc1CC(=O)N1C[C@@H](O)C[C@H](C(N)=O)C1,C001,5,best-RMSD,poses/A71EV2A-x5387a/A71EV2A-x5387a_best-RMSD.sdf,A71EV2A-x5387a,8,0.196,1.000,-116.325,-34.220,TRUE,513f44fb1a40daf23959c0431af3f02efbd338d895a89220145c9433bc3a550a,poses/A71EV2A-x5387a/A71EV2A-x5387a_best-RMSD.openstructure.json,971c0caf1c31ec68dba03de816683cf36e7790cb6ce640c88b268b24af1a3f2c,poses/A71EV2A-x5387a/A71EV2A-x5387a_best-RMSD.posebusters.csv,b8dfa3ebc0ee938f1466dd9a59bb8c7e59e47c31ea5c3777361ca2c4e2cecbc0
A71EV2A-x4947_A_201_0_1_A71EV2A-x0526+A+147+0+1__LIG,CSc1ccccc1CC(=O)N1C[C@@H]2C[C@]2(C(N)=O)C1,C001,5,lowest-energy,poses/A71EV2A-x4947a/A71EV2A-x4947a_lowest-energy.sdf,A71EV2A-x4947a,1,0.353,0.993,-77.126,-28.670,TRUE,9fb41b3cbad0b168da5caf404b633a381ab9bf081ef6b6d26f27c84f661c2b19,poses/A71EV2A-x4947a/A71EV2A-x4947a_lowest-energy.openstructure.json,d60b3cc3f291de7386c10d04c12d42605706b52fc8e2638374c11676019a81a8,poses/A71EV2A-x4947a/A71EV2A-x4947a_lowest-energy.posebusters.csv,dc9efae08dadaddfe083067a98a62f786531e7051493462973f1e453f9a192ed
A71EV2A-x4947_A_201_0_1_A71EV2A-x0526+A+147+0+1__LIG,CSc1ccccc1CC(=O)N1C[C@@H]2C[C@]2(C(N)=O)C1,C001,5,best-RMSD,poses/A71EV2A-x4947a/A71EV2A-x4947a_best-RMSD.sdf,A71EV2A-x4947a,5,0.275,0.997,-75.396,-28.710,TRUE,f40a534fa57fca0e68baae69264de9fcd99fe4ff47d63d3dbd9dac91a21e1662,poses/A71EV2A-x4947a/A71EV2A-x4947a_best-RMSD.openstructure.json,ea7e73cbf23a51cb72a27eb29bc028eedb1156bf02d6cb05016b997edaee5640,poses/A71EV2A-x4947a/A71EV2A-x4947a_best-RMSD.posebusters.csv,0b7ddd7fc0d5129d8c8e2a1bc48db2457b0f0e3a3bdcb38425a875b407684608
A71EV2A-x5171_A_201_0_1_A71EV2A-x0526+A+147+0+1__LIG,CSc1ccccc1CC(=O)N1C[C@H](C(N)=O)C[C@H](C(N)=O)C1,C001,6,lowest-energy,poses/A71EV2A-x5171a/A71EV2A-x5171a_lowest-energy.sdf,A71EV2A-x5171a,9,0.182,1.000,-138.902,-37.570,TRUE,532813c2cacf0c01984692da7515a56609ca97532fa1c5ac96349ded635bdaa3,poses/A71EV2A-x5171a/A71EV2A-x5171a_lowest-energy.openstructure.json,1cf52f518259763da1fee390ab5f3033f5ec8ad6c0bce85bbc75875b6eb790b1,poses/A71EV2A-x5171a/A71EV2A-x5171a_lowest-energy.posebusters.csv,f79f1f429efafeb9d89fe6883efe2cec0d8dc0bf9687e3777ed731c77664c082
A71EV2A-x5171_A_201_0_1_A71EV2A-x0526+A+147+0+1__LIG,CSc1ccccc1CC(=O)N1C[C@H](C(N)=O)C[C@H](C(N)=O)C1,C001,6,best-RMSD,poses/A71EV2A-x5171b/A71EV2A-x5171b_best-RMSD.sdf,A71EV2A-x5171b,6,0.173,1.000,-138.120,-38.210,TRUE,d24403663950251865a71d8674e32147d215e72e39d673380292344b5df83c86,poses/A71EV2A-x5171b/A71EV2A-x5171b_best-RMSD.openstructure.json,e728dfaea5ed1f51b917a6e71898d9a08ad308b8ca7949d3362799451861c02e,poses/A71EV2A-x5171b/A71EV2A-x5171b_best-RMSD.posebusters.csv,b56a525c2c65fe1a687cdcc3f9fbca1e26691d8a35660403a001c15f491435c4
A71EV2A-x5104_A_201_0_1_A71EV2A-x0526+A+147+0+1__LIG,CSc1ccccc1CC(=O)N1C[C@H](C)C[C@H](C(N)=O)C1,C001,5,lowest-energy,poses/A71EV2A-x5200a/A71EV2A-x5200a_lowest-energy.sdf,A71EV2A-x5200a,4,0.616,0.960,-101.394,-31.840,TRUE,bcf9db1137c3eee7385019c18ec7987ec2c268863983c3188f5eb16363db15c9,poses/A71EV2A-x5200a/A71EV2A-x5200a_lowest-energy.openstructure.json,d3e782c23cf11e1adf6244861634fa5852dcd88a6b37956a02ce15fe59fe5e7e,poses/A71EV2A-x5200a/A71EV2A-x5200a_lowest-energy.posebusters.csv,eb6de5626dac587cb87775c6ec6b1a92bf30ae48df24e0916a20e884930bd63f
A71EV2A-x5104_A_201_0_1_A71EV2A-x0526+A+147+0+1__LIG,CSc1ccccc1CC(=O)N1C[C@H](C)C[C@H](C(N)=O)C1,C001,5,best-RMSD,poses/A71EV2A-x5268a/A71EV2A-x5268a_best-RMSD.sdf,A71EV2A-x5268a,5,0.270,1.000,-99.937,-29.410,TRUE,1a3649c453bcb27dfa7f2d7d63ad7bed7be10c5417a89962d645006c1e636c06,poses/A71EV2A-x5268a/A71EV2A-x5268a_best-RMSD.openstructure.json,3694ac1bb0e1c95815d70af30e9fffd288f55d558011bb2312b619280ee90749,poses/A71EV2A-x5268a/A71EV2A-x5268a_best-RMSD.posebusters.csv,6425f63d2e0c21a984605eee11cb3db3b0a3e0cf7c0a6ffbc68c9336dec849b5
A71EV2A-x5262_A_201_0_1_A71EV2A-x0526+A+147+0+1__LIG,CSc1ccccc1CC(=O)N1C[C@H]2C[C@]1(CC(N)=O)C2,C001,6,lowest-energy,poses/A71EV2A-x5262b/A71EV2A-x5262b_lowest-energy.sdf,A71EV2A-x5262b,5,0.251,1.000,-79.430,-27.100,TRUE,f319c93f48b8bca80f4567f31bb2946c087bb054bd0eb6eb898d89461ee4511c,poses/A71EV2A-x5262b/A71EV2A-x5262b_lowest-energy.openstructure.json,4325218c2ec0a76f48607e81147b8746d47d4aaea0f82f75b362f535c8199a0b,poses/A71EV2A-x5262b/A71EV2A-x5262b_lowest-energy.posebusters.csv,e5bd4e6e2b8aa1e335f246f1521053fa094056c9f27391f80628ff297ed711fa
A71EV2A-x5262_A_201_0_1_A71EV2A-x0526+A+147+0+1__LIG,CSc1ccccc1CC(=O)N1C[C@H]2C[C@]1(CC(N)=O)C2,C001,6,best-RMSD,poses/A71EV2A-x5262b/A71EV2A-x5262b_best-RMSD.sdf,A71EV2A-x5262b,5,0.251,1.000,-79.430,-27.100,TRUE,15a6f9988529b8879195b2b15670515cf268851938ef98177da56dacf312759c,poses/A71EV2A-x5262b/A71EV2A-x5262b_best-RMSD.openstructure.json,4325218c2ec0a76f48607e81147b8746d47d4aaea0f82f75b362f535c8199a0b,poses/A71EV2A-x5262b/A71EV2A-x5262b_best-RMSD.posebusters.csv,e5bd4e6e2b8aa1e335f246f1521053fa094056c9f27391f80628ff297ed711fa
A71EV2A-x5065_A_201_0_1_A71EV2A-x0526+A+147+0+1__LIG,CSc1ccccc1CCN1C[C@@H](C(N)=O)CC1=O,C063,5,lowest-energy,poses/A71EV2A-x5065a/A71EV2A-x5065a_lowest-energy.sdf,A71EV2A-x5065a,4,2.361,0.787,-100.301,-31.050,TRUE,9a0d9e161cf1296ea0790fb2989b0d0cc674c8c87f12955a306962246418a3e1,poses/A71EV2A-x5065a/A71EV2A-x5065a_lowest-energy.openstructure.json,8445e48a6f00e73eca460611822bdbb90bb2a1c75bade54c26c08762c48742b8,poses/A71EV2A-x5065a/A71EV2A-x5065a_lowest-energy.posebusters.csv,4a4de7af5c68a64562cf7034b9530ac5a291750ba72256b0633fdc703c8428ee
A71EV2A-x5065_A_201_0_1_A71EV2A-x0526+A+147+0+1__LIG,CSc1ccccc1CCN1C[C@@H](C(N)=O)CC1=O,C063,5,best-RMSD,poses/A71EV2A-x5065a/A71EV2A-x5065a_best-RMSD.sdf,A71EV2A-x5065a,10,0.369,1.000,-97.720,-29.850,TRUE,b65e8f483f831a5c362ff49708ca51ff98825bfaab75c84cc8a52da764b21c2d,poses/A71EV2A-x5065a/A71EV2A-x5065a_best-RMSD.openstructure.json,6b030c812c14fa67eee1ee5f22adb3a29560ddd5be4d16960748d4eac623374c,poses/A71EV2A-x5065a/A71EV2A-x5065a_best-RMSD.posebusters.csv,881957168734fc266c124c47880dceb04fce8cdcecc02841d204af1c6cd41cd2
A71EV2A-x4695_A_201_0_1_A71EV2A-x0526+A+147+0+1__LIG,CSc1ccccc1CN1C[C@@H](C(N)=O)CCC1=O,C001,4,lowest-energy,poses/A71EV2A-x4695a/A71EV2A-x4695a_lowest-energy.sdf,A71EV2A-x4695a,8,0.379,0.990,-99.857,-31.850,TRUE,78a558b0d82edbdc4f7393fb98c798d16863889e0443ba9efb0db1ab8fb1fb53,poses/A71EV2A-x4695a/A71EV2A-x4695a_lowest-energy.openstructure.json,b13685603e6c14d51412e81928d15e58860660748d468c5c4a1a0380ce25f3e9,poses/A71EV2A-x4695a/A71EV2A-x4695a_lowest-energy.posebusters.csv,6e4a019d99453e65aa2fe4955ae6f76873217b9a709640aec96238cc98f46bf8
A71EV2A-x4695_A_201_0_1_A71EV2A-x0526+A+147+0+1__LIG,CSc1ccccc1CN1C[C@@H](C(N)=O)CCC1=O,C001,4,best-RMSD,poses/A71EV2A-x4695a/A71EV2A-x4695a_best-RMSD.sdf,A71EV2A-x4695a,1,0.305,1.000,-98.060,-32.060,TRUE,7feeed040a1ebf71e2d05be83068574ec76abee0048b6349c923277d2658b66a,poses/A71EV2A-x4695a/A71EV2A-x4695a_best-RMSD.openstructure.json,803a12f97579b243d135edfd52f282ecdb0e9f2fa501334baad33931248dae74,poses/A71EV2A-x4695a/A71EV2A-x4695a_best-RMSD.posebusters.csv,44536a5a366868bee87acc69e776b38d6a7f1e74cc824a1335cbcac7b29fd21e
A71EV2A-x4694_A_201_0_1_A71EV2A-x0526+A+147+0+1__LIG,CSc1ccccc1CN1C[C@H](C(N)=O)CCC1=O,C001,4,lowest-energy,poses/A71EV2A-x4694a/A71EV2A-x4694a_lowest-energy.sdf,A71EV2A-x4694a,2,0.336,0.997,-102.815,-33.500,TRUE,671398f491826c910bae816d9d6b205c27f09850d731e7eb4f18865fb2406312,poses/A71EV2A-x4694a/A71EV2A-x4694a_lowest-energy.openstructure.json,27fa826f0e4bad5e2381d45f4ece39c87afd1e7f47321c13768c1b2708ce6b45,poses/A71EV2A-x4694a/A71EV2A-x4694a_lowest-energy.posebusters.csv,b7412f32ef3f39ad90c2de31a2cd7e25662fe6188cd52ee4a5eab979e6d9d5cc
A71EV2A-x4694_A_201_0_1_A71EV2A-x0526+A+147+0+1__LIG,CSc1ccccc1CN1C[C@H](C(N)=O)CCC1=O,C001,4,best-RMSD,poses/A71EV2A-x4694a/A71EV2A-x4694a_best-RMSD.sdf,A71EV2A-x4694a,2,0.336,0.997,-102.815,-33.500,TRUE,c94240266f3807f1775eeb8c8d5e9410a10a7818b850f3002909472a1b58ea55,poses/A71EV2A-x4694a/A71EV2A-x4694a_best-RMSD.openstructure.json,27fa826f0e4bad5e2381d45f4ece39c87afd1e7f47321c13768c1b2708ce6b45,poses/A71EV2A-x4694a/A71EV2A-x4694a_best-RMSD.posebusters.csv,b7412f32ef3f39ad90c2de31a2cd7e25662fe6188cd52ee4a5eab979e6d9d5cc
A71EV2A-x4712_A_201_0_1_A71EV2A-x0526+A+147+0+1__LIG,CSc1ccccc1N(C)C(=O)N1CCC[C@H](C(N)=O)C1,C001,5,lowest-energy,poses/A71EV2A-x4712a/A71EV2A-x4712a_lowest-energy.sdf,A71EV2A-x4712a,10,0.227,1.000,-113.073,-35.270,TRUE,8d2ddef41dd72805ac55a789386b4eddff3a6656dd3715c36ee25934853635a5,poses/A71EV2A-x4712a/A71EV2A-x4712a_lowest-energy.openstructure.json,c663f427f076d6a6b1207a676d55283624e97505ba29adb9d311172992a0bfc2,poses/A71EV2A-x4712a/A71EV2A-x4712a_lowest-energy.posebusters.csv,615bb7deaf547f587f6d128bd562de3984f73e88aa4545af661013df2383cd40
A71EV2A-x4712_A_201_0_1_A71EV2A-x0526+A+147+0+1__LIG,CSc1ccccc1N(C)C(=O)N1CCC[C@H](C(N)=O)C1,C001,5,best-RMSD,poses/A71EV2A-x4712a/A71EV2A-x4712a_best-RMSD.sdf,A71EV2A-x4712a,8,0.176,1.000,-113.011,-34.870,TRUE,dea280912fd46a08e976d82c854a3831528fd4c7d7d2b461fa8320f38509687e,poses/A71EV2A-x4712a/A71EV2A-x4712a_best-RMSD.openstructure.json,feed4110a93c671a0ca0fbe5686a8593b210a0f4ce77262640381a6a2e6d252b,poses/A71EV2A-x4712a/A71EV2A-x4712a_best-RMSD.posebusters.csv,4782878c936195dbf07fbaf1ab513e32ebfed3b618f4f5fc7cf010bfd49e0823
A71EV2A-x4684_A_201_0_1_A71EV2A-x0526+A+147+0+1__LIG,CSc1ccccc1N(C)C(=O)N1CC[C@H](C(N)=O)C1,C001,5,lowest-energy,poses/A71EV2A-x4684a/A71EV2A-x4684a_lowest-energy.sdf,A71EV2A-x4684a,5,0.190,1.000,-114.391,-34.090,TRUE,4028cb1df06c2223ebe891af98b06da489200a23c52c55797219e3853a941a3f,poses/A71EV2A-x4684a/A71EV2A-x4684a_lowest-energy.openstructure.json,9d01067df71f7cc8368bccb1fb66f4373b438169db940cff905f6e844aade648,poses/A71EV2A-x4684a/A71EV2A-x4684a_lowest-energy.posebusters.csv,1145cbab9fcfaa5015e5e45b837754696b0a169924de363c800fae4fef27203f
A71EV2A-x4684_A_201_0_1_A71EV2A-x0526+A+147+0+1__LIG,CSc1ccccc1N(C)C(=O)N1CC[C@H](C(N)=O)C1,C001,5,best-RMSD,poses/A71EV2A-x4684a/A71EV2A-x4684a_best-RMSD.sdf,A71EV2A-x4684a,1,0.168,1.000,-113.514,-33.250,TRUE,712ed68db9b6c4c7cff04d323484e3394ba45f283927e48cc1c0921d2142cbf4,poses/A71EV2A-x4684a/A71EV2A-x4684a_best-RMSD.openstructure.json,3702ae85bd1d87a7cd4af50a80bcbc127b92ff89ab71e0aa166f47ff82009d7b,poses/A71EV2A-x4684a/A71EV2A-x4684a_best-RMSD.posebusters.csv,3159607975eaef1e37ff45e55ecbd069c6a7ce2e69bf588244f838fcb64ef443
A71EV2A-x4922_A_201_0_1_A71EV2A-x0526+A+147+0+1__LIG,CSc1ccccc1N1C[C@@H](C(N)=O)CCC1=O,C013,3,lowest-energy,poses/A71EV2A-x4922a/A71EV2A-x4922a_lowest-energy.sdf,A71EV2A-x4922a,1,2.331,0.767,-81.210,-23.750,TRUE,202402edbb00c29fb447b2653ec30d491e734cacf792bd871d38b23fd3cadd88,poses/A71EV2A-x4922a/A71EV2A-x4922a_lowest-energy.openstructure.json,6242940c07387c68a6fb6951c56b5f63aa36a44620ff2782c4d644dd9a204b94,poses/A71EV2A-x4922a/A71EV2A-x4922a_lowest-energy.posebusters.csv,cb12d78c22ea5be40893549c17b0ce795f839601bdde13de575e3d5faafd0c40
A71EV2A-x4922_A_201_0_1_A71EV2A-x0526+A+147+0+1__LIG,CSc1ccccc1N1C[C@@H](C(N)=O)CCC1=O,C013,3,best-RMSD,poses/A71EV2A-x4922a/A71EV2A-x4922a_best-RMSD.sdf,A71EV2A-x4922a,5,0.442,0.987,-80.310,-25.770,TRUE,dd8f3e34c4ab40bc3d41bab491ea46b9b29f0d34ac34fd704c146b6292110d36,poses/A71EV2A-x4922a/A71EV2A-x4922a_best-RMSD.openstructure.json,49d78cea5193389f13780a18fecefdfda7a6ca90d0644d51581260c2b8577e76,poses/A71EV2A-x4922a/A71EV2A-x4922a_best-RMSD.posebusters.csv,add852b957dcd0d01917d54e558b429fc5485323839ea78c922d804aca57d8a4
A71EV2A-x4855_A_201_0_1_A71EV2A-x0526+A+147+0+1__LIG,CSc1ccccc1NC(=O)N1CC[C@H](C(N)=O)C1,C001,5,lowest-energy,poses/A71EV2A-x4855a/A71EV2A-x4855a_lowest-energy.sdf,A71EV2A-x4855a,7,0.175,1.000,-130.778,-35.760,TRUE,283d7fe1367999e935e91108c7b8cc06238563b501e3a1f7b3656f2db8fcc29f,poses/A71EV2A-x4855a/A71EV2A-x4855a_lowest-energy.openstructure.json,cb150a514677e1e5a2758ef7842ce844f745747b8d98c8224238d5720bbc4931,poses/A71EV2A-x4855a/A71EV2A-x4855a_lowest-energy.posebusters.csv,176d6ea2d647e51fec6babac21aa15b5c890abde4a86c579ed7d5245aeb19c2f
A71EV2A-x4855_A_201_0_1_A71EV2A-x0526+A+147+0+1__LIG,CSc1ccccc1NC(=O)N1CC[C@H](C(N)=O)C1,C001,5,best-RMSD,poses/A71EV2A-x4855a/A71EV2A-x4855a_best-RMSD.sdf,A71EV2A-x4855a,5,0.167,1.000,-130.179,-36.620,TRUE,5c0cdfb25559cf423ad34ee24bf3ffab75ff2b341fe0a1db4167ff3084031d7a,poses/A71EV2A-x4855a/A71EV2A-x4855a_best-RMSD.openstructure.json,8dec2e4e15daaabacbae98031d5a1bb5a33153bac6b21c23e2ed92b558e2606e,poses/A71EV2A-x4855a/A71EV2A-x4855a_best-RMSD.posebusters.csv,5c8fd53fadfbd5033e080969992fae0357de4623e8dd490833b3c20a67a03863
A71EV2A-x4824_A_201_0_1_A71EV2A-x0526+A+147+0+1__LIG,CSc1ccccc1OC(=O)N1CCC[C@H](C(N)=O)C1,C001,5,lowest-energy,poses/A71EV2A-x4824b/A71EV2A-x4824b_lowest-energy.sdf,A71EV2A-x4824b,4,0.223,1.000,-111.278,-33.910,TRUE,3a664f95a2aca28cfdbf96e7eb96ae179ade856dafc5d532b53df8ac792143c3,poses/A71EV2A-x4824b/A71EV2A-x4824b_lowest-energy.openstructure.json,1b8be513575d5070a0c2b3e716f3fe2bf25f96e6683336f2483abae5455c3370,poses/A71EV2A-x4824b/A71EV2A-x4824b_lowest-energy.posebusters.csv,73fb17250da21a2d7f0b08c5206557737a69d531992f2e8292d355de5df74c7d
A71EV2A-x4824_A_201_0_1_A71EV2A-x0526+A+147+0+1__LIG,CSc1ccccc1OC(=O)N1CCC[C@H](C(N)=O)C1,C001,5,best-RMSD,poses/A71EV2A-x4824b/A71EV2A-x4824b_best-RMSD.sdf,A71EV2A-x4824b,9,0.182,1.000,-111.032,-33.880,TRUE,e73b19788e1287f58d0734699501a81ef3af27f2edc591400ef43781e210aff7,poses/A71EV2A-x4824b/A71EV2A-x4824b_best-RMSD.openstructure.json,745153bb0750482a7fcf37d877e782d647ae833f4c56affe90a3591df835c162,poses/A71EV2A-x4824b/A71EV2A-x4824b_best-RMSD.posebusters.csv,100612f411a126f3eaf7f80bbbec8f58d35bfee14fea4e00a18644d5e8cec0f9
A71EV2A-x7035_A_201_0_1_A71EV2A-x0526+A+147+0+1__LIG,CSc1ccccc1[C@@H](NC(=O)C(C)C)C(=O)N1CC[C@H](C(N)=O)C1,C006,8,lowest-energy,poses/A71EV2A-x7035a/A71EV2A-x7035a_lowest-energy.sdf,A71EV2A-x7035a,8,0.213,1.000,-150.691,-40.290,TRUE,3b0b617f10414f343acf87434f2a185a2617ce210e1d0f918fb6b271a3e36636,poses/A71EV2A-x7035a/A71EV2A-x7035a_lowest-energy.openstructure.json,3b32ceb86af66991bf7870635a922c34e226be1583a915848b1d0ba7585adc97,poses/A71EV2A-x7035a/A71EV2A-x7035a_lowest-energy.posebusters.csv,e0b5ca274cba4ab6c7bca76624c01518e9487bb878a660b5040e21f5c2c086fc
A71EV2A-x7035_A_201_0_1_A71EV2A-x0526+A+147+0+1__LIG,CSc1ccccc1[C@@H](NC(=O)C(C)C)C(=O)N1CC[C@H](C(N)=O)C1,C006,8,best-RMSD,poses/A71EV2A-x7035a/A71EV2A-x7035a_best-RMSD.sdf,A71EV2A-x7035a,8,0.213,1.000,-150.691,-40.290,TRUE,2a53be201242e55abb4043f697e0a6b2d4d53937f483fad13fb1fd7870c27fe3,poses/A71EV2A-x7035a/A71EV2A-x7035a_best-RMSD.openstructure.json,3b32ceb86af66991bf7870635a922c34e226be1583a915848b1d0ba7585adc97,poses/A71EV2A-x7035a/A71EV2A-x7035a_best-RMSD.posebusters.csv,e0b5ca274cba4ab6c7bca76624c01518e9487bb878a660b5040e21f5c2c086fc
A71EV2A-x6991_A_1001_0_1_A71EV2A-x0526+A+147+0+1__LIG,CSc1ccccc1[C@@H](NC(=O)C1(C)CCC1)C(=O)N1CC[C@H](C(N)=O)C1,C006,8,lowest-energy,poses/A71EV2A-x6991a/A71EV2A-x6991a_lowest-energy.sdf,A71EV2A-x6991a,1,0.315,0.995,-123.501,-37.270,TRUE,aecf0a93f5b7aadfcdc8d186147bc0667843269c6a5be5098eb8e76e564e0058,poses/A71EV2A-x6991a/A71EV2A-x6991a_lowest-energy.openstructure.json,e2436883bdbbbdeb2761fdddcd29c9a7b28d59a01ff8d20df3bd37345b8556b4,poses/A71EV2A-x6991a/A71EV2A-x6991a_lowest-energy.posebusters.csv,be13dbe93afed09f04d3e88438ab42ae1e1023d9620996f3e6280ea93a6a223d
A71EV2A-x6991_A_1001_0_1_A71EV2A-x0526+A+147+0+1__LIG,CSc1ccccc1[C@@H](NC(=O)C1(C)CCC1)C(=O)N1CC[C@H](C(N)=O)C1,C006,8,best-RMSD,poses/A71EV2A-x6991a/A71EV2A-x6991a_best-RMSD.sdf,A71EV2A-x6991a,5,0.309,0.995,-122.907,-38.390,TRUE,4d225721cd8aef9db70a5a564d94bb42d779d51946df5a4408161168d01158bb,poses/A71EV2A-x6991a/A71EV2A-x6991a_best-RMSD.openstructure.json,607b272a62a0e3a2f071b193e7906170e61c29f3c9d0ba6eecd51feeefa7a7c7,poses/A71EV2A-x6991a/A71EV2A-x6991a_best-RMSD.posebusters.csv,ec05b32ef48bbfb87e4bfe2b3622f1bac166cc5b63b6c87493ffc5bab3a5d00e
A71EV2A-x6934_A_4000_0_1_A71EV2A-x0526+A+147+0+1__LIG,CSc1ccccc1[C@@H](NC(=O)C1CC1)C(=O)N1CC[C@H](C(N)=O)C1,C006,8,lowest-energy,poses/A71EV2A-x6934a/A71EV2A-x6934a_lowest-energy.sdf,A71EV2A-x6934a,3,0.515,0.985,-124.830,-36.280,TRUE,f17af4c03a79bb20a732b49d57d4f7cfb7a5183290bcba15f1ea69df0f202835,poses/A71EV2A-x6934a/A71EV2A-x6934a_lowest-energy.openstructure.json,fdc4b28dfd81a778043ff8cf563aa9cd61fada3af914b7a990090e3ca5d11f25,poses/A71EV2A-x6934a/A71EV2A-x6934a_lowest-energy.posebusters.csv,e73019265df319cb771c50d37405b4784440ec2a775f376b4ab7abdbfa9a4b25
A71EV2A-x6934_A_4000_0_1_A71EV2A-x0526+A+147+0+1__LIG,CSc1ccccc1[C@@H](NC(=O)C1CC1)C(=O)N1CC[C@H](C(N)=O)C1,C006,8,best-RMSD,poses/A71EV2A-x6934a/A71EV2A-x6934a_best-RMSD.sdf,A71EV2A-x6934a,2,0.509,0.985,-123.896,-35.940,TRUE,d36c41b705c29856e9743aea8f737324e46cf8dc3504f28f6a19de6506dbe5c5,poses/A71EV2A-x6934a/A71EV2A-x6934a_best-RMSD.openstructure.json,977da4a697a1de504a250d1fdf520075f4b90acbb00d1932d3589e2a0c7421ab,poses/A71EV2A-x6934a/A71EV2A-x6934a_best-RMSD.posebusters.csv,91af827f39762c82d6834986939181bdd1076ff0a451025cde2444a4af6ec2c1
A71EV2A-x6944_A_4000_0_1_A71EV2A-x0526+A+147+0+1__LIG,CSc1ccccc1[C@@H](NC(=O)C1COC1)C(=O)N1CC[C@H](C(N)=O)C1,C006,8,lowest-energy,poses/A71EV2A-x6944a/A71EV2A-x6944a_lowest-energy.sdf,A71EV2A-x6944a,4,0.215,1.000,-134.114,-43.970,TRUE,5a2d1b6bd359ec55e2070dfb619874944c63e660ca462510b3bed341f9c53588,poses/A71EV2A-x6944a/A71EV2A-x6944a_lowest-energy.openstructure.json,dcd987ce9143d60b50c9726c4fe117ee078a93dc2fe4a3d1775d32b019cecc5d,poses/A71EV2A-x6944a/A71EV2A-x6944a_lowest-energy.posebusters.csv,895fada09af49d86d018c320a9cd39e376393cde7e41ceeb917012a935ca5cf4
A71EV2A-x6944_A_4000_0_1_A71EV2A-x0526+A+147+0+1__LIG,CSc1ccccc1[C@@H](NC(=O)C1COC1)C(=O)N1CC[C@H](C(N)=O)C1,C006,8,best-RMSD,poses/A71EV2A-x6944a/A71EV2A-x6944a_best-RMSD.sdf,A71EV2A-x6944a,4,0.215,1.000,-134.114,-43.970,TRUE,3ac23e2f2ef2711960cbd36b65720c8f754ad077d7d6fada0f21d69739a42c0b,poses/A71EV2A-x6944a/A71EV2A-x6944a_best-RMSD.openstructure.json,dcd987ce9143d60b50c9726c4fe117ee078a93dc2fe4a3d1775d32b019cecc5d,poses/A71EV2A-x6944a/A71EV2A-x6944a_best-RMSD.posebusters.csv,895fada09af49d86d018c320a9cd39e376393cde7e41ceeb917012a935ca5cf4
A71EV2A-x6818_A_4000_0_1_A71EV2A-x0526+A+147+0+1__LIG,CSc1ccccc1[C@@H](NC(=O)CC(F)(F)F)C(=O)N1CC[C@H](C(N)=O)C1,C006,9,lowest-energy,poses/A71EV2A-x6818a/A71EV2A-x6818a_lowest-energy.sdf,A71EV2A-x6818a,7,0.366,0.994,-137.969,-33.580,TRUE,c101e817a103cb91ab4d745b00766849f1d4fc050f76fb3970200253717ab44e,poses/A71EV2A-x6818a/A71EV2A-x6818a_lowest-energy.openstructure.json,0f08297a477cc14de3561453b6f699df3a2ee4ca191f4ea2f2c76bd4a9f6f126,poses/A71EV2A-x6818a/A71EV2A-x6818a_lowest-energy.posebusters.csv,ec7070b773381884b2d5dd8fd8487ba5cf6ea1972509208fb2c5f7469ae94b8f
A71EV2A-x6818_A_4000_0_1_A71EV2A-x0526+A+147+0+1__LIG,CSc1ccccc1[C@@H](NC(=O)CC(F)(F)F)C(=O)N1CC[C@H](C(N)=O)C1,C006,9,best-RMSD,poses/A71EV2A-x6818a/A71EV2A-x6818a_best-RMSD.sdf,A71EV2A-x6818a,10,0.295,0.998,-136.889,-33.100,TRUE,e23a1d52f41fe9e24edadc7930f5cd0c629b7988274d7c750e0cc20276b81eff,poses/A71EV2A-x6818a/A71EV2A-x6818a_best-RMSD.openstructure.json,219a61f35b3e37f3a89e014b88f76bb7256412ff8116e3bacee4f2e9819577a2,poses/A71EV2A-x6818a/A71EV2A-x6818a_best-RMSD.posebusters.csv,9d53ebf9da9d28629112acb420d127b3a0ff796986b71f3f83443d189dbc4413
A71EV2A-x6821_A_4000_0_1_A71EV2A-x0526+A+147+0+1__LIG,CSc1ccccc1[C@@H](NC(=O)CNC(C)=O)C(=O)N1CC[C@H](C(N)=O)C1,C006,10,lowest-energy,poses/A71EV2A-x6821a/A71EV2A-x6821a_lowest-energy.sdf,A71EV2A-x6821a,8,0.297,1.000,-175.709,-40.660,TRUE,52319a6b8692ee083e2a09e29c5aaf6f5707221a26cf56616253774e39fb565b,poses/A71EV2A-x6821a/A71EV2A-x6821a_lowest-energy.openstructure.json,1ab29f90dd6f89efee51160010c1191ca83d48a0acecbdaafbdbbe5d404efc01,poses/A71EV2A-x6821a/A71EV2A-x6821a_lowest-energy.posebusters.csv,093f8520b7f29f102885030137d72c448cae0860d512d2d34bb6a31609026086
A71EV2A-x6821_A_4000_0_1_A71EV2A-x0526+A+147+0+1__LIG,CSc1ccccc1[C@@H](NC(=O)CNC(C)=O)C(=O)N1CC[C@H](C(N)=O)C1,C006,10,best-RMSD,poses/A71EV2A-x6821a/A71EV2A-x6821a_best-RMSD.sdf,A71EV2A-x6821a,2,0.296,1.000,-175.524,-40.180,TRUE,641206ad01b8afdc45201e37f6c4283c8ec28aedd57f289af7ef7a52a30f4bdf,poses/A71EV2A-x6821a/A71EV2A-x6821a_best-RMSD.openstructure.json,4247511f37955b3f1c3cf0faaf26e77fcf0ce044e9da914c68353a74fa33c4c5,poses/A71EV2A-x6821a/A71EV2A-x6821a_best-RMSD.posebusters.csv,c5515618ab6278cf9f0af13781a35a7e7838551bb4e09192dc81b688f1727946
A71EV2A-x6776_A_4000_0_1_A71EV2A-x0526+A+147+0+1__LIG,CSc1ccccc1[C@@H](NC(=O)C[NH+](C)C)C(=O)N1CC[C@H](C(N)=O)C1,C006,9,lowest-energy,poses/A71EV2A-x6776a/A71EV2A-x6776a_lowest-energy.sdf,A71EV2A-x6776a,4,0.376,0.987,-145.653,-38.680,TRUE,ecf70adf93970c80e8467675ed8ed2c0c3d6047a971ebcbfb74d943fc2bd059a,poses/A71EV2A-x6776a/A71EV2A-x6776a_lowest-energy.openstructure.json,6970b32d25f9cbd147fecddc5406a588207828ed33bbbcfd9da27b5a71923a9d,poses/A71EV2A-x6776a/A71EV2A-x6776a_lowest-energy.posebusters.csv,6308468670629fb0ccfb19c8b0e87d80e3287f2f9fee13bb00a782c586229150
A71EV2A-x6776_A_4000_0_1_A71EV2A-x0526+A+147+0+1__LIG,CSc1ccccc1[C@@H](NC(=O)C[NH+](C)C)C(=O)N1CC[C@H](C(N)=O)C1,C006,9,best-RMSD,poses/A71EV2A-x6776a/A71EV2A-x6776a_best-RMSD.sdf,A71EV2A-x6776a,7,0.368,0.989,-141.782,-36.370,TRUE,1cfcd20b20103fde3895cfec7b0480a2f77e8b9f85b1277226e8a88f91a34c29,poses/A71EV2A-x6776a/A71EV2A-x6776a_best-RMSD.openstructure.json,a0a0ccaa1b3606153917e449d9aa65af6612f92f03b14af23f54f580de37cc02,poses/A71EV2A-x6776a/A71EV2A-x6776a_best-RMSD.posebusters.csv,12af0bad887cca393dfc932bb8576241fe4d966065e2f06759591fe274a4f9d7
A71EV2A-x6819_A_4000_0_1_A71EV2A-x0526+A+147+0+1__LIG,CSc1ccccc1[C@@H](NC(=O)Cc1ccccc1)C(=O)N1CC[C@H](C(N)=O)C1,C006,9,lowest-energy,poses/A71EV2A-x6819a/A71EV2A-x6819a_lowest-energy.sdf,A71EV2A-x6819a,8,1.897,0.931,-147.672,-36.720,TRUE,f7c1f9ab7fb97650282c2ea798f50aea9a4b3c443e1c99f651e41a021b7940d0,poses/A71EV2A-x6819a/A71EV2A-x6819a_lowest-energy.openstructure.json,d002e8eba718b145f5c40d0d34db2bc42c20d7e84a37b1abcdc1ba1fa880f053,poses/A71EV2A-x6819a/A71EV2A-x6819a_lowest-energy.posebusters.csv,c146a2ba2143d639dcc5106784d8e3a2f91597723a04998462bc526577343e82
A71EV2A-x6819_A_4000_0_1_A71EV2A-x0526+A+147+0+1__LIG,CSc1ccccc1[C@@H](NC(=O)Cc1ccccc1)C(=O)N1CC[C@H](C(N)=O)C1,C006,9,best-RMSD,poses/A71EV2A-x6819a/A71EV2A-x6819a_best-RMSD.sdf,A71EV2A-x6819a,7,0.828,0.934,-133.757,-33.770,TRUE,123ac664026ff3be3381c34f70199e691bf8ccc4651036ac7af9730e20a61410,poses/A71EV2A-x6819a/A71EV2A-x6819a_best-RMSD.openstructure.json,9bc40b01c3c63853e4f9a2a990826c977428cc103a930775b98545ea84b52bc6,poses/A71EV2A-x6819a/A71EV2A-x6819a_best-RMSD.posebusters.csv,7c6ef040d11f4c840327a3afb82385558d54e29b2244220d5b9a2e2e2edee1c5
A71EV2A-x6856_A_4000_0_1_A71EV2A-x0526+A+147+0+1__LIG,CSc1ccccc1[C@@H](NC(=O)Cc1cccnc1)C(=O)N1CC[C@H](C(N)=O)C1,C006,9,lowest-energy,poses/A71EV2A-x6856a/A71EV2A-x6856a_lowest-energy.sdf,A71EV2A-x6856a,3,0.227,1.000,-150.916,-38.670,TRUE,434bec6628118326b8419cc418dad52391f2cdff3e3abeac8ccdd6e80a2a38a6,poses/A71EV2A-x6856a/A71EV2A-x6856a_lowest-energy.openstructure.json,e5bcda0edf675861d65cad745f8b3f12357996250f1877b774912b8bb4abddab,poses/A71EV2A-x6856a/A71EV2A-x6856a_lowest-energy.posebusters.csv,f4768f1066125e04743300ca5ce67fccc9763e633bfa686fc211069a453cf66c
A71EV2A-x6856_A_4000_0_1_A71EV2A-x0526+A+147+0+1__LIG,CSc1ccccc1[C@@H](NC(=O)Cc1cccnc1)C(=O)N1CC[C@H](C(N)=O)C1,C006,9,best-RMSD,poses/A71EV2A-x6856a/A71EV2A-x6856a_best-RMSD.sdf,A71EV2A-x6856a,3,0.227,1.000,-150.916,-38.670,TRUE,95860c0db61be35a1a5e7b0e2063e2f28a6419eed442a1c4091dfbe473421ac0,poses/A71EV2A-x6856a/A71EV2A-x6856a_best-RMSD.openstructure.json,e5bcda0edf675861d65cad745f8b3f12357996250f1877b774912b8bb4abddab,poses/A71EV2A-x6856a/A71EV2A-x6856a_best-RMSD.posebusters.csv,f4768f1066125e04743300ca5ce67fccc9763e633bfa686fc211069a453cf66c
A71EV2A-x6816_A_4000_0_1_A71EV2A-x0526+A+147+0+1__LIG,CSc1ccccc1[C@@H](NC(=O)Cn1cccn1)C(=O)N1CC[C@H](C(N)=O)C1,C006,9,lowest-energy,poses/A71EV2A-x6816a/A71EV2A-x6816a_lowest-energy.sdf,A71EV2A-x6816a,5,0.747,0.965,-142.020,-36.750,TRUE,f062f7d2ba81194c1c0e932dcc2bad4b2a6e9004c2449b0f23e3dc8feea3bcb7,poses/A71EV2A-x6816a/A71EV2A-x6816a_lowest-energy.openstructure.json,4098385f96610615c317b6631dac5c76ff020d96ec2315b0e10af85ddd71a357,poses/A71EV2A-x6816a/A71EV2A-x6816a_lowest-energy.posebusters.csv,1e7ef8d9adf5e5d6e69b46ba05d633f10f56f4bda5f7e359281b940b636fdf00
A71EV2A-x6816_A_4000_0_1_A71EV2A-x0526+A+147+0+1__LIG,CSc1ccccc1[C@@H](NC(=O)Cn1cccn1)C(=O)N1CC[C@H](C(N)=O)C1,C006,9,best-RMSD,poses/A71EV2A-x6816b/A71EV2A-x6816b_best-RMSD.sdf,A71EV2A-x6816b,6,0.501,0.981,-133.208,-37.450,TRUE,b771802ff9a754179f7504d44bca79310716651abd3cd86d1870e187c4296289,poses/A71EV2A-x6816b/A71EV2A-x6816b_best-RMSD.openstructure.json,aa8df242b52e5baf80ac53a6c6c1e6b1c1a73c9d1a467dd5d5fe6f4fe99b866f,poses/A71EV2A-x6816b/A71EV2A-x6816b_best-RMSD.posebusters.csv,e9cd6828aae9c0a7f295233f2b9ee0630eb95be2dd6fb535daf0af734ce42949
A71EV2A-x6847_A_4000_0_1_A71EV2A-x0526+A+147+0+1__LIG,CSc1ccccc1[C@@H](NC(=O)OC(C)(C)C)C(=O)N1CC[C@H](C(N)=O)C1,C006,9,lowest-energy,poses/A71EV2A-x6847a/A71EV2A-x6847a_lowest-energy.sdf,A71EV2A-x6847a,8,0.284,0.997,-139.911,-34.630,TRUE,451f915a729503619d80cbf35cf99773c80d0b7b0bc9d279a4d5f51a1e72f002,poses/A71EV2A-x6847a/A71EV2A-x6847a_lowest-energy.openstructure.json,38b042b2f525d3f08c38f74bca78363be18f47a7f71c98a992f017bf0bbe8136,poses/A71EV2A-x6847a/A71EV2A-x6847a_lowest-energy.posebusters.csv,67b68d9a3804a9d4778c6dbeef44096c6d95dc5a2e43a99e8342d005401ff30c
A71EV2A-x6847_A_4000_0_1_A71EV2A-x0526+A+147+0+1__LIG,CSc1ccccc1[C@@H](NC(=O)OC(C)(C)C)C(=O)N1CC[C@H](C(N)=O)C1,C006,9,best-RMSD,poses/A71EV2A-x6847a/A71EV2A-x6847a_best-RMSD.sdf,A71EV2A-x6847a,8,0.284,0.997,-139.911,-34.630,TRUE,c2620cd3973ac46d335ef5cdc94ce943df5a960a59c8cd08ccf7eef01186db01,poses/A71EV2A-x6847a/A71EV2A-x6847a_best-RMSD.openstructure.json,38b042b2f525d3f08c38f74bca78363be18f47a7f71c98a992f017bf0bbe8136,poses/A71EV2A-x6847a/A71EV2A-x6847a_best-RMSD.posebusters.csv,67b68d9a3804a9d4778c6dbeef44096c6d95dc5a2e43a99e8342d005401ff30c
A71EV2A-x5383_A_201_0_1_A71EV2A-x0526+A+147+0+1__LIG,CSc1ccccc1[C@@H](NC(C)=O)C(=O)N1CC[C@H](C(N)=O)C1,C006,7,lowest-energy,poses/A71EV2A-x5383a/A71EV2A-x5383a_lowest-energy.sdf,A71EV2A-x5383a,1,0.200,1.000,-149.574,-38.110,TRUE,f2660a53f3eb45c5a3ace66c31c6f3303c5fd77a659df6773ee52c57ceec2336,poses/A71EV2A-x5383a/A71EV2A-x5383a_lowest-energy.openstructure.json,d44b3c05e57fb31acbb56bae3136facf86e275b2709c2fc0948d5dac19d0cd39,poses/A71EV2A-x5383a/A71EV2A-x5383a_lowest-energy.posebusters.csv,1052a6bc19cef59fedcf33661275312ad69e15a95acc8734b59082d66d9da515
A71EV2A-x5383_A_201_0_1_A71EV2A-x0526+A+147+0+1__LIG,CSc1ccccc1[C@@H](NC(C)=O)C(=O)N1CC[C@H](C(N)=O)C1,C006,7,best-RMSD,poses/A71EV2A-x5383a/A71EV2A-x5383a_best-RMSD.sdf,A71EV2A-x5383a,9,0.194,1.000,-149.395,-38.160,TRUE,cd7b264676f06920e5ef699aa52a463be0561f03a93153723f8e440912811ca0,poses/A71EV2A-x5383a/A71EV2A-x5383a_best-RMSD.openstructure.json,8972ed4e48b6c75bd391d4de2f1e95d704bc045035cbb0183c92cdc10f441ed1,poses/A71EV2A-x5383a/A71EV2A-x5383a_best-RMSD.posebusters.csv,bb31c7efdf0b733cf4bb5fa277e168afb8a08ae29a56a1d0820233bf13641c14
A71EV2A-x7071_A_4000_0_1_A71EV2A-x0526+A+147+0+1__LIG,CSc1ccccc1[C@@H](NS(C)(=O)=O)C(=O)N1CC[C@H](C(N)=O)C1,C006,7,lowest-energy,poses/A71EV2A-x7071a/A71EV2A-x7071a_lowest-energy.sdf,A71EV2A-x7071a,10,0.278,0.992,-143.527,-41.250,TRUE,34be8edee05bb1cfea9f9a17116c2b91d3e737f39a1b6b93aaf3f5ebbca8fa07,poses/A71EV2A-x7071a/A71EV2A-x7071a_lowest-energy.openstructure.json,6ec0862c95d8250faaac07b3c40aa2f69a2e0621eece53bf7f12a0e8b3977a42,poses/A71EV2A-x7071a/A71EV2A-x7071a_lowest-energy.posebusters.csv,56b85f13c29dc2256b001948fe98e2d059f6bc631d92e747bd0370db789de10f
A71EV2A-x7071_A_4000_0_1_A71EV2A-x0526+A+147+0+1__LIG,CSc1ccccc1[C@@H](NS(C)(=O)=O)C(=O)N1CC[C@H](C(N)=O)C1,C006,7,best-RMSD,poses/A71EV2A-x7071a/A71EV2A-x7071a_best-RMSD.sdf,A71EV2A-x7071a,6,0.276,0.999,-143.479,-42.010,TRUE,18421583674c8f4aef2ea3f6b96abb7354a362a0fcd169bb4f58466b123f8052,poses/A71EV2A-x7071a/A71EV2A-x7071a_best-RMSD.openstructure.json,25df2fe4b587f4538cc8b18b55d3e0f0b2f42e565c4a5721645cbbe2b98e074b,poses/A71EV2A-x7071a/A71EV2A-x7071a_best-RMSD.posebusters.csv,283bd0c3c5abe911bc56757dfaa440f8840987bdc6a5816cb698f42664e4033a
A71EV2A-x5461_A_4000_0_1_A71EV2A-x0526+A+147+0+1__LIG,CSc1ccccc1[C@@H]([NH3+])C(=O)N1CC[C@H](C(N)=O)C1,C001,5,lowest-energy,poses/A71EV2A-x5461a/A71EV2A-x5461a_lowest-energy.sdf,A71EV2A-x5461a,3,0.322,0.999,-115.197,-36.990,TRUE,8c02daa2e299f4f3ce79827c7377e4f479930664653d34f6153030b6d65315db,poses/A71EV2A-x5461a/A71EV2A-x5461a_lowest-energy.openstructure.json,dfa4a855a5ccce1ba5b7c099ddfd42168f5bfa98b432f1af6fa4b6d0561a1624,poses/A71EV2A-x5461a/A71EV2A-x5461a_lowest-energy.posebusters.csv,0549cbffb1ed5271c213606f1fb820fe5919457fd442c87e6d3f423a95c592a6
A71EV2A-x5461_A_4000_0_1_A71EV2A-x0526+A+147+0+1__LIG,CSc1ccccc1[C@@H]([NH3+])C(=O)N1CC[C@H](C(N)=O)C1,C001,5,best-RMSD,poses/A71EV2A-x5461a/A71EV2A-x5461a_best-RMSD.sdf,A71EV2A-x5461a,10,0.301,1.000,-114.847,-36.330,TRUE,8c7c4d20285ab42f0e1f9fcc8e4ea90a097b8d2f4cdabe64aed99e34d23cf18e,poses/A71EV2A-x5461a/A71EV2A-x5461a_best-RMSD.openstructure.json,97155d6df1db80792c520a5484f3de51f73f95e6c4072c0dd249a66efd4bc42f,poses/A71EV2A-x5461a/A71EV2A-x5461a_best-RMSD.posebusters.csv,c92d1b802c003b36a2cff81df5f42194ed368a161061699856ef0b92ff676b92
A71EV2A-x7038_A_201_0_1_A71EV2A-x0526+A+147+0+1__LIG,CSc1ccccc1[C@H](C(=O)N1CC[C@H](C(N)=O)C1)N1CCCC1=O,C006,6,lowest-energy,poses/A71EV2A-x7038a/A71EV2A-x7038a_lowest-energy.sdf,A71EV2A-x7038a,2,0.239,1.000,-130.681,-34.490,TRUE,c150cfe2429707c6f865479c2cebb8593723608554f9f8f0860e0470ce533af8,poses/A71EV2A-x7038a/A71EV2A-x7038a_lowest-energy.openstructure.json,6e1060907deb1037b13e087b3a7f669dc8a8e5ec993b5ca51e7c114681cbd387,poses/A71EV2A-x7038a/A71EV2A-x7038a_lowest-energy.posebusters.csv,cb1064e8a97bcd1cb7cfb3f531e4b2cdf54e09eb09cf6c8ec12dbe3c16c87953
A71EV2A-x7038_A_201_0_1_A71EV2A-x0526+A+147+0+1__LIG,CSc1ccccc1[C@H](C(=O)N1CC[C@H](C(N)=O)C1)N1CCCC1=O,C006,6,best-RMSD,poses/A71EV2A-x7038a/A71EV2A-x7038a_best-RMSD.sdf,A71EV2A-x7038a,4,0.165,1.000,-130.430,-34.200,TRUE,8920332102fe26884484dc391a4697dbcbd07dbe35c0bdb4aa0bd10dff2e1d68,poses/A71EV2A-x7038a/A71EV2A-x7038a_best-RMSD.openstructure.json,62eee39782c55e3321128cb6c588b7ed727c8b38b3363bc077daa73b1c084c94,poses/A71EV2A-x7038a/A71EV2A-x7038a_best-RMSD.posebusters.csv,d6125eb14b6726595e31d62d17454aced5721541f766f26673cb6b5961548ed1
A71EV2A-x6726_A_4000_0_1_A71EV2A-x0526+A+147+0+1__LIG,CSc1ccccc1[C@H](NC(=O)CC1CC1)C(=O)N1CC[C@H](C(N)=O)C1,C006,9,lowest-energy,poses/A71EV2A-x6726a/A71EV2A-x6726a_lowest-energy.sdf,A71EV2A-x6726a,2,1.107,0.943,-136.518,-39.290,TRUE,4a402245d5dc02cceb119764b19835b915a1fe8dfe906f3d395ce0afc7c682f3,poses/A71EV2A-x6726a/A71EV2A-x6726a_lowest-energy.openstructure.json,0d2082f1186bd65991696b31f8dc25a1a7b27d3cc403f2d8770e78b7515eb30a,poses/A71EV2A-x6726a/A71EV2A-x6726a_lowest-energy.posebusters.csv,4c6db1cc19d0eab70d1ab53e262b1117ce78a294bb9012b81a2e06de052a3823
A71EV2A-x6726_A_4000_0_1_A71EV2A-x0526+A+147+0+1__LIG,CSc1ccccc1[C@H](NC(=O)CC1CC1)C(=O)N1CC[C@H](C(N)=O)C1,C006,9,best-RMSD,poses/A71EV2A-x6726a/A71EV2A-x6726a_best-RMSD.sdf,A71EV2A-x6726a,5,0.543,0.977,-133.563,-39.480,TRUE,fbf8430af062c47323c0744000430a695c39c4e9030add6c7f22b68c6ac92270,poses/A71EV2A-x6726a/A71EV2A-x6726a_best-RMSD.openstructure.json,7e23e96f945e9a743db03c2a9012293a1b680b7a83a50d2b56209106862c1163,poses/A71EV2A-x6726a/A71EV2A-x6726a_best-RMSD.posebusters.csv,772f9940f4166969f8258ffdf0b91a5d82efca1ffb82a7527a005003265a24e8
A71EV2A-x6851_A_4000_0_1_A71EV2A-x0526+A+147+0+1__LIG,CSc1ccccc1[C@H](NC(=O)OC(C)(C)C)C(=O)N1CC[C@H](C(N)=O)C1,C006,9,lowest-energy,poses/A71EV2A-x6851a/A71EV2A-x6851a_lowest-energy.sdf,A71EV2A-x6851a,9,0.256,1.000,-143.795,-37.970,TRUE,a7d5ffbfc6766006afc1b0e79b677a0371102170f13846cd6ca4f45aa6c1ce3d,poses/A71EV2A-x6851a/A71EV2A-x6851a_lowest-energy.openstructure.json,f78dd56b945fb350a5c56a26a85827df6d1d4afabcf29f8625916645b49d92a4,poses/A71EV2A-x6851a/A71EV2A-x6851a_lowest-energy.posebusters.csv,1a3977953965410182dcb40f493ca8a6b4d261ecbe02ee5e60dfdb9d79f7d3f1
A71EV2A-x6851_A_4000_0_1_A71EV2A-x0526+A+147+0+1__LIG,CSc1ccccc1[C@H](NC(=O)OC(C)(C)C)C(=O)N1CC[C@H](C(N)=O)C1,C006,9,best-RMSD,poses/A71EV2A-x6851a/A71EV2A-x6851a_best-RMSD.sdf,A71EV2A-x6851a,2,0.222,1.000,-143.150,-37.720,TRUE,d013004fb5a34fd1b91d3a388799ecd0a44c6bf76b873cb88852f882aa027090,poses/A71EV2A-x6851a/A71EV2A-x6851a_best-RMSD.openstructure.json,8347d13643a22998d3c9a50c6d0d7dd3384b7d2d5e15927a362c7f39fe9a9fcc,poses/A71EV2A-x6851a/A71EV2A-x6851a_best-RMSD.posebusters.csv,0e458ebf34c8f4bd39f0c35a1dac011010bd077d0a083beb02c6cce4a3b74e05
A71EV2A-x4914_A_201_0_1_A71EV2A-x0526+A+147+0+1__LIG,CSc1cccnc1CC(=O)N1CCC[C@H](C(N)=O)C1,C001,5,lowest-energy,poses/A71EV2A-x4914a/A71EV2A-x4914a_lowest-energy.sdf,A71EV2A-x4914a,2,0.429,0.989,-99.136,-30.220,TRUE,82e6dd1225fa3ee5a7ff604ecc7f5660e016ac69fb0c9aea1bd48890ab4aa3e1,poses/A71EV2A-x4914a/A71EV2A-x4914a_lowest-energy.openstructure.json,f6e6f9826f8dd89159644d61b1e3ad2bfa7e82c9d7b170bfe6e7de1f67caef38,poses/A71EV2A-x4914a/A71EV2A-x4914a_lowest-energy.posebusters.csv,f34ce1e31c577b4720c66741895e4ddcb680796819658e9e1bfb2fc6e8d23127
A71EV2A-x4914_A_201_0_1_A71EV2A-x0526+A+147+0+1__LIG,CSc1cccnc1CC(=O)N1CCC[C@H](C(N)=O)C1,C001,5,best-RMSD,poses/A71EV2A-x4914a/A71EV2A-x4914a_best-RMSD.sdf,A71EV2A-x4914a,1,0.312,1.000,-98.289,-29.400,TRUE,af436f7c109b2b7de161ed9a8dd987c6d3d1ec14e3f4156f40db4177faaa74d5,poses/A71EV2A-x4914a/A71EV2A-x4914a_best-RMSD.openstructure.json,16dc71386678c28a4939d399f8dccfe6a4f255fe9abf2eb8e22d4140d191ee83,poses/A71EV2A-x4914a/A71EV2A-x4914a_best-RMSD.posebusters.csv,fde9109a2ed0d6776d69c185b26d430bfc3c9dedf7719fdf840458aa3cbb6203
A71EV2A-x4827_A_201_0_1_A71EV2A-x0526+A+147+0+1__LIG,CSc1ccncc1CC(=O)N1CCC[C@H](C(N)=O)C1,C001,5,lowest-energy,poses/A71EV2A-x4827a/A71EV2A-x4827a_lowest-energy.sdf,A71EV2A-x4827a,7,0.272,0.997,-117.744,-35.340,TRUE,03c751f9c93d1c47096c9ed85339a8e7cc7de8c500061ff1d39cb43c963ad3ee,poses/A71EV2A-x4827a/A71EV2A-x4827a_lowest-energy.openstructure.json,8999a29ad4173100487d113652cbf4aa52b33b49137b666d3cb5da3cbe3c862c,poses/A71EV2A-x4827a/A71EV2A-x4827a_lowest-energy.posebusters.csv,e61ee954e9ce8f5601da1a670f93d0bc83cc44135a7cdb1dfc2ab66e3b3ba835
A71EV2A-x4827_A_201_0_1_A71EV2A-x0526+A+147+0+1__LIG,CSc1ccncc1CC(=O)N1CCC[C@H](C(N)=O)C1,C001,5,best-RMSD,poses/A71EV2A-x4827a/A71EV2A-x4827a_best-RMSD.sdf,A71EV2A-x4827a,4,0.179,1.000,-117.686,-35.060,TRUE,a6449d95883e74798640e9fe659399105e08118b66cf28ed64185e45d5eb0015,poses/A71EV2A-x4827a/A71EV2A-x4827a_best-RMSD.openstructure.json,d646fd9e1fcb56e254ddcc90aa2e5ac2ca9acf7430695693c41dbfee2d34c3bd,poses/A71EV2A-x4827a/A71EV2A-x4827a_best-RMSD.posebusters.csv,8811a18474b8118d6f55913f033a5f388a7c5602f0bd3683678f259504283dd6
A71EV2A-x4826_A_201_0_1_A71EV2A-x0526+A+147+0+1__LIG,CSc1ccncc1NC(=O)N1CCC[C@H](C(N)=O)C1,C001,5,lowest-energy,poses/A71EV2A-x4826a/A71EV2A-x4826a_lowest-energy.sdf,A71EV2A-x4826a,1,0.309,0.996,-134.843,-38.630,TRUE,8d7e203473e37bf7cefba4603d95ebcad4f95d33847549df94abb15d1adcc803,poses/A71EV2A-x4826a/A71EV2A-x4826a_lowest-energy.openstructure.json,69475a31e49e5ceb615d80161febc6609062f611dbd3c6b1226589e32fd20e59,poses/A71EV2A-x4826a/A71EV2A-x4826a_lowest-energy.posebusters.csv,b2c0f5eb46a5234697fe0200d6a9baaa75191ac119ce58c00d14098ed0187471
A71EV2A-x4826_A_201_0_1_A71EV2A-x0526+A+147+0+1__LIG,CSc1ccncc1NC(=O)N1CCC[C@H](C(N)=O)C1,C001,5,best-RMSD,poses/A71EV2A-x4826a/A71EV2A-x4826a_best-RMSD.sdf,A71EV2A-x4826a,3,0.209,1.000,-134.715,-38.250,TRUE,6e0044c20f8b5e24e3029f5119fde4033f12e517a1b8263fe2506f0d2b8056e8,poses/A71EV2A-x4826a/A71EV2A-x4826a_best-RMSD.openstructure.json,d5ed84129deb56e8503e89c0f3409f5af1470e46984a488519056025e906422a,poses/A71EV2A-x4826a/A71EV2A-x4826a_best-RMSD.posebusters.csv,c4373efff9059ba502dca7eb31ccc04b356156c87225580a6571850329704318
A71EV2A-x5182_A_201_0_1_A71EV2A-x0526+A+147+0+1__LIG,CSc1ccncc1NS(=O)(=O)N1CCC[C@H](C(N)=O)C1,C021,5,lowest-energy,poses/A71EV2A-x5182a/A71EV2A-x5182a_lowest-energy.sdf,A71EV2A-x5182a,1,2.226,0.804,-104.267,-36.250,TRUE,8830ba81c7f74385a39d26e324d2eeb0d9e884f9ff1004d5dae0bd483cfc9fa1,poses/A71EV2A-x5182a/A71EV2A-x5182a_lowest-energy.openstructure.json,626ced70dd0f1b73e11acbb11370b31dfe1ad2efe796573a467f63afd67fabd6,poses/A71EV2A-x5182a/A71EV2A-x5182a_lowest-energy.posebusters.csv,1d6e726b34c5f4ec6a39ce8e90cfa9a8a7918ce7f86c57e7b524be0b7b898f39
A71EV2A-x5182_A_201_0_1_A71EV2A-x0526+A+147+0+1__LIG,CSc1ccncc1NS(=O)(=O)N1CCC[C@H](C(N)=O)C1,C021,5,best-RMSD,poses/A71EV2A-x5182a/A71EV2A-x5182a_best-RMSD.sdf,A71EV2A-x5182a,7,0.251,1.000,-104.044,-38.470,TRUE,daff2b8d9974191cb3d23186e4de975736825c35e877b3516384f78a750ebbe2,poses/A71EV2A-x5182a/A71EV2A-x5182a_best-RMSD.openstructure.json,66c7c347c76a1e944f555644158313abe532a9daf20f10eb38b2e8b620f6aebd,poses/A71EV2A-x5182a/A71EV2A-x5182a_best-RMSD.posebusters.csv,f2e89fb651f4c9986a83cbc6c2533ceaaa12fcfff51f3dcd0a01c8186300412e
A71EV2A-x4703_A_201_0_1_A71EV2A-x0526+A+147+0+1__LIG,CSc1cn(C)nc1NC(=O)N1CCC[C@H](C(N)=O)C1,C012,5,lowest-energy,poses/A71EV2A-x4703a/A71EV2A-x4703a_lowest-energy.sdf,A71EV2A-x4703a,7,0.687,0.968,-122.674,-34.090,TRUE,92b172d0a7f073da6e4fe4a5efe4792f9d2aaeaa0a63c2cf8949e2b59ac5e5f9,poses/A71EV2A-x4703a/A71EV2A-x4703a_lowest-energy.openstructure.json,97162add77c97d5046155161763ad66778902ae535721cb34f3bf3faa2605b46,poses/A71EV2A-x4703a/A71EV2A-x4703a_lowest-energy.posebusters.csv,aafc1626bbd421e73c37808aaf9baecb28ca687454734ab487678dedcd6e774d
A71EV2A-x4703_A_201_0_1_A71EV2A-x0526+A+147+0+1__LIG,CSc1cn(C)nc1NC(=O)N1CCC[C@H](C(N)=O)C1,C012,5,best-RMSD,poses/A71EV2A-x4703a/A71EV2A-x4703a_best-RMSD.sdf,A71EV2A-x4703a,5,0.686,0.966,-122.168,-33.500,TRUE,6835a72f83c8ee6b1806e788e02055f357c48a8d414e1072e73072dbc82480aa,poses/A71EV2A-x4703a/A71EV2A-x4703a_best-RMSD.openstructure.json,9497249e08184aa0f7c28a5e796efd61069ab003bb1eeb68a569ff02e1c3943e,poses/A71EV2A-x4703a/A71EV2A-x4703a_best-RMSD.posebusters.csv,36060502c29bf6ebe0af01f792370a4738c91a08b2cb5fec39cb41210af6e286
A71EV2A-x4689_A_201_0_1_A71EV2A-x0526+A+147+0+1__LIG,CSc1cnccc1CC(=O)N1CCC[C@H](C(N)=O)C1,C001,5,lowest-energy,poses/A71EV2A-x4689a/A71EV2A-x4689a_lowest-energy.sdf,A71EV2A-x4689a,8,0.233,1.000,-100.415,-31.550,TRUE,81223b9240057e7e8959725dae231e8163985c5ce38db9612aa6e22536454c54,poses/A71EV2A-x4689a/A71EV2A-x4689a_lowest-energy.openstructure.json,7d1a26aa2bb7a595c0a29e224fee8649d626d386704b084bf2199edb1202b670,poses/A71EV2A-x4689a/A71EV2A-x4689a_lowest-energy.posebusters.csv,1198e710fbf4c0e6ecfe39d26680b6fed4506405db5539bf5074da15f2a193a0
A71EV2A-x4689_A_201_0_1_A71EV2A-x0526+A+147+0+1__LIG,CSc1cnccc1CC(=O)N1CCC[C@H](C(N)=O)C1,C001,5,best-RMSD,poses/A71EV2A-x4689a/A71EV2A-x4689a_best-RMSD.sdf,A71EV2A-x4689a,2,0.221,1.000,-100.193,-31.650,TRUE,e90f103063dec2828687c72d6c6c56f4a1f4d9c33a7147a6587847d13103bbe5,poses/A71EV2A-x4689a/A71EV2A-x4689a_best-RMSD.openstructure.json,d61f0cf3e4b64ef8cadd73eb044919d7c5d7bf3f5ba19c7eab729ce2b09c469e,poses/A71EV2A-x4689a/A71EV2A-x4689a_best-RMSD.posebusters.csv,2a33ef1966a717030d0ee152e1eefc264966be644e6f6e61d9f7922f770b1fb2
A71EV2A-x4812_A_201_0_1_A71EV2A-x0526+A+147+0+1__LIG,CSc1cncnc1CC(=O)N1CCC[C@H](C(N)=O)C1,C001,5,lowest-energy,poses/A71EV2A-x4812a/A71EV2A-x4812a_lowest-energy.sdf,A71EV2A-x4812a,10,0.336,0.992,-102.888,-27.140,TRUE,b4e1628bf43927671f84c776e01d29614df0e7b1a2ac1640f4b8b7829c0be38c,poses/A71EV2A-x4812a/A71EV2A-x4812a_lowest-energy.openstructure.json,092c6b11b6b7c61b4c8fb9f372dcc14728b459ffe0fe44db01dd4c89f434886c,poses/A71EV2A-x4812a/A71EV2A-x4812a_lowest-energy.posebusters.csv,ed7a9c65883c724ea6d31b7db73f9bfff07ccfdb7c840c3a206e294b8f25450c
A71EV2A-x4812_A_201_0_1_A71EV2A-x0526+A+147+0+1__LIG,CSc1cncnc1CC(=O)N1CCC[C@H](C(N)=O)C1,C001,5,best-RMSD,poses/A71EV2A-x4812a/A71EV2A-x4812a_best-RMSD.sdf,A71EV2A-x4812a,4,0.321,1.000,-102.410,-27.320,TRUE,c6384c53b8006b6fe2f84e3118630a281bc571f79fe0cf05b78a319b90192c5e,poses/A71EV2A-x4812a/A71EV2A-x4812a_best-RMSD.openstructure.json,61d801943d376bc7227dc0c71f4c6196cc75844d7a4cbe3c72efc463dcb28a87,poses/A71EV2A-x4812a/A71EV2A-x4812a_best-RMSD.posebusters.csv,0c531f6599f0719e5facec8338ec846576a09f1ef4a53f392e4a28e91d0571af
A71EV2A-x4998_A_201_A_1_A71EV2A-x0526+A+147+0+1_ALIG,CSc1cscc1CC(=O)N1CC(C(N)=O)C1,C001,5,lowest-energy,poses/A71EV2A-x4998b/A71EV2A-x4998b_lowest-energy.sdf,A71EV2A-x4998b,2,1.226,0.821,-54.496,-24.540,TRUE,c6f4a06eb3ff33a2812e85ac4d57817465a7d96fb93d8589cbdb5b24938ddf03,poses/A71EV2A-x4998b/A71EV2A-x4998b_lowest-energy.openstructure.json,ae01fc4ce64560e7cd55249b03660cf1c708cb10953748a9839f10b8997aaa20,poses/A71EV2A-x4998b/A71EV2A-x4998b_lowest-energy.posebusters.csv,dd688323c788cd826e6e22ec1ed19294f3334a37ee07a9edfd16f408f7bf854b
A71EV2A-x4998_A_201_A_1_A71EV2A-x0526+A+147+0+1_ALIG,CSc1cscc1CC(=O)N1CC(C(N)=O)C1,C001,5,best-RMSD,poses/A71EV2A-x4998a/A71EV2A-x4998a_best-RMSD.sdf,A71EV2A-x4998a,8,0.312,0.997,-53.548,-21.500,TRUE,5b7e9575b2eeb83c75435e50216b8e8468fe29751b51a84e9d57e0c4c81405c9,poses/A71EV2A-x4998a/A71EV2A-x4998a_best-RMSD.openstructure.json,958b40a000b0749d1c7afee3a3ddb370383ae0c0e79c48468508e12d3afc3c51,poses/A71EV2A-x4998a/A71EV2A-x4998a_best-RMSD.posebusters.csv,043785fb66fd377ec59d50b15076460d2848e6b6b6d1e9290995330e5faeedd6
A71EV2A-x4935_A_201_0_1_A71EV2A-x0526+A+147+0+1__LIG,CSc1cscc1CC(=O)N1CCC[C@H](C(N)=O)C1,C001,5,lowest-energy,poses/A71EV2A-x4935a/A71EV2A-x4935a_lowest-energy.sdf,A71EV2A-x4935a,1,0.265,1.000,-99.341,-29.330,TRUE,2b2a201536833fc0c2f9366d7a63a36852e0a4c41034239af4ffe3759f0a7ea6,poses/A71EV2A-x4935a/A71EV2A-x4935a_lowest-energy.openstructure.json,749b8cbb86a44ac23a148b7793a689d0cd242f6f548a879f81472a70689a9d8c,poses/A71EV2A-x4935a/A71EV2A-x4935a_lowest-energy.posebusters.csv,f602a62c7fd1bfcd41b6023f7dd4839bbc727178fad1d32fcd1da076387c4676
A71EV2A-x4935_A_201_0_1_A71EV2A-x0526+A+147+0+1__LIG,CSc1cscc1CC(=O)N1CCC[C@H](C(N)=O)C1,C001,5,best-RMSD,poses/A71EV2A-x4935a/A71EV2A-x4935a_best-RMSD.sdf,A71EV2A-x4935a,8,0.232,1.000,-99.102,-29.140,TRUE,34166853a6c662fe89e7dfb9074c22b97dc58ecfc99a81f37fba2552d98723b0,poses/A71EV2A-x4935a/A71EV2A-x4935a_best-RMSD.openstructure.json,08ab6dccd097c0f7e45244aed581f53cf0bbaa3395826332623159f878397b64,poses/A71EV2A-x4935a/A71EV2A-x4935a_best-RMSD.posebusters.csv,9dede5283bc76476cc4638e795886728f49f9d08fee23b7b664c2c409af2f537
A71EV2A-x5022_A_201_0_1_A71EV2A-x0526+A+147+0+1__LIG,CSc1nc2c(cc1NC(=O)N1CCC[C@H](C(N)=O)C1)CCCC2,C026,5,lowest-energy,poses/A71EV2A-x5022a/A71EV2A-x5022a_lowest-energy.sdf,A71EV2A-x5022a,10,0.470,0.977,-140.066,-36.400,TRUE,99ab5e84e2b2297a40f349c647661d42ce4f7d1110915945de9ab8b1c89b64ad,poses/A71EV2A-x5022a/A71EV2A-x5022a_lowest-energy.openstructure.json,9e4b9dce8efc0da1bd792ae334b48a0a722aa87708d4e38740ab09489056e7ed,poses/A71EV2A-x5022a/A71EV2A-x5022a_lowest-energy.posebusters.csv,b40473384f54822731c28bc251078f4ce540fc63c687e2849fb458742f7c5486
A71EV2A-x5022_A_201_0_1_A71EV2A-x0526+A+147+0+1__LIG,CSc1nc2c(cc1NC(=O)N1CCC[C@H](C(N)=O)C1)CCCC2,C026,5,best-RMSD,poses/A71EV2A-x5022b/A71EV2A-x5022b_best-RMSD.sdf,A71EV2A-x5022b,5,0.260,0.999,-127.251,-32.940,TRUE,4d4c3c76730ec2ea7be8b67aac7861a0c27375a21cde9a0201d68112c66f485b,poses/A71EV2A-x5022b/A71EV2A-x5022b_best-RMSD.openstructure.json,567cfbc2f2e9f2da2de56ed6d01eb263a10251db7d030f3e9e38744e752ace68,poses/A71EV2A-x5022b/A71EV2A-x5022b_best-RMSD.posebusters.csv,2ad15f0b0fa955a448eee0ddadb531f4633f3cdb30c8dd6c73c465d2df63d122
A71EV2A-x4918_A_201_0_1_A71EV2A-x0526+A+147+0+1__LIG,CSc1ncccc1CC(=O)N1CCC[C@H](C(N)=O)C1,C001,5,lowest-energy,poses/A71EV2A-x4918a/A71EV2A-x4918a_lowest-energy.sdf,A71EV2A-x4918a,7,0.281,0.998,-114.638,-33.980,TRUE,1033b6950a42a3d16f2b41d210bbbca61160232bb389de4afaeb43a7e00b3769,poses/A71EV2A-x4918a/A71EV2A-x4918a_lowest-energy.openstructure.json,ee56abb312063547a79357b7cdc28ee5b5390a67e35a7ca7319a5860bc9cc39f,poses/A71EV2A-x4918a/A71EV2A-x4918a_lowest-energy.posebusters.csv,67a2f4b888509d31e27697dec918ed6941ccd333681793efef37ffa8fc10b26f
A71EV2A-x4918_A_201_0_1_A71EV2A-x0526+A+147+0+1__LIG,CSc1ncccc1CC(=O)N1CCC[C@H](C(N)=O)C1,C001,5,best-RMSD,poses/A71EV2A-x4918a/A71EV2A-x4918a_best-RMSD.sdf,A71EV2A-x4918a,10,0.214,1.000,-114.410,-33.600,TRUE,8eceb6a418ac26c77bfdaeadf76d4f78b94c861b3d511938f0b98ddc6895701c,poses/A71EV2A-x4918a/A71EV2A-x4918a_best-RMSD.openstructure.json,eac018a1e4d703dfc2c249db63b7d549ff1201936469134709516b28266ad415,poses/A71EV2A-x4918a/A71EV2A-x4918a_best-RMSD.posebusters.csv,892fc9e976ab85beb70944e77b5ca3754e342a713bf3041483a884ca0566e75f
A71EV2A-x4883_A_201_0_1_A71EV2A-x0526+A+147+0+1__LIG,CSc1ncccc1NC(=O)N1CCC[C@H](C(N)=O)C1,C003,5,lowest-energy,poses/A71EV2A-x4883a/A71EV2A-x4883a_lowest-energy.sdf,A71EV2A-x4883a,3,0.215,1.000,-133.104,-37.160,TRUE,f8f945b3ec6f445661d21323f81a8671f8eb1f2bc94f370db513532d6bbcb28d,poses/A71EV2A-x4883a/A71EV2A-x4883a_lowest-energy.openstructure.json,0fd9f8dc9a97257d1c0912b9d0cda274e7a2e856bb7de0a8c5952a33055f74e0,poses/A71EV2A-x4883a/A71EV2A-x4883a_lowest-energy.posebusters.csv,578039edef7f21e9f277e203b7528375a8d2c97a259ac3f5d06e336f5c248be1
A71EV2A-x4883_A_201_0_1_A71EV2A-x0526+A+147+0+1__LIG,CSc1ncccc1NC(=O)N1CCC[C@H](C(N)=O)C1,C003,5,best-RMSD,poses/A71EV2A-x4883a/A71EV2A-x4883a_best-RMSD.sdf,A71EV2A-x4883a,4,0.194,1.000,-132.389,-36.450,TRUE,a664b2853affa7a5fd733b1c327665e0a9b46afe4a689112bee55e63bba10dc0,poses/A71EV2A-x4883a/A71EV2A-x4883a_best-RMSD.openstructure.json,7aef672179a952e1aa8b27932208d66894a7bb3822e77b0ec07549da53bc6d4c,poses/A71EV2A-x4883a/A71EV2A-x4883a_best-RMSD.posebusters.csv,44827a41db45bbabf910da8c78457ba514f2d65416f011b669ca1c34294d555f
A71EV2A-x4774_A_201_0_1_A71EV2A-x0526+A+147+0+1__LIG,CSc1nccnc1CC(=O)N1CCC[C@H](C(N)=O)C1,C001,5,lowest-energy,poses/A71EV2A-x4774a/A71EV2A-x4774a_lowest-energy.sdf,A71EV2A-x4774a,9,0.275,1.000,-114.289,-30.670,TRUE,502525b1d0503b22f9d899f44fb8cd3a4f5b2c6b7d95646434bce657a9bd6755,poses/A71EV2A-x4774a/A71EV2A-x4774a_lowest-energy.openstructure.json,50c82667f42e84d0a2dedc80157fe19b27a00eb1d635e871bbd996c5e152de40,poses/A71EV2A-x4774a/A71EV2A-x4774a_lowest-energy.posebusters.csv,723026b3498f29d20733d7ddd5c3df3b9f12c563488373f7a8ee50420b6688e9
A71EV2A-x4774_A_201_0_1_A71EV2A-x0526+A+147+0+1__LIG,CSc1nccnc1CC(=O)N1CCC[C@H](C(N)=O)C1,C001,5,best-RMSD,poses/A71EV2A-x4774a/A71EV2A-x4774a_best-RMSD.sdf,A71EV2A-x4774a,3,0.265,0.998,-113.596,-30.610,TRUE,84ffaa8f396064f7003531100a241bfc15b1d9326dd11d566712b2723710162d,poses/A71EV2A-x4774a/A71EV2A-x4774a_best-RMSD.openstructure.json,bd050719d9c2b63724cfa0574b89f1a94f914d427ae6390518ae072264d114d4,poses/A71EV2A-x4774a/A71EV2A-x4774a_best-RMSD.posebusters.csv,22d8bfd35729af8b491e85102c5873080cfa6c611f4ba752e560093be2da4ead
A71EV2A-x5544_A_201_0_1_A71EV2A-x0526+A+147+0+1__LIG,CSc1ncnc(-c2cn[nH]c2)c1CC(=O)N1CCC[C@H](C(N)=O)C1,C002,6,lowest-energy,poses/A71EV2A-x5544a/A71EV2A-x5544a_lowest-energy.sdf,A71EV2A-x5544a,7,0.715,0.976,-89.375,-30.320,TRUE,745ef547a90425a6e31cf2cfe89b7a8d749f4317b13affb975f87af806034eff,poses/A71EV2A-x5544a/A71EV2A-x5544a_lowest-energy.openstructure.json,a3d12d61c93e401a72f164aa73dddae3dbe9f40d8879320e7989df997e392c1e,poses/A71EV2A-x5544a/A71EV2A-x5544a_lowest-energy.posebusters.csv,e61fbecddc381abd3f2330fd7d30ba797fa887e574e3635b78ee27adef6256cf
A71EV2A-x5544_A_201_0_1_A71EV2A-x0526+A+147+0+1__LIG,CSc1ncnc(-c2cn[nH]c2)c1CC(=O)N1CCC[C@H](C(N)=O)C1,C002,6,best-RMSD,poses/A71EV2A-x5544a/A71EV2A-x5544a_best-RMSD.sdf,A71EV2A-x5544a,8,0.465,0.992,-88.332,-30.370,TRUE,b363af85ecb196720f7c9736c7b0128d1aa4078cb4abf1594ddf17d55bf4a7fb,poses/A71EV2A-x5544a/A71EV2A-x5544a_best-RMSD.openstructure.json,2676e5b55460c8ce099fe82bb514cacef543725919b2eabca575046d893eacd3,poses/A71EV2A-x5544a/A71EV2A-x5544a_best-RMSD.posebusters.csv,166714748a68742703d7a5056f755e4d2d2aa8c9008779ae8da4c763df47f452
A71EV2A-x7545_A_207_0_1_A71EV2A-x0526+A+147+0+1__LIG,CSc1ncnc(N(C)C)c1CC(=O)N1CCC[C@H](C(N)=O)C1,C001,6,lowest-energy,poses/A71EV2A-x7545a/A71EV2A-x7545a_lowest-energy.sdf,A71EV2A-x7545a,1,0.256,0.998,-115.033,-36.490,TRUE,22ff8985bed1a77a1527c1e0134ff743ab5a4dee6846e8b6d46f31446fbc115e,poses/A71EV2A-x7545a/A71EV2A-x7545a_lowest-energy.openstructure.json,7195caecc15e6c137568e8eaf763ccb0627352be65ad83a1d444498b7540c05b,poses/A71EV2A-x7545a/A71EV2A-x7545a_lowest-energy.posebusters.csv,ddec12db25c925301b0734ab7cb52336a01c31de324d374ed473bf4bb98f73f3
A71EV2A-x7545_A_207_0_1_A71EV2A-x0526+A+147+0+1__LIG,CSc1ncnc(N(C)C)c1CC(=O)N1CCC[C@H](C(N)=O)C1,C001,6,best-RMSD,poses/A71EV2A-x7545b/A71EV2A-x7545b_best-RMSD.sdf,A71EV2A-x7545b,7,0.249,0.997,-113.237,-34.640,TRUE,36a6b47e9dbcfa284eb2a92af8be9592908d5dc77be4f0d54f15f31aa8b178eb,poses/A71EV2A-x7545b/A71EV2A-x7545b_best-RMSD.openstructure.json,6ba93984330a0b4b93cd7d1f2f53d4c5a147474d89b338d331684064ebb13677,poses/A71EV2A-x7545b/A71EV2A-x7545b_best-RMSD.posebusters.csv,964ee6785ec30bfab0c9e65356a75e909a2548c9c1426f4ee3535e0f639c72ab
A71EV2A-x7580_A_207_0_1_A71EV2A-x0526+A+147+0+1__LIG,CSc1ncnc(N(C)C)c1CC(=O)N1C[C@@H](C(N)=O)C[C@H]2C[C@H]21,C002,6,lowest-energy,poses/A71EV2A-x7580b/A71EV2A-x7580b_lowest-energy.sdf,A71EV2A-x7580b,10,0.951,0.918,-43.366,-27.680,TRUE,46936a9e91249001d952ec20c4f4a7485e43720877fb09365b294f56aa56e6eb,poses/A71EV2A-x7580b/A71EV2A-x7580b_lowest-energy.openstructure.json,0e174862edcac4de80b7ca440c0cf651dc867648ef9a23f15d861861514b5c0d,poses/A71EV2A-x7580b/A71EV2A-x7580b_lowest-energy.posebusters.csv,44bb179c023f4804d829f78f3f48e693f7a587ee6268656642cd28b38f052f39
A71EV2A-x7580_A_207_0_1_A71EV2A-x0526+A+147+0+1__LIG,CSc1ncnc(N(C)C)c1CC(=O)N1C[C@@H](C(N)=O)C[C@H]2C[C@H]21,C002,6,best-RMSD,poses/A71EV2A-x7580b/A71EV2A-x7580b_best-RMSD.sdf,A71EV2A-x7580b,2,0.295,0.993,-1.268,-34.070,TRUE,cb2088d14554b326af656abbedc2d13ef6ae1afabce5d0dcc8ab19c1ae674873,poses/A71EV2A-x7580b/A71EV2A-x7580b_best-RMSD.openstructure.json,12e3f0c0318b69c71a6b9be774fde9234e83a9d4f13f32d3bd76d49d9ac9669c,poses/A71EV2A-x7580b/A71EV2A-x7580b_best-RMSD.posebusters.csv,a26040f60bf0b28f0d35dafb49f635264750e3f62c53d306d4693cfb1fa3d8f9
A71EV2A-x7172_A_201_0_1_A71EV2A-x0526+A+147+0+1__LIG,CSc1ncnc(N(C)C2CCC2)c1CC(=O)N1CCC[C@H](C(N)=O)C1,C001,7,lowest-energy,poses/A71EV2A-x7172a/A71EV2A-x7172a_lowest-energy.sdf,A71EV2A-x7172a,7,1.303,0.962,-116.458,-34.210,TRUE,1e4457f5a2557d69fb38bf673f778269e13e504450fb29ac4b67ca803b2b2c74,poses/A71EV2A-x7172a/A71EV2A-x7172a_lowest-energy.openstructure.json,636734159970f23fb3c8c2822e3a1a74295c376875a5fca10beea045d556cfc1,poses/A71EV2A-x7172a/A71EV2A-x7172a_lowest-energy.posebusters.csv,38e0ff3926e141b61fa63b1b4b4171cfbcc1e6bfed563ca3768f0768172930a4
A71EV2A-x7172_A_201_0_1_A71EV2A-x0526+A+147+0+1__LIG,CSc1ncnc(N(C)C2CCC2)c1CC(=O)N1CCC[C@H](C(N)=O)C1,C001,7,best-RMSD,poses/A71EV2A-x7172a/A71EV2A-x7172a_best-RMSD.sdf,A71EV2A-x7172a,9,0.763,0.986,-114.782,-34.290,TRUE,efb38ae1ea8429eab87a3475eca812cbe38d53cc89246553feba573dd14957f3,poses/A71EV2A-x7172a/A71EV2A-x7172a_best-RMSD.openstructure.json,367cef780cebf466a69f90efb2dbf28ad79e2d35da2624f6edb26bd6573ef82e,poses/A71EV2A-x7172a/A71EV2A-x7172a_best-RMSD.posebusters.csv,f0d90d6d8583c13440bb2b6f40cd515d37552df3ff0cc66f56b99f89e9fd8f26
A71EV2A-x7424_A_4000_0_1_A71EV2A-x0526+A+147+0+1__LIG,CSc1ncnc(N(C)C2CCOCC2)c1CC(=O)N1CCC[C@H](C(N)=O)C1,C002,7,lowest-energy,poses/A71EV2A-x7424a/A71EV2A-x7424a_lowest-energy.sdf,A71EV2A-x7424a,8,1.788,0.931,-120.623,-35.910,TRUE,9529099789b7df0d57ccccb96d98cf7d9aa1f619ec43fc3581ba9726c7d06ffa,poses/A71EV2A-x7424a/A71EV2A-x7424a_lowest-energy.openstructure.json,197541837bad826f0467ddeec00d7042d789166f0a9396b8ca5172be514b8f20,poses/A71EV2A-x7424a/A71EV2A-x7424a_lowest-energy.posebusters.csv,5e736bf6728b0b19a13b623da6d314e2a4af241744c7704faba8e63c0d37b595
A71EV2A-x7424_A_4000_0_1_A71EV2A-x0526+A+147+0+1__LIG,CSc1ncnc(N(C)C2CCOCC2)c1CC(=O)N1CCC[C@H](C(N)=O)C1,C002,7,best-RMSD,poses/A71EV2A-x7424a/A71EV2A-x7424a_best-RMSD.sdf,A71EV2A-x7424a,2,0.738,0.985,-114.543,-35.260,TRUE,49177206285ea46d4e05cef86bdaf3b4db7635f3d82b032381202fbb12402ada,poses/A71EV2A-x7424a/A71EV2A-x7424a_best-RMSD.openstructure.json,57aafa186bf3051afd482b97bfc9ba12703271d6e129d5b9d93167705337369a,poses/A71EV2A-x7424a/A71EV2A-x7424a_best-RMSD.posebusters.csv,6a53f5414cc486b22d60fa9361c8733264c7addd2e15bf44c05b9437de3d8909
A71EV2A-x7251_A_4000_0_1_A71EV2A-x0526+A+147+0+1__LIG,CSc1ncnc(N(C)CC(C)(C)O)c1CC(=O)N1CCC[C@H](C(N)=O)C1,C002,8,lowest-energy,poses/A71EV2A-x7251a/A71EV2A-x7251a_lowest-energy.sdf,A71EV2A-x7251a,3,1.137,0.971,-119.184,-36.110,TRUE,3ceec399da5db2f667a237317438065e7a507e4b9f62eaa3f535dd1aaf315f4c,poses/A71EV2A-x7251a/A71EV2A-x7251a_lowest-energy.openstructure.json,3734382a40d416261565062a7127ac1866378a7325f138a92f679f85c8d0116f,poses/A71EV2A-x7251a/A71EV2A-x7251a_lowest-energy.posebusters.csv,8f87b40d52d747ac21afbfd5fe60119fde75ec11bcecc07c080765a9b3898781
A71EV2A-x7251_A_4000_0_1_A71EV2A-x0526+A+147+0+1__LIG,CSc1ncnc(N(C)CC(C)(C)O)c1CC(=O)N1CCC[C@H](C(N)=O)C1,C002,8,best-RMSD,poses/A71EV2A-x7251a/A71EV2A-x7251a_best-RMSD.sdf,A71EV2A-x7251a,7,0.586,0.985,-111.885,-35.210,TRUE,fdaa06df1fe49165b8725f18377d9bfa058005914f237dd7a8265684325a0ddc,poses/A71EV2A-x7251a/A71EV2A-x7251a_best-RMSD.openstructure.json,c387382e3a7d326e835f97d83c41766ed0d4121b0de35e68526508590e99980b,poses/A71EV2A-x7251a/A71EV2A-x7251a_best-RMSD.posebusters.csv,75683a2fc0ac2560844bfa9f80212b5917976fe5275162d488b98b62e47027ec
A71EV2A-x7333_A_201_0_1_A71EV2A-x0526+A+147+0+1__LIG,CSc1ncnc(N(C)CC(C)(F)F)c1CC(=O)N1CCC[C@H](C(N)=O)C1,C002,8,lowest-energy,poses/A71EV2A-x7333a/A71EV2A-x7333a_lowest-energy.sdf,A71EV2A-x7333a,10,1.609,0.924,-119.737,-36.140,TRUE,a48a7cd0bc52c639b69468ef61edadcb0480cb81fbf02ef6cd8823c7bb6c5a0a,poses/A71EV2A-x7333a/A71EV2A-x7333a_lowest-energy.openstructure.json,6af4627c9a18c275d10a5674eae3e9f6b9e5992c55307287d99759d5e7b3782d,poses/A71EV2A-x7333a/A71EV2A-x7333a_lowest-energy.posebusters.csv,37532017d7895f11a51d5fa96486c5396eb9741809f514e7e94cc98e081caca2
A71EV2A-x7333_A_201_0_1_A71EV2A-x0526+A+147+0+1__LIG,CSc1ncnc(N(C)CC(C)(F)F)c1CC(=O)N1CCC[C@H](C(N)=O)C1,C002,8,best-RMSD,poses/A71EV2A-x7333a/A71EV2A-x7333a_best-RMSD.sdf,A71EV2A-x7333a,4,0.777,0.984,-116.316,-35.090,TRUE,be640f1dee8953664b3216356308cee74c649235e0d9b52a49d30a2ca3e92d8d,poses/A71EV2A-x7333a/A71EV2A-x7333a_best-RMSD.openstructure.json,e3adab356eb4e44cfdad322abfffe657725e80baa2ca2df90c7386cb1895b3a7,poses/A71EV2A-x7333a/A71EV2A-x7333a_best-RMSD.posebusters.csv,2fbe1007787e4bbeb9d4d305ccba63ce11ff13d0aa29e808ed1e9cbe5d22d320
A71EV2A-x7608_A_201_0_1_A71EV2A-x0526+A+147+0+1__LIG,CSc1ncnc(N(C)CC(F)(F)F)c1CC(=O)N1C[C@@H](C(N)=O)C[C@@H]2C[C@@H]21,C002,8,lowest-energy,poses/A71EV2A-x7608a/A71EV2A-x7608a_lowest-energy.sdf,A71EV2A-x7608a,3,1.234,0.953,-50.127,-31.630,TRUE,bb7633d9ebc4bbd0f01e8976d50916acd148a6800cf2f93fc23a5aa710ca403f,poses/A71EV2A-x7608a/A71EV2A-x7608a_lowest-energy.openstructure.json,fd9ac1117f7597c9c87c53fb912171ba1c83a841ac66eba40944bc91951b9cf9,poses/A71EV2A-x7608a/A71EV2A-x7608a_lowest-energy.posebusters.csv,befdff9cd8b01d9a0f3296ae06fd7721d15db5e8cf1c17e5330c90c39f2aee04
A71EV2A-x7608_A_201_0_1_A71EV2A-x0526+A+147+0+1__LIG,CSc1ncnc(N(C)CC(F)(F)F)c1CC(=O)N1C[C@@H](C(N)=O)C[C@@H]2C[C@@H]21,C002,8,best-RMSD,poses/A71EV2A-x7608a/A71EV2A-x7608a_best-RMSD.sdf,A71EV2A-x7608a,3,1.234,0.953,-50.127,-31.630,TRUE,2facc7fbc81fa81b38e93b4b2bf2b87f3641b4036d11cce92f8a45ed68564e03,poses/A71EV2A-x7608a/A71EV2A-x7608a_best-RMSD.openstructure.json,fd9ac1117f7597c9c87c53fb912171ba1c83a841ac66eba40944bc91951b9cf9,poses/A71EV2A-x7608a/A71EV2A-x7608a_best-RMSD.posebusters.csv,befdff9cd8b01d9a0f3296ae06fd7721d15db5e8cf1c17e5330c90c39f2aee04
A71EV2A-x7254_A_4000_0_1_A71EV2A-x0526+A+147+0+1__LIG,CSc1ncnc(N(C)CC2CCCC2)c1CC(=O)N1CCC[C@H](C(N)=O)C1,C002,8,lowest-energy,poses/A71EV2A-x7254a/A71EV2A-x7254a_lowest-energy.sdf,A71EV2A-x7254a,2,2.497,0.893,-123.225,-37.610,TRUE,0bf83229124f1a64355927b108717ac8a4c6af84462902e82caa2698dac2bad5,poses/A71EV2A-x7254a/A71EV2A-x7254a_lowest-energy.openstructure.json,b9947fe6ad276aa0c3ee6c76208c5f82833540e459689f72d02c9a238ffb85e4,poses/A71EV2A-x7254a/A71EV2A-x7254a_lowest-energy.posebusters.csv,4a7b828218cc10f866ed9f3672ae2dbc12bbf6f1420e61335017ecda91d58122
A71EV2A-x7254_A_4000_0_1_A71EV2A-x0526+A+147+0+1__LIG,CSc1ncnc(N(C)CC2CCCC2)c1CC(=O)N1CCC[C@H](C(N)=O)C1,C002,8,best-RMSD,poses/A71EV2A-x7254a/A71EV2A-x7254a_best-RMSD.sdf,A71EV2A-x7254a,1,1.237,0.981,-114.537,-36.060,TRUE,a69d842889b01e57ce1cbcae66e0b838c03f5fe6226b30153539e1b8668cbb08,poses/A71EV2A-x7254a/A71EV2A-x7254a_best-RMSD.openstructure.json,24bc17d99c9e4e4890172352faf55e17a3ae350eb35453d68efdec9b23c21069,poses/A71EV2A-x7254a/A71EV2A-x7254a_best-RMSD.posebusters.csv,df2da6752c0631698845e48de510cfddac776ebc82906db706bc7c877e6a390f
A71EV2A-x7338_A_4000_0_1_A71EV2A-x0526+A+147+0+1__LIG,CSc1ncnc(N(C)CCC(F)(F)F)c1CC(=O)N1CCC[C@H](C(N)=O)C1,C002,9,lowest-energy,poses/A71EV2A-x7338a/A71EV2A-x7338a_lowest-energy.sdf,A71EV2A-x7338a,1,1.348,0.948,-116.649,-34.110,TRUE,9ef06fabe368636685ee463b0601f1d69bbae584ba6e3ed28319d33584684619,poses/A71EV2A-x7338a/A71EV2A-x7338a_lowest-energy.openstructure.json,9a2aaf223b8746c8779c33f23447c946df444b7d4352f2ae0b78992b196662fa,poses/A71EV2A-x7338a/A71EV2A-x7338a_lowest-energy.posebusters.csv,1857cfe5f2f381691ef9ff42002ca2d02539dc8a97777874d1d31b4e60b35c7f
A71EV2A-x7338_A_4000_0_1_A71EV2A-x0526+A+147+0+1__LIG,CSc1ncnc(N(C)CCC(F)(F)F)c1CC(=O)N1CCC[C@H](C(N)=O)C1,C002,9,best-RMSD,poses/A71EV2A-x7338a/A71EV2A-x7338a_best-RMSD.sdf,A71EV2A-x7338a,3,0.830,0.980,-110.386,-32.060,TRUE,d488d9523b602758b36bb41611d132a57c59e0e4f0ca6297588abbc881b93b98,poses/A71EV2A-x7338a/A71EV2A-x7338a_best-RMSD.openstructure.json,48c580522cf16b3aa760de96f8a1c0da51c5c8e3964343480193b27505bccf75,poses/A71EV2A-x7338a/A71EV2A-x7338a_best-RMSD.posebusters.csv,af76dd0b7aee69d363ac1a84947d91140382fe60a8b526f9de4385504d441c69
A71EV2A-x7176_A_201_0_1_A71EV2A-x0526+A+147+0+1__LIG,CSc1ncnc(N(C)Cc2cc(F)c(F)c(F)c2)c1CC(=O)N1CCC[C@H](C(N)=O)C1,C002,8,lowest-energy,poses/A71EV2A-x7176a/A71EV2A-x7176a_lowest-energy.sdf,A71EV2A-x7176a,10,2.543,0.896,-108.859,-33.680,TRUE,45cfdc95d46162e01e3d0073c36c7f905aab57ddbbf77d1834f5b804d5bf9a30,poses/A71EV2A-x7176a/A71EV2A-x7176a_lowest-energy.openstructure.json,ef049fd468d5cf208936bab09967a5d6b2a07b1867969b3e951372905d131169,poses/A71EV2A-x7176a/A71EV2A-x7176a_lowest-energy.posebusters.csv,777df3b5fece7a73390453d04c29fc475e43a8782fcb949bf4a1e66005a6999c
A71EV2A-x7176_A_201_0_1_A71EV2A-x0526+A+147+0+1__LIG,CSc1ncnc(N(C)Cc2cc(F)c(F)c(F)c2)c1CC(=O)N1CCC[C@H](C(N)=O)C1,C002,8,best-RMSD,poses/A71EV2A-x7176a/A71EV2A-x7176a_best-RMSD.sdf,A71EV2A-x7176a,10,2.543,0.896,-108.859,-33.680,TRUE,e77b6cf1900533e2c9f1070c68bece7f0e00a5e6573ebdea6831ccfdf88b87a4,poses/A71EV2A-x7176a/A71EV2A-x7176a_best-RMSD.openstructure.json,ef049fd468d5cf208936bab09967a5d6b2a07b1867969b3e951372905d131169,poses/A71EV2A-x7176a/A71EV2A-x7176a_best-RMSD.posebusters.csv,777df3b5fece7a73390453d04c29fc475e43a8782fcb949bf4a1e66005a6999c
A71EV2A-x6914_A_4000_0_1_A71EV2A-x0526+A+147+0+1__LIG,CSc1ncnc(N(C)Cc2nn(C)cc2Cl)c1CC(=O)N1CCC[C@H](C(N)=O)C1,C002,8,lowest-energy,poses/A71EV2A-x6914a/A71EV2A-x6914a_lowest-energy.sdf,A71EV2A-x6914a,6,0.343,0.997,-112.235,-35.510,TRUE,bb726ff9681f4f69df1ae13e209e0debb0acc9964f93c9e9744ac8766c734489,poses/A71EV2A-x6914a/A71EV2A-x6914a_lowest-energy.openstructure.json,a26d99cda8345c66c9423fe298e16acab52275ce1f721b824963e0705c70f961,poses/A71EV2A-x6914a/A71EV2A-x6914a_lowest-energy.posebusters.csv,d27c946b20a01f0ca20d284512d796e56bceaa160e07cfa0a1fae8fa37e8f942
A71EV2A-x6914_A_4000_0_1_A71EV2A-x0526+A+147+0+1__LIG,CSc1ncnc(N(C)Cc2nn(C)cc2Cl)c1CC(=O)N1CCC[C@H](C(N)=O)C1,C002,8,best-RMSD,poses/A71EV2A-x6914a/A71EV2A-x6914a_best-RMSD.sdf,A71EV2A-x6914a,6,0.343,0.997,-112.235,-35.510,TRUE,1d465d75d202f468367eb36665b521deda63ef4da3880c85dd7fb7656e893017,poses/A71EV2A-x6914a/A71EV2A-x6914a_best-RMSD.openstructure.json,a26d99cda8345c66c9423fe298e16acab52275ce1f721b824963e0705c70f961,poses/A71EV2A-x6914a/A71EV2A-x6914a_best-RMSD.posebusters.csv,d27c946b20a01f0ca20d284512d796e56bceaa160e07cfa0a1fae8fa37e8f942
A71EV2A-x7436_A_4000_A_1_A71EV2A-x0526+A+147+0+1_ALIG,CSc1ncnc(N(C)[C@@H](C)c2ccccc2)c1CC(=O)N1CCC[C@H](C(N)=O)C1,C001,8,lowest-energy,poses/A71EV2A-x7436b/A71EV2A-x7436b_lowest-energy.sdf,A71EV2A-x7436b,6,0.871,0.970,-119.902,-40.090,TRUE,595f71d7bb3e38a92f1d408ee165aed697e14b9389b410335366ed4849f7d9b4,poses/A71EV2A-x7436b/A71EV2A-x7436b_lowest-energy.openstructure.json,92832ed66b9cb4d6e78c16df0887039fd957d6524511f9f0bc3baccf589a718c,poses/A71EV2A-x7436b/A71EV2A-x7436b_lowest-energy.posebusters.csv,0a7464fdf89e3486e20a2c443248c824469a76cb42383ffa1fa799551a3d9872
A71EV2A-x7436_A_4000_A_1_A71EV2A-x0526+A+147+0+1_ALIG,CSc1ncnc(N(C)[C@@H](C)c2ccccc2)c1CC(=O)N1CCC[C@H](C(N)=O)C1,C001,8,best-RMSD,poses/A71EV2A-x7436b/A71EV2A-x7436b_best-RMSD.sdf,A71EV2A-x7436b,6,0.871,0.970,-119.902,-40.090,TRUE,dd8294a0cb6c040e92c51e8cbf6d716a2937a68a0bed6dd15eb29a13a27f8c75,poses/A71EV2A-x7436b/A71EV2A-x7436b_best-RMSD.openstructure.json,92832ed66b9cb4d6e78c16df0887039fd957d6524511f9f0bc3baccf589a718c,poses/A71EV2A-x7436b/A71EV2A-x7436b_best-RMSD.posebusters.csv,0a7464fdf89e3486e20a2c443248c824469a76cb42383ffa1fa799551a3d9872
A71EV2A-x7263_A_4000_0_1_A71EV2A-x0526+A+147+0+1__LIG,CSc1ncnc(N2CC(C)(c3ccccc3F)C2)c1CC(=O)N1CCC[C@H](C(N)=O)C1,C002,7,lowest-energy,poses/A71EV2A-x7263a/A71EV2A-x7263a_lowest-energy.sdf,A71EV2A-x7263a,7,0.282,1.000,-96.501,-38.220,TRUE,a9006a7cf75d6f5ae77714cfa1252eb7d3cd9c40b8f12e8e59e2abf2b6ce0b1b,poses/A71EV2A-x7263a/A71EV2A-x7263a_lowest-energy.openstructure.json,ca19e5f330e037777a8d1c407dcb4e2061e6504565c1f67d78032c656f41498f,poses/A71EV2A-x7263a/A71EV2A-x7263a_lowest-energy.posebusters.csv,c44169d857d722209009b132fe4aacaed799be7ff1df0caced5436e82e95f20c
A71EV2A-x7263_A_4000_0_1_A71EV2A-x0526+A+147+0+1__LIG,CSc1ncnc(N2CC(C)(c3ccccc3F)C2)c1CC(=O)N1CCC[C@H](C(N)=O)C1,C002,7,best-RMSD,poses/A71EV2A-x7263a/A71EV2A-x7263a_best-RMSD.sdf,A71EV2A-x7263a,7,0.282,1.000,-96.501,-38.220,TRUE,0db1fcb93f8c8422be22c26717d37a64732d5288a6635566859d5cf10741eb8b,poses/A71EV2A-x7263a/A71EV2A-x7263a_best-RMSD.openstructure.json,ca19e5f330e037777a8d1c407dcb4e2061e6504565c1f67d78032c656f41498f,poses/A71EV2A-x7263a/A71EV2A-x7263a_best-RMSD.posebusters.csv,c44169d857d722209009b132fe4aacaed799be7ff1df0caced5436e82e95f20c
A71EV2A-x6920_A_4000_0_1_A71EV2A-x0526+A+147+0+1__LIG,CSc1ncnc(N2CC(C)C2)c1CC(=O)N1CCC[C@H](C(N)=O)C1,C001,6,lowest-energy,poses/A71EV2A-x6920a/A71EV2A-x6920a_lowest-energy.sdf,A71EV2A-x6920a,4,0.402,0.989,-91.156,-34.450,TRUE,5e7930c469915d89f485a7aa037985d55fe8c97c3c2a298b80e45c2b30f7cdeb,poses/A71EV2A-x6920a/A71EV2A-x6920a_lowest-energy.openstructure.json,06b83ff5f41de3295140e9cec649b955b7af0bd367d9c437c531891e2d06d458,poses/A71EV2A-x6920a/A71EV2A-x6920a_lowest-energy.posebusters.csv,a36938a6ea73cd3f4a43a567d92bb6fc8e653d0cb6e3cbc6b14b522060a8d2b7
A71EV2A-x6920_A_4000_0_1_A71EV2A-x0526+A+147+0+1__LIG,CSc1ncnc(N2CC(C)C2)c1CC(=O)N1CCC[C@H](C(N)=O)C1,C001,6,best-RMSD,poses/A71EV2A-x6920a/A71EV2A-x6920a_best-RMSD.sdf,A71EV2A-x6920a,4,0.402,0.989,-91.156,-34.450,TRUE,827cb7a63dbf96bf57c65d7a021b34ea962e6820c34363ecf9e0f7f5332438d8,poses/A71EV2A-x6920a/A71EV2A-x6920a_best-RMSD.openstructure.json,06b83ff5f41de3295140e9cec649b955b7af0bd367d9c437c531891e2d06d458,poses/A71EV2A-x6920a/A71EV2A-x6920a_best-RMSD.posebusters.csv,a36938a6ea73cd3f4a43a567d92bb6fc8e653d0cb6e3cbc6b14b522060a8d2b7
A71EV2A-x6895_A_4000_0_1_A71EV2A-x0526+A+147+0+1__LIG,CSc1ncnc(N2CC(CC3CCC3)C2)c1CC(=O)N1CCC[C@H](C(N)=O)C1,C002,8,lowest-energy,poses/A71EV2A-x6895a/A71EV2A-x6895a_lowest-energy.sdf,A71EV2A-x6895a,8,0.970,0.968,-91.549,-34.130,TRUE,1f80439a0a0556bb967c36122a955fbbc6f91ac5a50caa61670caa15b9be20e9,poses/A71EV2A-x6895a/A71EV2A-x6895a_lowest-energy.openstructure.json,52b87bf518c9d7531b7a0632a46a7d4c673c3f212028ea906601509a40fe9a78,poses/A71EV2A-x6895a/A71EV2A-x6895a_lowest-energy.posebusters.csv,5b1a1bf879bb6a7c8c67e5ca8721a6fd159e319af852c6f937697b248edb3d80
A71EV2A-x6895_A_4000_0_1_A71EV2A-x0526+A+147+0+1__LIG,CSc1ncnc(N2CC(CC3CCC3)C2)c1CC(=O)N1CCC[C@H](C(N)=O)C1,C002,8,best-RMSD,poses/A71EV2A-x6895a/A71EV2A-x6895a_best-RMSD.sdf,A71EV2A-x6895a,4,0.378,0.991,-88.714,-33.320,TRUE,9bb197fa3bb1cff917cb5a3541b7e0f384d166b12d79de8b3fbc42651bf9aee0,poses/A71EV2A-x6895a/A71EV2A-x6895a_best-RMSD.openstructure.json,f767eae468416dda968bb2331667ca9ae95dbd1f10cf992f0b7e98b1a4a194a2,poses/A71EV2A-x6895a/A71EV2A-x6895a_best-RMSD.posebusters.csv,61ea313e3a8e13443f2e1b4f21b62c4a27d95313c7d980420fea899155bbfe5f
A71EV2A-x7334_A_4000_A_1_A71EV2A-x0526+A+147+0+1_ALIG,CSc1ncnc(N2CC(O)C2)c1CC(=O)N1CCC[C@H](C(N)=O)C1,C001,6,lowest-energy,poses/A71EV2A-x7334a/A71EV2A-x7334a_lowest-energy.sdf,A71EV2A-x7334a,7,0.854,0.981,-106.251,-37.540,TRUE,d98b2ff54f0c6587b4a6ad2dd342cf83e5dbc88b4077ef53cd45dd9b00fa8b72,poses/A71EV2A-x7334a/A71EV2A-x7334a_lowest-energy.openstructure.json,aabff6d1d8d93a1962e40a3328b66f3832da2a0fedc8237f4e62ea46e0380bed,poses/A71EV2A-x7334a/A71EV2A-x7334a_lowest-energy.posebusters.csv,800233dd2b0b833e64e5792eb517673c0a8e79999e7d4c37fed15907bd265daa
A71EV2A-x7334_A_4000_A_1_A71EV2A-x0526+A+147+0+1_ALIG,CSc1ncnc(N2CC(O)C2)c1CC(=O)N1CCC[C@H](C(N)=O)C1,C001,6,best-RMSD,poses/A71EV2A-x7334a/A71EV2A-x7334a_best-RMSD.sdf,A71EV2A-x7334a,4,0.309,0.996,-101.638,-36.610,TRUE,ee948e7d19d774c9fe402a56afb4dadd0d2edaa8e1a6a36d291ea9dd920b76fc,poses/A71EV2A-x7334a/A71EV2A-x7334a_best-RMSD.openstructure.json,ceae780069c34c48407ad3eeedecad515005ff16418dbb50dcfe368acdf39a41,poses/A71EV2A-x7334a/A71EV2A-x7334a_best-RMSD.posebusters.csv,3f760ad9273525ac89a927f18bfcc0689037faf9911e1bb6eaaf7e7eb715496c
A71EV2A-x7095_A_4000_0_1_A71EV2A-x0526+A+147+0+1__LIG,CSc1ncnc(N2CC(Oc3ccccc3Cl)C2)c1CC(=O)N1CCC[C@H](C(N)=O)C1,C002,8,lowest-energy,poses/A71EV2A-x7095a/A71EV2A-x7095a_lowest-energy.sdf,A71EV2A-x7095a,7,1.364,0.943,-88.363,-34.240,TRUE,274358166ef7f24ce12a207070060d99ca67f9d2a093a44ef507fc4a76fff281,poses/A71EV2A-x7095a/A71EV2A-x7095a_lowest-energy.openstructure.json,fbb303b6a404fb3d60221bb16e2bb0fcee0f4b7c0fcf32e4e1bc9d6140222c76,poses/A71EV2A-x7095a/A71EV2A-x7095a_lowest-energy.posebusters.csv,7acd7af3d37c8e60addfa783787e438a2806b6008fb3414f7b035533e1b8de8f
A71EV2A-x7095_A_4000_0_1_A71EV2A-x0526+A+147+0+1__LIG,CSc1ncnc(N2CC(Oc3ccccc3Cl)C2)c1CC(=O)N1CCC[C@H](C(N)=O)C1,C002,8,best-RMSD,poses/A71EV2A-x7095a/A71EV2A-x7095a_best-RMSD.sdf,A71EV2A-x7095a,4,0.750,0.967,-87.313,-33.270,TRUE,74ba979893368060a160aa1c574a7e8ef59cf613388fd36baada2cec198afe54,poses/A71EV2A-x7095a/A71EV2A-x7095a_best-RMSD.openstructure.json,81c7a371e9a47d3e10e22c2bcf33890bd2eb02721730c2f6a841565ee7533b6f,poses/A71EV2A-x7095a/A71EV2A-x7095a_best-RMSD.posebusters.csv,34b9144a4ef1104119c5411eb1ab2e9082836e65491e1ae4f1eaa5d299c08fe6
A71EV2A-x5808_A_4000_0_1_A71EV2A-x0526+A+147+0+1__LIG,CSc1ncnc(N2CC(c3nncn3C)C2)c1CC(=O)N1CCC[C@H](C(N)=O)C1,C002,7,lowest-energy,poses/A71EV2A-x5808a/A71EV2A-x5808a_lowest-energy.sdf,A71EV2A-x5808a,4,2.122,0.909,-82.007,-37.560,TRUE,fa3dae56bed8ab07b18304190d051729268a8073544b07dcef696efa82427f27,poses/A71EV2A-x5808a/A71EV2A-x5808a_lowest-energy.openstructure.json,bc5cb1863cd9ead2b63d6fc6e1450f7ab478e108b24916db866e8beb9cbce155,poses/A71EV2A-x5808a/A71EV2A-x5808a_lowest-energy.posebusters.csv,823bfe57fd32ba3e210dd30f0837b5eefd58f473da5cab31859964e2d9bb6366
A71EV2A-x5808_A_4000_0_1_A71EV2A-x0526+A+147+0+1__LIG,CSc1ncnc(N2CC(c3nncn3C)C2)c1CC(=O)N1CCC[C@H](C(N)=O)C1,C002,7,best-RMSD,poses/A71EV2A-x5808a/A71EV2A-x5808a_best-RMSD.sdf,A71EV2A-x5808a,3,0.848,0.972,-78.943,-37.080,TRUE,f135c0bfa90d5d79cda4307dfc2d237dc94f6ab2e56e397685e1fc1dfef2c6f9,poses/A71EV2A-x5808a/A71EV2A-x5808a_best-RMSD.openstructure.json,392d4c30527c5e81ded3f1211b238105dd054ed7868903fd9c51f28a8e2294b0,poses/A71EV2A-x5808a/A71EV2A-x5808a_best-RMSD.posebusters.csv,195bea3434b3b5177987eddced47893b276a130217b877b2d24f737ec3618dd9
A71EV2A-x7170_A_4000_0_1_A71EV2A-x0526+A+147+0+1__LIG,CSc1ncnc(N2CCC(C#N)(CC(C)C)CC2)c1CC(=O)N1CCC[C@H](C(N)=O)C1,C002,8,lowest-energy,poses/A71EV2A-x7170a/A71EV2A-x7170a_lowest-energy.sdf,A71EV2A-x7170a,3,0.640,0.976,-118.007,-35.490,TRUE,d2bc4e5d04f221b28333961eb2eaaff47e04292e14e2c147eb5d1c973bc40817,poses/A71EV2A-x7170a/A71EV2A-x7170a_lowest-energy.openstructure.json,c7e6e15ece541588648ae4919a867169f04c158e306bf00a736737778c0d4cb4,poses/A71EV2A-x7170a/A71EV2A-x7170a_lowest-energy.posebusters.csv,d77dea80939df7e4f33e61ac689fec91a16a5d30d18d967939fed7e3e9f14a16
A71EV2A-x7170_A_4000_0_1_A71EV2A-x0526+A+147+0+1__LIG,CSc1ncnc(N2CCC(C#N)(CC(C)C)CC2)c1CC(=O)N1CCC[C@H](C(N)=O)C1,C002,8,best-RMSD,poses/A71EV2A-x7170a/A71EV2A-x7170a_best-RMSD.sdf,A71EV2A-x7170a,3,0.640,0.976,-118.007,-35.490,TRUE,0321b24ef82eaa867320b6a51d79910aaa5de64aa24ebde607023f60bc93ae3a,poses/A71EV2A-x7170a/A71EV2A-x7170a_best-RMSD.openstructure.json,c7e6e15ece541588648ae4919a867169f04c158e306bf00a736737778c0d4cb4,poses/A71EV2A-x7170a/A71EV2A-x7170a_best-RMSD.posebusters.csv,d77dea80939df7e4f33e61ac689fec91a16a5d30d18d967939fed7e3e9f14a16
A71EV2A-x7096_A_4000_0_1_A71EV2A-x0526+A+147+0+1__LIG,CSc1ncnc(N2CCC(C(=O)N(C(C)C)C(C)C)CC2)c1CC(=O)N1CCC[C@H](C(N)=O)C1,C002,10,lowest-energy,poses/A71EV2A-x7096a/A71EV2A-x7096a_lowest-energy.sdf,A71EV2A-x7096a,7,2.813,0.866,-122.304,-33.660,TRUE,2c6f18d7cebe9ee5d9fb214c1ec4984013875832e18af671041fc549e3bd0f66,poses/A71EV2A-x7096a/A71EV2A-x7096a_lowest-energy.openstructure.json,b9688bfcb6ad797404bd7e7d3b8e0f87f236a9b2e9764e3738cff0ff1e903815,poses/A71EV2A-x7096a/A71EV2A-x7096a_lowest-energy.posebusters.csv,a81055cb60b6db6d78ffbd4c39fe0ac81376116a4a65dac0c04ecbda2b897324
A71EV2A-x7096_A_4000_0_1_A71EV2A-x0526+A+147+0+1__LIG,CSc1ncnc(N2CCC(C(=O)N(C(C)C)C(C)C)CC2)c1CC(=O)N1CCC[C@H](C(N)=O)C1,C002,10,best-RMSD,poses/A71EV2A-x7096a/A71EV2A-x7096a_best-RMSD.sdf,A71EV2A-x7096a,8,0.976,0.960,-119.474,-32.950,TRUE,65be9f857ea454b914145d4602707b132c6d9b9770267aeddd43eddec53f62eb,poses/A71EV2A-x7096a/A71EV2A-x7096a_best-RMSD.openstructure.json,03a847bdd3be3cfe3785ce05b6dd1c792f5453d08811de6a527360db7db57d79,poses/A71EV2A-x7096a/A71EV2A-x7096a_best-RMSD.posebusters.csv,af8a7a7b1b0e50cd2fb467545f1ebcfb8c4b3d2b66d45860395c5d5a30f0bda9
A71EV2A-x7008_A_4000_0_1_A71EV2A-x0526+A+147+0+1__LIG,CSc1ncnc(N2CCC(N(C)S(C)(=O)=O)CC2)c1CC(=O)N1CCC[C@H](C(N)=O)C1,C002,8,lowest-energy,poses/A71EV2A-x7008a/A71EV2A-x7008a_lowest-energy.sdf,A71EV2A-x7008a,10,2.768,0.900,-118.137,-36.330,TRUE,0275f3a90959e5e7f8bc3d3e409f7b8bf01b5400661a31a1a33a977c6606333e,poses/A71EV2A-x7008a/A71EV2A-x7008a_lowest-energy.openstructure.json,4a66846a31244c415a5905b127861c87d4a8162ee3d93c5616476f770f2f17a5,poses/A71EV2A-x7008a/A71EV2A-x7008a_lowest-energy.posebusters.csv,28640c57888b8179313da6363f5ca338ade88b990fc522803b4c83c1dabed48b
A71EV2A-x7008_A_4000_0_1_A71EV2A-x0526+A+147+0+1__LIG,CSc1ncnc(N2CCC(N(C)S(C)(=O)=O)CC2)c1CC(=O)N1CCC[C@H](C(N)=O)C1,C002,8,best-RMSD,poses/A71EV2A-x7008a/A71EV2A-x7008a_best-RMSD.sdf,A71EV2A-x7008a,7,0.946,0.965,-115.470,-33.270,TRUE,d0232779191eb3c124d53252133b183f94eb7dcbdaf0e4ca89dc3b497aec4239,poses/A71EV2A-x7008a/A71EV2A-x7008a_best-RMSD.openstructure.json,cacb90ca88c56337badab5b77da42e0e2ec2e3a51892a570919c7a7c2c60c7da,poses/A71EV2A-x7008a/A71EV2A-x7008a_best-RMSD.posebusters.csv,ec49d61a9942baec733a9a28756d6e95e6d62b0204d6e7a0850e2ae5e7e48489
A71EV2A-x7154_A_4000_0_1_A71EV2A-x0526+A+147+0+1__LIG,CSc1ncnc(N2CCC(N3CCOC3=O)CC2)c1CC(=O)N1CCC[C@H](C(N)=O)C1,C002,7,lowest-energy,poses/A71EV2A-x7154a/A71EV2A-x7154a_lowest-energy.sdf,A71EV2A-x7154a,6,3.546,0.812,-135.071,-36.720,TRUE,0d32f25a720c7888e09af1a7d3900ff3b6513db4a2aacd9d0d1934e6c9e66821,poses/A71EV2A-x7154a/A71EV2A-x7154a_lowest-energy.openstructure.json,5f35fed80e0fb0978440cc4754785c90f5f7b42ddc116f075a412e1540f3292c,poses/A71EV2A-x7154a/A71EV2A-x7154a_lowest-energy.posebusters.csv,0c1ec1045d08cbbadc8ef5d2260298b9619375a59505b74425674095dca1f6ef
A71EV2A-x7154_A_4000_0_1_A71EV2A-x0526+A+147+0+1__LIG,CSc1ncnc(N2CCC(N3CCOC3=O)CC2)c1CC(=O)N1CCC[C@H](C(N)=O)C1,C002,7,best-RMSD,poses/A71EV2A-x7154a/A71EV2A-x7154a_best-RMSD.sdf,A71EV2A-x7154a,7,1.478,0.926,-132.420,-36.530,TRUE,dac796accc973d549de3d9741969ab053ddb0804cb6d775ee0819cdd9133a744,poses/A71EV2A-x7154a/A71EV2A-x7154a_best-RMSD.openstructure.json,a81fb90c688b50c5501c8be9fc34358d02526731b297685817a614862abd2c0d,poses/A71EV2A-x7154a/A71EV2A-x7154a_best-RMSD.posebusters.csv,2f9ba99c544be8fb6f94524f5076f4494f822af596c0465d6161b479fe219498
A71EV2A-x7056_A_4000_0_1_A71EV2A-x0526+A+147+0+1__LIG,CSc1ncnc(N2CCC3(CCC3)C2)c1CC(=O)N1CCC[C@H](C(N)=O)C1,C002,6,lowest-energy,poses/A71EV2A-x7056a/A71EV2A-x7056a_lowest-energy.sdf,A71EV2A-x7056a,4,1.478,0.938,-95.960,-32.100,TRUE,1466e5220d07803cf05be57b8f66c132eb270d6b9a05f023b813d6b981717894,poses/A71EV2A-x7056a/A71EV2A-x7056a_lowest-energy.openstructure.json,36d03f0687797867d5f1c5c0b33d7cb995caab952cddaa674f2af6b00f525c99,poses/A71EV2A-x7056a/A71EV2A-x7056a_lowest-energy.posebusters.csv,2a4725af04d4ba5f0e258038bfd1d076df8298395f529dee1e32f11b6a53ad16
A71EV2A-x7056_A_4000_0_1_A71EV2A-x0526+A+147+0+1__LIG,CSc1ncnc(N2CCC3(CCC3)C2)c1CC(=O)N1CCC[C@H](C(N)=O)C1,C002,6,best-RMSD,poses/A71EV2A-x7056a/A71EV2A-x7056a_best-RMSD.sdf,A71EV2A-x7056a,6,1.186,0.958,-92.937,-31.740,TRUE,7d592851545d761531ffdbe75fb840df92f12c994b5c11ee6f78fe1c340ac284,poses/A71EV2A-x7056a/A71EV2A-x7056a_best-RMSD.openstructure.json,b9ae3cf00dd671f4bb54a335c54d7d3a4b937f5dc7a0d3b794cbbc7754e90a69,poses/A71EV2A-x7056a/A71EV2A-x7056a_best-RMSD.posebusters.csv,40848d79a4add393923667715dcf758f267436701ce8b68a54767deef9352cfc
A71EV2A-x7024_A_4000_0_1_A71EV2A-x0526+A+147+0+1__LIG,CSc1ncnc(N2CCC3(CCCC3)C2)c1CC(=O)N1CCC[C@H](C(N)=O)C1,C002,6,lowest-energy,poses/A71EV2A-x7024a/A71EV2A-x7024a_lowest-energy.sdf,A71EV2A-x7024a,5,1.752,0.930,-116.032,-36.360,TRUE,4de126f92ae29937a21ea65bda91c5d8f555741bb498e3187a482bd39d27ab65,poses/A71EV2A-x7024a/A71EV2A-x7024a_lowest-energy.openstructure.json,a2d90616829b50536115b787aa70b214078d934c895f72d15631b87ac9fa0305,poses/A71EV2A-x7024a/A71EV2A-x7024a_lowest-energy.posebusters.csv,06d1a4b74e7c893c6df26a8482ffe53a6c0bc17b1ada0505fe81ddff828f4b42
A71EV2A-x7024_A_4000_0_1_A71EV2A-x0526+A+147+0+1__LIG,CSc1ncnc(N2CCC3(CCCC3)C2)c1CC(=O)N1CCC[C@H](C(N)=O)C1,C002,6,best-RMSD,poses/A71EV2A-x7024a/A71EV2A-x7024a_best-RMSD.sdf,A71EV2A-x7024a,7,0.549,0.995,-114.517,-36.940,TRUE,b54d3811c33c020a364fd63092ad6456496e980e38c31e02d442cecbde8aacbe,poses/A71EV2A-x7024a/A71EV2A-x7024a_best-RMSD.openstructure.json,246331b12140a973947ffba5beb41339eeb6fe7257ee97a19f040bb686bcf6d3,poses/A71EV2A-x7024a/A71EV2A-x7024a_best-RMSD.posebusters.csv,20c2f4f1d007ab1ad65de9ac6e3ec6072fb461c977a5e97f497791895cf1e5ac
A71EV2A-x7101_A_4000_0_1_A71EV2A-x0526+A+147+0+1__LIG,CSc1ncnc(N2CCC3(CCCCC3)C2)c1CC(=O)N1CCC[C@H](C(N)=O)C1,C002,6,lowest-energy,poses/A71EV2A-x7101a/A71EV2A-x7101a_lowest-energy.sdf,A71EV2A-x7101a,10,1.764,0.934,-114.415,-33.300,TRUE,c0080d26cdfacf6775a9a703c2911c61158542caa002436a013967b4443836ea,poses/A71EV2A-x7101a/A71EV2A-x7101a_lowest-energy.openstructure.json,f79b91364d80b29b65b52efd7475d2e470b8709e4b220e7a5651f51ba052860a,poses/A71EV2A-x7101a/A71EV2A-x7101a_lowest-energy.posebusters.csv,845738db5f7cbf96f05f6a653def76f5237781722824b5c8253db91391ceaf9c
A71EV2A-x7101_A_4000_0_1_A71EV2A-x0526+A+147+0+1__LIG,CSc1ncnc(N2CCC3(CCCCC3)C2)c1CC(=O)N1CCC[C@H](C(N)=O)C1,C002,6,best-RMSD,poses/A71EV2A-x7101a/A71EV2A-x7101a_best-RMSD.sdf,A71EV2A-x7101a,2,1.762,0.800,-78.258,-18.590,TRUE,3b3137436482d121ead066504f413286f4c9c009b2b826ac43a25dca5bd6f518,poses/A71EV2A-x7101a/A71EV2A-x7101a_best-RMSD.openstructure.json,97c98b5b0d5508be4e63e7d42c3384302f4a9ffec607acf9826693a549bd4cfe,poses/A71EV2A-x7101a/A71EV2A-x7101a_best-RMSD.posebusters.csv,f1404837d0abc2fee0f6bf5f1475d196aac38a92ff0ced724477d2bc12bb56fb
A71EV2A-x7284_A_201_0_1_A71EV2A-x0526+A+147+0+1__LIG,CSc1ncnc(N2CCC3(CCCO3)CC2)c1CC(=O)N1CCC[C@H](C(N)=O)C1,C002,6,lowest-energy,poses/A71EV2A-x7284a/A71EV2A-x7284a_lowest-energy.sdf,A71EV2A-x7284a,7,0.771,0.975,-114.546,-34.950,TRUE,defc9f903fdcf7165b0633e0124cb2f93ffbd2caf80e60c65228af069ddd3fdf,poses/A71EV2A-x7284a/A71EV2A-x7284a_lowest-energy.openstructure.json,aa52d9dce81b0e1660fc16b8ac506eeef9760ff164deebdf42ca66bb18bf6b1e,poses/A71EV2A-x7284a/A71EV2A-x7284a_lowest-energy.posebusters.csv,f8b4f9e083f3fa3bf3d2ad9b2ccfe5881e4610354c3bbaab377644c7d3671de9
A71EV2A-x7284_A_201_0_1_A71EV2A-x0526+A+147+0+1__LIG,CSc1ncnc(N2CCC3(CCCO3)CC2)c1CC(=O)N1CCC[C@H](C(N)=O)C1,C002,6,best-RMSD,poses/A71EV2A-x7284a/A71EV2A-x7284a_best-RMSD.sdf,A71EV2A-x7284a,7,0.771,0.975,-114.546,-34.950,TRUE,71c1d237877f96a168e7aa898e86199920258fbad2cb1a96bdfec11f5c700f27,poses/A71EV2A-x7284a/A71EV2A-x7284a_best-RMSD.openstructure.json,aa52d9dce81b0e1660fc16b8ac506eeef9760ff164deebdf42ca66bb18bf6b1e,poses/A71EV2A-x7284a/A71EV2A-x7284a_best-RMSD.posebusters.csv,f8b4f9e083f3fa3bf3d2ad9b2ccfe5881e4610354c3bbaab377644c7d3671de9
A71EV2A-x6838_A_201_0_1_A71EV2A-x0526+A+147+0+1__LIG,CSc1ncnc(N2CCCC2)c1CC(=O)N1C[C@@H](C([NH3+])=O)C[C@@H]2C[C@@H]21,C027,6,lowest-energy,poses/A71EV2A-x6838a/A71EV2A-x6838a_lowest-energy.sdf,A71EV2A-x6838a,5,6.026,0.330,-30.523,-20.750,TRUE,4a6ea293319ec508f9672cfa8645ca27d7667658629fc6734a2fa1412c0b056a,poses/A71EV2A-x6838a/A71EV2A-x6838a_lowest-energy.openstructure.json,d03ce0e5a995af2ee956e2df6a426ea978a61aee7defa7df6d64e28d6f77e130,poses/A71EV2A-x6838a/A71EV2A-x6838a_lowest-energy.posebusters.csv,f2c3d452259d0f99f6a3eb7047df98a16e3bf52b59efa23ce2b9a1323cdbd500
A71EV2A-x6838_A_201_0_1_A71EV2A-x0526+A+147+0+1__LIG,CSc1ncnc(N2CCCC2)c1CC(=O)N1C[C@@H](C([NH3+])=O)C[C@@H]2C[C@@H]21,C027,6,best-RMSD,poses/A71EV2A-x6838a/A71EV2A-x6838a_best-RMSD.sdf,A71EV2A-x6838a,3,1.640,0.768,-30.319,-18.230,TRUE,df27a35eb645ed673fc6cce1e3b193b6abb44c6ff7c6e0d2aef1ae1dfabb82ad,poses/A71EV2A-x6838a/A71EV2A-x6838a_best-RMSD.openstructure.json,3e640c21ccbc79cd732354396bef94d2b69fd043fec81b02da6cc07cb7701445,poses/A71EV2A-x6838a/A71EV2A-x6838a_best-RMSD.posebusters.csv,017869f20bf318f57270da0c3e97648193f2b1aef7b24ba6b2019e777d4113ae
A71EV2A-x7622_A_4000_0_1_A71EV2A-x0526+A+147+0+1__LIG,CSc1ncnc(N2CCCC2)c1NC(=O)N1C[C@@H](C(N)=O)C[C@@H]2C[C@@H]21,C027,6,lowest-energy,poses/A71EV2A-x7622a/A71EV2A-x7622a_lowest-energy.sdf,A71EV2A-x7622a,9,0.714,0.936,-66.284,-28.550,TRUE,de0a733a5a505b7ba7f85bd74ed53614bb640a70196a73844a633d953c7b2e3b,poses/A71EV2A-x7622a/A71EV2A-x7622a_lowest-energy.openstructure.json,b5b9a0182360b9aa3a88d88eafe788196cfbbab6b2dd64215054bfc5e4538857,poses/A71EV2A-x7622a/A71EV2A-x7622a_lowest-energy.posebusters.csv,9a9737ac18cc1637bb61929be0f659a173bdd2055d37f1ddc52beec740760c7a
A71EV2A-x7622_A_4000_0_1_A71EV2A-x0526+A+147+0+1__LIG,CSc1ncnc(N2CCCC2)c1NC(=O)N1C[C@@H](C(N)=O)C[C@@H]2C[C@@H]21,C027,6,best-RMSD,poses/A71EV2A-x7622a/A71EV2A-x7622a_best-RMSD.sdf,A71EV2A-x7622a,4,0.413,0.988,-10.117,-32.480,TRUE,e4a5d1f5546737c0d453f6ddb149d60eaaf2cd3355034e1f44fe2b07ef7cf4ca,poses/A71EV2A-x7622a/A71EV2A-x7622a_best-RMSD.openstructure.json,f35b4407e14ca16fa91dbc5d4ca0df53f6c4a5465df200ecb11eac62cb0bda85,poses/A71EV2A-x7622a/A71EV2A-x7622a_best-RMSD.posebusters.csv,6bce02857afa4b3aeaebce314490a9f2c0b434d8bdbebb81ec289d74779d00f0
A71EV2A-x7560_A_207_0_1_A71EV2A-x0526+A+147+0+1__LIG,CSc1ncnc(N2CCCCCC2)c1CC(=O)N1CCC[C@H](C(N)=O)C1,C001,6,lowest-energy,poses/A71EV2A-x7560b/A71EV2A-x7560b_lowest-energy.sdf,A71EV2A-x7560b,4,0.810,0.968,-115.001,-35.100,TRUE,71e7bec687bbbe20c8b942a143386d03f7ac99a7bdc3ef0d31d803107dce0152,poses/A71EV2A-x7560b/A71EV2A-x7560b_lowest-energy.openstructure.json,321c74f8c7f00cdafcaeaf4fb47c83438c6fdc08498615339a555f89b2e262b3,poses/A71EV2A-x7560b/A71EV2A-x7560b_lowest-energy.posebusters.csv,127d5edb4f2cf4df9baa1006aaee5f106b0eb3c0656c6c98e29c497a62effbcf
A71EV2A-x7560_A_207_0_1_A71EV2A-x0526+A+147+0+1__LIG,CSc1ncnc(N2CCCCCC2)c1CC(=O)N1CCC[C@H](C(N)=O)C1,C001,6,best-RMSD,poses/A71EV2A-x7560b/A71EV2A-x7560b_best-RMSD.sdf,A71EV2A-x7560b,8,0.504,0.986,-112.831,-34.410,TRUE,d28d0c8b9e42436777120013c4d1dbd4d0c8a9c4448758fc4d1c31f0539560f7,poses/A71EV2A-x7560b/A71EV2A-x7560b_best-RMSD.openstructure.json,52fb02063a30ad10f079c20a15a09995b1cde9ee6d4e54f6ebfbb76cce118a28,poses/A71EV2A-x7560b/A71EV2A-x7560b_best-RMSD.posebusters.csv,dcfb847c97c5058298b14f9eaaa9dd29bdeb86c22fe2639ec0031c7a67f4c1c4
A71EV2A-x7420_A_4000_0_1_A71EV2A-x0526+A+147+0+1__LIG,CSc1ncnc(N2CCCC[C@@H]2C(C)C)c1CC(=O)N1CCC[C@H](C(N)=O)C1,C002,7,lowest-energy,poses/A71EV2A-x7420a/A71EV2A-x7420a_lowest-energy.sdf,A71EV2A-x7420a,7,2.029,0.901,-112.172,-35.760,TRUE,3b1a0699dbe93fc7973663897c486dbc927df9834212ac9c9764690f1cefd7c8,poses/A71EV2A-x7420a/A71EV2A-x7420a_lowest-energy.openstructure.json,8962ec675332346ab25c6983e2d6c78cc2acd24828757044c0c557ded31a0ca8,poses/A71EV2A-x7420a/A71EV2A-x7420a_lowest-energy.posebusters.csv,62e102c130856f497933eac9ef9d3da7257f8f4fd661210a2640cb122f8027f9
A71EV2A-x7420_A_4000_0_1_A71EV2A-x0526+A+147+0+1__LIG,CSc1ncnc(N2CCCC[C@@H]2C(C)C)c1CC(=O)N1CCC[C@H](C(N)=O)C1,C002,7,best-RMSD,poses/A71EV2A-x7420a/A71EV2A-x7420a_best-RMSD.sdf,A71EV2A-x7420a,10,0.573,0.988,-107.903,-34.370,TRUE,6f67fc0245b6922f20f30c36b52c3a40782dcf8f256a0d7c726213820c0b15f3,poses/A71EV2A-x7420a/A71EV2A-x7420a_best-RMSD.openstructure.json,efbb6e0235619d240aa7ba71beace3f545c0b532d13a26fa25603d33a499dc67,poses/A71EV2A-x7420a/A71EV2A-x7420a_best-RMSD.posebusters.csv,f91bb781afc1a9da0076767e621307a3acb9734051941ce0c3c847b3bec996d4
A71EV2A-x7430_A_4000_0_1_A71EV2A-x0526+A+147+0+1__LIG,CSc1ncnc(N2CCCC[C@H]2CO)c1CC(=O)N1CCC[C@H](C(N)=O)C1,C002,7,lowest-energy,poses/A71EV2A-x7430a/A71EV2A-x7430a_lowest-energy.sdf,A71EV2A-x7430a,8,0.932,0.967,-117.686,-33.850,TRUE,a6980290ce9717eca05debab3c5366b48dbb3d1fa3529dab39b21b9b68b23098,poses/A71EV2A-x7430a/A71EV2A-x7430a_lowest-energy.openstructure.json,20a7e6a5cfa9df2f34607f4e79c5e36a28746f2dfa9a87985ecf00b5cdc02e74,poses/A71EV2A-x7430a/A71EV2A-x7430a_lowest-energy.posebusters.csv,3133a08cc44fb29d50719983b8ddb3bb618ad89204220915c9df736b1a4dbfd5
A71EV2A-x7430_A_4000_0_1_A71EV2A-x0526+A+147+0+1__LIG,CSc1ncnc(N2CCCC[C@H]2CO)c1CC(=O)N1CCC[C@H](C(N)=O)C1,C002,7,best-RMSD,poses/A71EV2A-x7430a/A71EV2A-x7430a_best-RMSD.sdf,A71EV2A-x7430a,9,0.397,0.992,-113.143,-34.770,TRUE,649e7564fbf6edc9ca32f493530afa8b42022b6e4cfebf786c18862037dcfac6,poses/A71EV2A-x7430a/A71EV2A-x7430a_best-RMSD.openstructure.json,c007908b810ba6cfb6999fd91c037a89bbfaf401d32e7b12c6baf306f857d721,poses/A71EV2A-x7430a/A71EV2A-x7430a_best-RMSD.posebusters.csv,c8f861b309781f66ea751c5502f1775b3df4b86157dd363fdeb3b79419204e9d
A71EV2A-x7309_A_4000_0_1_A71EV2A-x0526+A+147+0+1__LIG,CSc1ncnc(N2CCC[C@@H]2C(=O)N(C)C)c1CC(=O)N1CCC[C@H](C(N)=O)C1,C002,8,lowest-energy,poses/A71EV2A-x7309a/A71EV2A-x7309a_lowest-energy.sdf,A71EV2A-x7309a,4,0.306,1.000,-135.702,-35.970,TRUE,ba82794dfc114522bbaf35feb0d60b56b6d52e38592355fef7ffa4ae32e05de1,poses/A71EV2A-x7309a/A71EV2A-x7309a_lowest-energy.openstructure.json,7650372f15a04926da6cc0a33a357e5757e50ac4da58090e8f06112c93745842,poses/A71EV2A-x7309a/A71EV2A-x7309a_lowest-energy.posebusters.csv,9ee1f35e9687daae8e4f92d11c3b87fe16854a2ab042cdd01c94516a87babdca
A71EV2A-x7309_A_4000_0_1_A71EV2A-x0526+A+147+0+1__LIG,CSc1ncnc(N2CCC[C@@H]2C(=O)N(C)C)c1CC(=O)N1CCC[C@H](C(N)=O)C1,C002,8,best-RMSD,poses/A71EV2A-x7309a/A71EV2A-x7309a_best-RMSD.sdf,A71EV2A-x7309a,7,0.260,1.000,-135.666,-36.310,TRUE,84e1c53debfbb5fe8ae29678c61b1de481f7ebb08bbc0cf0f742e2e45ef8394c,poses/A71EV2A-x7309a/A71EV2A-x7309a_best-RMSD.openstructure.json,45c16e1e3455e6db422878813944f22696a95b001be9c2b2bd843e42f0876e9a,poses/A71EV2A-x7309a/A71EV2A-x7309a_best-RMSD.posebusters.csv,675d4db62db02286dbe64adc633f8d3cfc62b04bdf275ff3477c0491c83bcb40
A71EV2A-x7135_A_201_0_1_A71EV2A-x0526+A+147+0+1__LIG,CSc1ncnc(N2CCC[C@@H]2C(C)C)c1CC(=O)N1CCC[C@H](C(N)=O)C1,C002,7,lowest-energy,poses/A71EV2A-x7135a/A71EV2A-x7135a_lowest-energy.sdf,A71EV2A-x7135a,10,1.618,0.939,-117.484,-35.850,TRUE,3add97c758ac4a78106ec959bf5693139f33392b8dac38ccdfe22c4d489807ee,poses/A71EV2A-x7135a/A71EV2A-x7135a_lowest-energy.openstructure.json,67405800c3c4ae449bab7cadc31cdc9fd80dfc8c13bf92cfbd0c816c506ff761,poses/A71EV2A-x7135a/A71EV2A-x7135a_lowest-energy.posebusters.csv,b9fed1b6c94ca15fe2c8be6a032ec6e9c8e78d4838af890c7c723b0f2d11b62e
A71EV2A-x7135_A_201_0_1_A71EV2A-x0526+A+147+0+1__LIG,CSc1ncnc(N2CCC[C@@H]2C(C)C)c1CC(=O)N1CCC[C@H](C(N)=O)C1,C002,7,best-RMSD,poses/A71EV2A-x7135a/A71EV2A-x7135a_best-RMSD.sdf,A71EV2A-x7135a,7,0.457,0.997,-116.122,-36.710,TRUE,fa40696ba4dd9324691a7d1befdbdbf5085d930824af0eee9cc6dd84d0f80c21,poses/A71EV2A-x7135a/A71EV2A-x7135a_best-RMSD.openstructure.json,60d144607f33ac7c3f5ad67b7895abd718d3c124dacc873a2a622712d491c5cd,poses/A71EV2A-x7135a/A71EV2A-x7135a_best-RMSD.posebusters.csv,a87d352ab44d47a3c1880117d9d255c76a333946a0d91fca47c83ce0554a0c6c
A71EV2A-x6832_A_201_0_1_A71EV2A-x0526+A+147+0+1__LIG,CSc1ncnc(N2CCC[C@@H]2C(N)=O)c1CC(=O)N1CCC[C@H](C(N)=O)C1,C001,7,lowest-energy,poses/A71EV2A-x6832a/A71EV2A-x6832a_lowest-energy.sdf,A71EV2A-x6832a,2,0.488,0.988,-118.536,-33.830,TRUE,a626818763122ea529af4faacb44eda6a01a04db8894719ab8d1d9e3c35a3425,poses/A71EV2A-x6832a/A71EV2A-x6832a_lowest-energy.openstructure.json,d9f7a2ca71cb1a214aa5ad290aed04c92d7b86d0baccdfd7915c77313f0c0775,poses/A71EV2A-x6832a/A71EV2A-x6832a_lowest-energy.posebusters.csv,67893c7167d6e288729a1a40da13a2f259cc728ad413cd1c986eb1fa7517c33a
A71EV2A-x6832_A_201_0_1_A71EV2A-x0526+A+147+0+1__LIG,CSc1ncnc(N2CCC[C@@H]2C(N)=O)c1CC(=O)N1CCC[C@H](C(N)=O)C1,C001,7,best-RMSD,poses/A71EV2A-x6832a/A71EV2A-x6832a_best-RMSD.sdf,A71EV2A-x6832a,2,0.488,0.988,-118.536,-33.830,TRUE,29da44389c6870964f1e5d2bf8c7421b87e8971e8c59e6d9d0cdac970b4c99b7,poses/A71EV2A-x6832a/A71EV2A-x6832a_best-RMSD.openstructure.json,d9f7a2ca71cb1a214aa5ad290aed04c92d7b86d0baccdfd7915c77313f0c0775,poses/A71EV2A-x6832a/A71EV2A-x6832a_best-RMSD.posebusters.csv,67893c7167d6e288729a1a40da13a2f259cc728ad413cd1c986eb1fa7517c33a
A71EV2A-x7533_A_207_0_1_A71EV2A-x0526+A+147+0+1__LIG,CSc1ncnc(N2CCC[C@@H]2C)c1CC(=O)N1CCC[C@H](C(N)=O)C1,C001,6,lowest-energy,poses/A71EV2A-x7533a/A71EV2A-x7533a_lowest-energy.sdf,A71EV2A-x7533a,10,0.417,0.996,-113.679,-36.650,TRUE,c99be2bdfe80cf3c2149d36e3d6dd232566966f691f57972b1fc5d5cd5b9d80b,poses/A71EV2A-x7533a/A71EV2A-x7533a_lowest-energy.openstructure.json,ab92072610e4a6a151df6f45e2a6b9ea3571a0d933d7839e5994e5f8bda09d2a,poses/A71EV2A-x7533a/A71EV2A-x7533a_lowest-energy.posebusters.csv,6941811c0997c90530dbdbd0205c390c892b5495a3d4dd6198f26c62f3c786a3
A71EV2A-x7533_A_207_0_1_A71EV2A-x0526+A+147+0+1__LIG,CSc1ncnc(N2CCC[C@@H]2C)c1CC(=O)N1CCC[C@H](C(N)=O)C1,C001,6,best-RMSD,poses/A71EV2A-x7533b/A71EV2A-x7533b_best-RMSD.sdf,A71EV2A-x7533b,10,0.289,1.000,-110.788,-35.340,TRUE,adabe5c54ad64515cdd56cbc7edf4612e1d4e8ef410a1e1559276d24206c04f5,poses/A71EV2A-x7533b/A71EV2A-x7533b_best-RMSD.openstructure.json,6232a95b948a16e131e0b8aa23bdb9339af69755149187a09c82fc79a0d7b7b2,poses/A71EV2A-x7533b/A71EV2A-x7533b_best-RMSD.posebusters.csv,8ff198813dcbe3f0c251737f665c2b829c5069940012a7ec6cd3f8bdb3615166
A71EV2A-x7259_A_4000_0_1_A71EV2A-x0526+A+147+0+1__LIG,CSc1ncnc(N2CCC[C@@H]2C2CC2)c1CC(=O)N1CCC[C@H](C(N)=O)C1,C002,7,lowest-energy,poses/A71EV2A-x7259a/A71EV2A-x7259a_lowest-energy.sdf,A71EV2A-x7259a,7,0.449,0.993,-109.143,-35.790,TRUE,c2267640cda236c71b73b131bf7ff71a7c489f5f147416c047ad4f8ba1c3e24f,poses/A71EV2A-x7259a/A71EV2A-x7259a_lowest-energy.openstructure.json,70e3ca08d384ac3acac2e7b3daba4b312d960460ed757aef2240124ab2bf8e19,poses/A71EV2A-x7259a/A71EV2A-x7259a_lowest-energy.posebusters.csv,11738d8c199c124203fc48215bb5594cf4f9e4dc73ce0e44a12c4ecbed7cbd7c
A71EV2A-x7259_A_4000_0_1_A71EV2A-x0526+A+147+0+1__LIG,CSc1ncnc(N2CCC[C@@H]2C2CC2)c1CC(=O)N1CCC[C@H](C(N)=O)C1,C002,7,best-RMSD,poses/A71EV2A-x7259a/A71EV2A-x7259a_best-RMSD.sdf,A71EV2A-x7259a,7,0.449,0.993,-109.143,-35.790,TRUE,96f21d26d955889a5397dac9906c26c45f515ce65b90c43eaeda215444db8368,poses/A71EV2A-x7259a/A71EV2A-x7259a_best-RMSD.openstructure.json,70e3ca08d384ac3acac2e7b3daba4b312d960460ed757aef2240124ab2bf8e19,poses/A71EV2A-x7259a/A71EV2A-x7259a_best-RMSD.posebusters.csv,11738d8c199c124203fc48215bb5594cf4f9e4dc73ce0e44a12c4ecbed7cbd7c
A71EV2A-x7147_A_201_0_1_A71EV2A-x0526+A+147+0+1__LIG,CSc1ncnc(N2CCC[C@@H]2CC(C)C)c1CC(=O)N1CCC[C@H](C(N)=O)C1,C002,8,lowest-energy,poses/A71EV2A-x7147a/A71EV2A-x7147a_lowest-energy.sdf,A71EV2A-x7147a,9,0.573,0.988,-117.845,-36.430,TRUE,b2f73fd41c726861e6a5ca9c0f84eea7c1cee504c3336afc37da6c368e18a6d5,poses/A71EV2A-x7147a/A71EV2A-x7147a_lowest-energy.openstructure.json,90fec76c5681c54eefc5d90245ff735b05bfc741357f1b5ae4e804017a27834a,poses/A71EV2A-x7147a/A71EV2A-x7147a_lowest-energy.posebusters.csv,2a9c9e132a2005042b6b24fb7435895fc544db35dd67fdcbe2d1256aab28379c
A71EV2A-x7147_A_201_0_1_A71EV2A-x0526+A+147+0+1__LIG,CSc1ncnc(N2CCC[C@@H]2CC(C)C)c1CC(=O)N1CCC[C@H](C(N)=O)C1,C002,8,best-RMSD,poses/A71EV2A-x7147a/A71EV2A-x7147a_best-RMSD.sdf,A71EV2A-x7147a,9,0.573,0.988,-117.845,-36.430,TRUE,efbcce95601180ce7dd7de8f836203ecd23285e8301e530219218b2fad172aa5,poses/A71EV2A-x7147a/A71EV2A-x7147a_best-RMSD.openstructure.json,90fec76c5681c54eefc5d90245ff735b05bfc741357f1b5ae4e804017a27834a,poses/A71EV2A-x7147a/A71EV2A-x7147a_best-RMSD.posebusters.csv,2a9c9e132a2005042b6b24fb7435895fc544db35dd67fdcbe2d1256aab28379c
A71EV2A-x7132_A_201_0_1_A71EV2A-x0526+A+147+0+1__LIG,CSc1ncnc(N2CCC[C@@H]2Cc2ccnn2C)c1CC(=O)N1CCC[C@H](C(N)=O)C1,C002,8,lowest-energy,poses/A71EV2A-x7132a/A71EV2A-x7132a_lowest-energy.sdf,A71EV2A-x7132a,1,0.861,0.982,-104.065,-35.760,TRUE,e3dca99658b8990faf57f4adad0898aa1630e2395817ad8f0a89bbe5ef277e4d,poses/A71EV2A-x7132a/A71EV2A-x7132a_lowest-energy.openstructure.json,27b07472c65c9b1633a57311583322299b7a78512a9cc8da187925f5d9f9fbf7,poses/A71EV2A-x7132a/A71EV2A-x7132a_lowest-energy.posebusters.csv,473fafc5b524b4ca678f5b78edb4e4310cfbe609b6e56a2e07d5d409822cbb44
A71EV2A-x7132_A_201_0_1_A71EV2A-x0526+A+147+0+1__LIG,CSc1ncnc(N2CCC[C@@H]2Cc2ccnn2C)c1CC(=O)N1CCC[C@H](C(N)=O)C1,C002,8,best-RMSD,poses/A71EV2A-x7132a/A71EV2A-x7132a_best-RMSD.sdf,A71EV2A-x7132a,1,0.861,0.982,-104.065,-35.760,TRUE,1b0f00d2c76cd2305461447edc036bcd1690555b17a2f81e4896767501394c38,poses/A71EV2A-x7132a/A71EV2A-x7132a_best-RMSD.openstructure.json,27b07472c65c9b1633a57311583322299b7a78512a9cc8da187925f5d9f9fbf7,poses/A71EV2A-x7132a/A71EV2A-x7132a_best-RMSD.posebusters.csv,473fafc5b524b4ca678f5b78edb4e4310cfbe609b6e56a2e07d5d409822cbb44
A71EV2A-x7127_A_4000_0_1_A71EV2A-x0526+A+147+0+1__LIG,CSc1ncnc(N2CCC[C@@H]2Cn2cccn2)c1CC(=O)N1CCC[C@H](C(N)=O)C1,C002,8,lowest-energy,poses/A71EV2A-x7127a/A71EV2A-x7127a_lowest-energy.sdf,A71EV2A-x7127a,7,2.870,0.876,-108.159,-33.990,TRUE,33e36649250337f0c9ff772dc32785b8f3f2ea6efd192f15e6bde8979dae3d92,poses/A71EV2A-x7127a/A71EV2A-x7127a_lowest-energy.openstructure.json,66e8ef4b475c02f7ec98aec8bd366243901baf33d1f042b6f3e8203c0428b89c,poses/A71EV2A-x7127a/A71EV2A-x7127a_lowest-energy.posebusters.csv,9132ce88070c8fa9558c7df4b7a8f0c21f4bfa890d4a91cf990491580fd6b4b0
A71EV2A-x7127_A_4000_0_1_A71EV2A-x0526+A+147+0+1__LIG,CSc1ncnc(N2CCC[C@@H]2Cn2cccn2)c1CC(=O)N1CCC[C@H](C(N)=O)C1,C002,8,best-RMSD,poses/A71EV2A-x7127a/A71EV2A-x7127a_best-RMSD.sdf,A71EV2A-x7127a,2,0.942,0.975,-92.915,-30.570,TRUE,8d84b630447f0ffc7aeb07eca3c92090f6225597145c245159733fb268c9f7ef,poses/A71EV2A-x7127a/A71EV2A-x7127a_best-RMSD.openstructure.json,43b5516f37e6d7a36a01a60a2bf5f789cabcc9af22b10790dc50048f6baac79d,poses/A71EV2A-x7127a/A71EV2A-x7127a_best-RMSD.posebusters.csv,f1bb35e62b1f58bf5e51210d5f9acded6ba0ef4ae90239eb4616f9d4fbd97fef
A71EV2A-x7570_A_201_0_1_A71EV2A-x0526+A+147+0+1__LIG,CSc1ncnc(N2CCC[C@@H]2c2ccccc2)c1CC(=O)N1CCC[C@H](C(N)=O)C1,C001,7,lowest-energy,poses/A71EV2A-x7570a/A71EV2A-x7570a_lowest-energy.sdf,A71EV2A-x7570a,7,2.622,0.880,-117.092,-35.890,TRUE,107c3ff07067f8355a48493e7c6764b0fcf60e7a44211f99cdb666597fef711d,poses/A71EV2A-x7570a/A71EV2A-x7570a_lowest-energy.openstructure.json,2769427aa38065fdb7cb9c05ba3a4f837392f4993e93067bf79a1a0fb8868627,poses/A71EV2A-x7570a/A71EV2A-x7570a_lowest-energy.posebusters.csv,109795fbaf384f6413eba7979ba0e6ef9894f5e7a5e0c61fb3d6336ae6d65c2d
A71EV2A-x7570_A_201_0_1_A71EV2A-x0526+A+147+0+1__LIG,CSc1ncnc(N2CCC[C@@H]2c2ccccc2)c1CC(=O)N1CCC[C@H](C(N)=O)C1,C001,7,best-RMSD,poses/A71EV2A-x7570a/A71EV2A-x7570a_best-RMSD.sdf,A71EV2A-x7570a,4,0.753,0.984,-113.783,-35.960,TRUE,900af43ed9a53eb6b0fbd8755bbd635c3bb31150a179176d8f2cffcddd1f9057,poses/A71EV2A-x7570a/A71EV2A-x7570a_best-RMSD.openstructure.json,6aa1506d9f755d23362065938f1bc51bab946aec1224b187db4cc6f0883a89f9,poses/A71EV2A-x7570a/A71EV2A-x7570a_best-RMSD.posebusters.csv,1c5c4eff995d68ab88cf08279a86283eae1e4e5edb3d6196c60c94576d1c0313
A71EV2A-x7246_A_4000_0_1_A71EV2A-x0526+A+147+0+1__LIG,CSc1ncnc(N2CCC[C@H](C(F)(F)F)C2)c1CC(=O)N1CCC[C@H](C(N)=O)C1,C002,7,lowest-energy,poses/A71EV2A-x7246a/A71EV2A-x7246a_lowest-energy.sdf,A71EV2A-x7246a,9,2.423,0.885,-117.287,-32.160,TRUE,a8f05aa4f4022c038324d6fc1082fa69af5281fbf5db06e0f340922694bee2bb,poses/A71EV2A-x7246a/A71EV2A-x7246a_lowest-energy.openstructure.json,35c225523a6038e57583ebfb0e85d4892f350695924fffa3d345baee702199be,poses/A71EV2A-x7246a/A71EV2A-x7246a_lowest-energy.posebusters.csv,708205a76f5810505398ed5c70556cb0f75966d05a8ff8317787ef00af56d52a
A71EV2A-x7246_A_4000_0_1_A71EV2A-x0526+A+147+0+1__LIG,CSc1ncnc(N2CCC[C@H](C(F)(F)F)C2)c1CC(=O)N1CCC[C@H](C(N)=O)C1,C002,7,best-RMSD,poses/A71EV2A-x7246a/A71EV2A-x7246a_best-RMSD.sdf,A71EV2A-x7246a,8,0.564,0.993,-115.746,-33.590,TRUE,00062f2a722954204bccbe1782fa243471136c29ce2520458bba4206b025d2fe,poses/A71EV2A-x7246a/A71EV2A-x7246a_best-RMSD.openstructure.json,37944ebfe8cbae674834ffa86b40c1c7dfe3577ae18693edc094b777d2320857,poses/A71EV2A-x7246a/A71EV2A-x7246a_best-RMSD.posebusters.csv,f051747c69b730bc6c3f941ec26ee4f38f4e7ff9bc233cc9a784d9e2ce4a076d
A71EV2A-x7250_A_4000_0_1_A71EV2A-x0526+A+147+0+1__LIG,CSc1ncnc(N2CCC[C@H](C)C2)c1CC(=O)N1CCC[C@H](C(N)=O)C1,C002,6,lowest-energy,poses/A71EV2A-x7250a/A71EV2A-x7250a_lowest-energy.sdf,A71EV2A-x7250a,7,6.777,0.289,-86.246,-21.050,TRUE,9bcc408cc9fe39a0bc0b318a95afb1a9ca8f7acfb235324105dc6abe92fa0532,poses/A71EV2A-x7250a/A71EV2A-x7250a_lowest-energy.openstructure.json,f592728ed8bc859a8bf42cbe452100850211fb5dba05f3263a672be34302a3ae,poses/A71EV2A-x7250a/A71EV2A-x7250a_lowest-energy.posebusters.csv,c60600b742a40a13860125e080b6faeb4f3d2f9774e78003ce498a6ae6c62dcd
A71EV2A-x7250_A_4000_0_1_A71EV2A-x0526+A+147+0+1__LIG,CSc1ncnc(N2CCC[C@H](C)C2)c1CC(=O)N1CCC[C@H](C(N)=O)C1,C002,6,best-RMSD,poses/A71EV2A-x7250a/A71EV2A-x7250a_best-RMSD.sdf,A71EV2A-x7250a,8,1.922,0.849,-84.302,-29.240,TRUE,330d7faf9729d676c917177aec6f9cb668b36dd582416ef462fd053748ea7e89,poses/A71EV2A-x7250a/A71EV2A-x7250a_best-RMSD.openstructure.json,4eafb6b01356663c1713f4fd79e1adfb0103afc74f3ab7f4261656729dac617d,poses/A71EV2A-x7250a/A71EV2A-x7250a_best-RMSD.posebusters.csv,061045c62d5852712d8a5a67992a8b0711ba7273a5f14e98ce3f5dc9d2e3bfdf
A71EV2A-x7491_A_207_0_1_A71EV2A-x0526+A+147+0+1__LIG,CSc1ncnc(N2CCC[C@H]2C(C)C)c1CC(=O)N1CCC[C@H](C(N)=O)C1,C002,7,lowest-energy,poses/A71EV2A-x7491b/A71EV2A-x7491b_lowest-energy.sdf,A71EV2A-x7491b,5,1.830,0.914,-107.551,-34.880,TRUE,2bef6a0ede769e812607bb8876b720f878865339d686f101c381b42e5eb45be1,poses/A71EV2A-x7491b/A71EV2A-x7491b_lowest-energy.openstructure.json,f63652bf7c852ecc93191bd9ea821860f46a10fc6cb4b9547c09a1fddb7f97dc,poses/A71EV2A-x7491b/A71EV2A-x7491b_lowest-energy.posebusters.csv,a5eebe9f183c059442574e2e219811813318c30aa403555c38acf46822661a0e
A71EV2A-x7491_A_207_0_1_A71EV2A-x0526+A+147+0+1__LIG,CSc1ncnc(N2CCC[C@H]2C(C)C)c1CC(=O)N1CCC[C@H](C(N)=O)C1,C002,7,best-RMSD,poses/A71EV2A-x7491a/A71EV2A-x7491a_best-RMSD.sdf,A71EV2A-x7491a,2,0.779,0.974,-104.218,-35.480,TRUE,729a30b5dcd8661642136aac24d4ec78800a7a1c443295c94572f4d2888f00f4,poses/A71EV2A-x7491a/A71EV2A-x7491a_best-RMSD.openstructure.json,147ce0ac31b86b6098b4f212a8ccd02651f5fe425553beb4112a5023485f870c,poses/A71EV2A-x7491a/A71EV2A-x7491a_best-RMSD.posebusters.csv,0ff7a3c16ae70e31ba19a031ea1ee1dd4f66f2301e28944743eae7e28bd7ebbd
A71EV2A-x7501_A_207_0_1_A71EV2A-x0526+A+147+0+1__LIG,CSc1ncnc(N2CCC[C@H]2C)c1CC(=O)N1CCC[C@H](C(N)=O)C1,C001,6,lowest-energy,poses/A71EV2A-x7501b/A71EV2A-x7501b_lowest-energy.sdf,A71EV2A-x7501b,10,1.052,0.974,-114.488,-38.330,TRUE,069c0e9176a02bddb8890b8f39a4a4203016accac3aff732e9e6531bd288e750,poses/A71EV2A-x7501b/A71EV2A-x7501b_lowest-energy.openstructure.json,1221cba460699e82834704f4137889df57af110d0fa12a09bed2aa37fb7c84b9,poses/A71EV2A-x7501b/A71EV2A-x7501b_lowest-energy.posebusters.csv,acf0851a30a45b45e8606f6f2bc6a42d0cd3921251a4a842420a6d02bd34d8d3
A71EV2A-x7501_A_207_0_1_A71EV2A-x0526+A+147+0+1__LIG,CSc1ncnc(N2CCC[C@H]2C)c1CC(=O)N1CCC[C@H](C(N)=O)C1,C001,6,best-RMSD,poses/A71EV2A-x7501b/A71EV2A-x7501b_best-RMSD.sdf,A71EV2A-x7501b,1,0.814,0.974,-114.340,-37.970,TRUE,3a7fadc32ef0ba666c2d7aaa02a7fca610fa60a5f81997067b88d5689b47140d,poses/A71EV2A-x7501b/A71EV2A-x7501b_best-RMSD.openstructure.json,def3b75ff460811866d7a5f4a3aa8e821f70fe68ca8c138d58735ebcec08a6ac,poses/A71EV2A-x7501b/A71EV2A-x7501b_best-RMSD.posebusters.csv,4915dc3b4f619d26aeff272e2db4a628ec409bd59970eb95d97c8eb9dd006896
A71EV2A-x7475_A_207_0_1_A71EV2A-x0526+A+147+0+1__LIG,CSc1ncnc(N2CCC[C@H]2C2CC2)c1CC(=O)N1CCC[C@H](C(N)=O)C1,C002,7,lowest-energy,poses/A71EV2A-x7475a/A71EV2A-x7475a_lowest-energy.sdf,A71EV2A-x7475a,6,1.160,0.953,-106.368,-35.710,TRUE,9071124758a7a8d7e68d6ea130789a88195510b8d831f01ae141a832ea06e894,poses/A71EV2A-x7475a/A71EV2A-x7475a_lowest-energy.openstructure.json,51b41f55343704a16174b421becded08a9f8c9e54add2fee42f8601310aa9106,poses/A71EV2A-x7475a/A71EV2A-x7475a_lowest-energy.posebusters.csv,8004083142826cf607ee36c0a70337cd3195e0614ff3123d3165023fe430bd08
A71EV2A-x7475_A_207_0_1_A71EV2A-x0526+A+147+0+1__LIG,CSc1ncnc(N2CCC[C@H]2C2CC2)c1CC(=O)N1CCC[C@H](C(N)=O)C1,C002,7,best-RMSD,poses/A71EV2A-x7475b/A71EV2A-x7475b_best-RMSD.sdf,A71EV2A-x7475b,3,1.067,0.899,-80.381,-27.030,TRUE,3ac2167fcb68bc494005683dfdbdd91239001e2501db0eb3317636ea63fe6d4d,poses/A71EV2A-x7475b/A71EV2A-x7475b_best-RMSD.openstructure.json,f9b952cc9edb4888782818407385f9ee1a30b1394b14f9967effff76e205e643,poses/A71EV2A-x7475b/A71EV2A-x7475b_best-RMSD.posebusters.csv,3da1eebbf33d08adafb2dbd9135eef875d05daf7959119b314bd681f917c5193
A71EV2A-x7257_A_201_0_1_A71EV2A-x0526+A+147+0+1__LIG,CSc1ncnc(N2CCC[C@H]2CC(C)C)c1CC(=O)N1CCC[C@H](C(N)=O)C1,C002,8,lowest-energy,poses/A71EV2A-x7257a/A71EV2A-x7257a_lowest-energy.sdf,A71EV2A-x7257a,8,2.126,0.887,-111.320,-33.580,TRUE,bfa49ca342954192325d1725af1241cdc5fe3ef692bfc108a8ba14b3e2a47573,poses/A71EV2A-x7257a/A71EV2A-x7257a_lowest-energy.openstructure.json,5662e7597888e6ced09d6ef431bb6686eab7b9ab0df6d5582f1751a537274c4d,poses/A71EV2A-x7257a/A71EV2A-x7257a_lowest-energy.posebusters.csv,e4d24091a6c6dd4270345348d036b12227cb97752e5d5e6154ce0c64abc3c391
A71EV2A-x7257_A_201_0_1_A71EV2A-x0526+A+147+0+1__LIG,CSc1ncnc(N2CCC[C@H]2CC(C)C)c1CC(=O)N1CCC[C@H](C(N)=O)C1,C002,8,best-RMSD,poses/A71EV2A-x7257a/A71EV2A-x7257a_best-RMSD.sdf,A71EV2A-x7257a,3,2.071,0.791,-87.271,-27.460,TRUE,f78af7aee98f6e7a8703e4877cd497761b8704883be9087eb0d5bbb9c80cd97b,poses/A71EV2A-x7257a/A71EV2A-x7257a_best-RMSD.openstructure.json,278dfae251f037fc36b3135b2f975a93de5d422e56abc4db1aac43b288b31779,poses/A71EV2A-x7257a/A71EV2A-x7257a_best-RMSD.posebusters.csv,bb2ddc4e329d85564a7fd6fab8d01c312f511c90cbf8151a8831d04accf6f6a1
A71EV2A-x7433_A_4000_0_1_A71EV2A-x0526+A+147+0+1__LIG,CSc1ncnc(N2CCC[C@H]2Cc2ccccc2)c1CC(=O)N1CCC[C@H](C(N)=O)C1,C001,8,lowest-energy,poses/A71EV2A-x7433a/A71EV2A-x7433a_lowest-energy.sdf,A71EV2A-x7433a,4,1.640,0.882,-99.018,-32.290,TRUE,30bcc0899634afb2cbd499acb84b344de4f480086459e8bf5b5302105f5c4d23,poses/A71EV2A-x7433a/A71EV2A-x7433a_lowest-energy.openstructure.json,2fae945b79f7eec47e013cb216095e5f8947964cc4625b18bee5c2f2563bcc36,poses/A71EV2A-x7433a/A71EV2A-x7433a_lowest-energy.posebusters.csv,4a7deb2fe135504e4f2610ee8d264798bfe5a893d75368d638d7fb3f801e55cf
A71EV2A-x7433_A_4000_0_1_A71EV2A-x0526+A+147+0+1__LIG,CSc1ncnc(N2CCC[C@H]2Cc2ccccc2)c1CC(=O)N1CCC[C@H](C(N)=O)C1,C001,8,best-RMSD,poses/A71EV2A-x7433a/A71EV2A-x7433a_best-RMSD.sdf,A71EV2A-x7433a,8,0.955,0.975,-96.500,-33.660,TRUE,76046f46d99403558fe6a2faa5dd4442b68bf7bc336d4d1a8a5a305c3938bb8d,poses/A71EV2A-x7433a/A71EV2A-x7433a_best-RMSD.openstructure.json,d8875df86178992f3d6b49a4e6694a53ae97c809a84a726a58bae386c0dbbc6a,poses/A71EV2A-x7433a/A71EV2A-x7433a_best-RMSD.posebusters.csv,3df938c41702bec0864ec878156ee8288a74508d9177672a2acb73ad8da8c8a3
A71EV2A-x7247_A_201_0_1_A71EV2A-x0526+A+147+0+1__LIG,CSc1ncnc(N2CCC[C@H]2Cc2ccnn2C)c1CC(=O)N1CCC[C@H](C(N)=O)C1,C002,8,lowest-energy,poses/A71EV2A-x7247a/A71EV2A-x7247a_lowest-energy.sdf,A71EV2A-x7247a,4,1.947,0.879,-103.686,-35.070,TRUE,4a0451fb8a564d8ef54ac3a61f4aabda5be822ae8356357e94e87e79ff5448af,poses/A71EV2A-x7247a/A71EV2A-x7247a_lowest-energy.openstructure.json,e26519246a3840ca54e446f10c4c1e5f0d84d277bf38c25fae7c2fec03370c10,poses/A71EV2A-x7247a/A71EV2A-x7247a_lowest-energy.posebusters.csv,90605440250232440ad6f8706845a0eeba63bcdaabd0651c84ac9314c30d6350
A71EV2A-x7247_A_201_0_1_A71EV2A-x0526+A+147+0+1__LIG,CSc1ncnc(N2CCC[C@H]2Cc2ccnn2C)c1CC(=O)N1CCC[C@H](C(N)=O)C1,C002,8,best-RMSD,poses/A71EV2A-x7247a/A71EV2A-x7247a_best-RMSD.sdf,A71EV2A-x7247a,10,0.916,0.944,-89.045,-29.890,TRUE,b6773add8e60b3b45c87ebc876312444cf26e7e4f1d7be7a2c03eb37e333be69,poses/A71EV2A-x7247a/A71EV2A-x7247a_best-RMSD.openstructure.json,61b9737eaf3f23edba39142033976b63c98e876b0b12a53a0fec116c6ceddd3c,poses/A71EV2A-x7247a/A71EV2A-x7247a_best-RMSD.posebusters.csv,768de472bbb47da4528713a9c4bd95c20cdbac518806e47d06467f56a40b109c
A71EV2A-x6802_A_4000_0_1_A71EV2A-x0526+A+147+0+1__LIG,CSc1ncnc(N2CCN(c3ccccn3)CC2)c1CC(=O)N1CCC[C@H](C(N)=O)C1,C001,7,lowest-energy,poses/A71EV2A-x6802a/A71EV2A-x6802a_lowest-energy.sdf,A71EV2A-x6802a,6,2.117,0.901,-108.063,-33.200,TRUE,38fbef8ef4faf00f1bb874b4a0fa3558f5927dc4ce53815fb627194f39ea3604,poses/A71EV2A-x6802a/A71EV2A-x6802a_lowest-energy.openstructure.json,6da2b6c52830de765e7691d980db0bbeb37fec5e6fc3b4739ba95ada91b0c2bb,poses/A71EV2A-x6802a/A71EV2A-x6802a_lowest-energy.posebusters.csv,99526c811776db35045c365bd73f967846305150da68e9e04e49779a01e3cfcc
A71EV2A-x6802_A_4000_0_1_A71EV2A-x0526+A+147+0+1__LIG,CSc1ncnc(N2CCN(c3ccccn3)CC2)c1CC(=O)N1CCC[C@H](C(N)=O)C1,C001,7,best-RMSD,poses/A71EV2A-x6802a/A71EV2A-x6802a_best-RMSD.sdf,A71EV2A-x6802a,8,0.701,0.975,-103.919,-33.360,TRUE,c35d4bff1e6a6cb10bff4514b7ba65edc0fc2f77a7bd29d13dd9b260cc55e231,poses/A71EV2A-x6802a/A71EV2A-x6802a_best-RMSD.openstructure.json,de2e22081db7d7d4efde63f20803682a6518466630fc0678b79a62c885bf8f93,poses/A71EV2A-x6802a/A71EV2A-x6802a_best-RMSD.posebusters.csv,fd6b7f75cd2be73beefe4b32e08fa7c44fb3cdb06aa08022343156b78ccf1b7e
A71EV2A-x7025_A_4000_0_1_A71EV2A-x0526+A+147+0+1__LIG,CSc1ncnc(N2CC[C@@H](OC(F)F)C2)c1CC(=O)N1CCC[C@H](C(N)=O)C1,C002,8,lowest-energy,poses/A71EV2A-x7025a/A71EV2A-x7025a_lowest-energy.sdf,A71EV2A-x7025a,10,2.644,0.885,-122.328,-36.880,TRUE,111c2aec1272248fe294a4a4209c6c9e700d8de6f86f753d4f96790b528c9723,poses/A71EV2A-x7025a/A71EV2A-x7025a_lowest-energy.openstructure.json,4f7a0725759ff9ab9992dd0cc9301db87afb30d7e82163bb98f7b9cb8081bdb0,poses/A71EV2A-x7025a/A71EV2A-x7025a_lowest-energy.posebusters.csv,c1af3636e1b1328bbdc5568aa09c8509dd9b16c5c5572daeab35febf4db9ec7a
A71EV2A-x7025_A_4000_0_1_A71EV2A-x0526+A+147+0+1__LIG,CSc1ncnc(N2CC[C@@H](OC(F)F)C2)c1CC(=O)N1CCC[C@H](C(N)=O)C1,C002,8,best-RMSD,poses/A71EV2A-x7025a/A71EV2A-x7025a_best-RMSD.sdf,A71EV2A-x7025a,9,0.796,0.968,-117.540,-35.890,TRUE,530520f324c80defd169226e588706064a8d331ea239ca85743fde3f9829a0a4,poses/A71EV2A-x7025a/A71EV2A-x7025a_best-RMSD.openstructure.json,c2e50b69a6a932c20d9c09715870ad79d2a84434d79131608d4428c7c086fe9c,poses/A71EV2A-x7025a/A71EV2A-x7025a_best-RMSD.posebusters.csv,2f6cdeecdef1d28299245edc5b83937018ca38a14f07ef1c7e0f2228028d4ad3
A71EV2A-x7093_A_4000_0_1_A71EV2A-x0526+A+147+0+1__LIG,CSc1ncnc(N2CC[C@@H](SC)C2)c1CC(=O)N1CCC[C@H](C(N)=O)C1,C002,7,lowest-energy,poses/A71EV2A-x7093a/A71EV2A-x7093a_lowest-energy.sdf,A71EV2A-x7093a,3,1.236,0.946,-114.296,-32.390,TRUE,b59ac93d81383175b154e4c2d86ef822532df30776bc36185aa45164a18f7530,poses/A71EV2A-x7093a/A71EV2A-x7093a_lowest-energy.openstructure.json,5879c3fd6a1f1c8d2db9d8e6923000522c6a070aa4dcae46ca2d7a311b2b1197,poses/A71EV2A-x7093a/A71EV2A-x7093a_lowest-energy.posebusters.csv,b1d83efd73050e3d774923d02e4d36b863888533da64194c1975bb097b54f6fc
A71EV2A-x7093_A_4000_0_1_A71EV2A-x0526+A+147+0+1__LIG,CSc1ncnc(N2CC[C@@H](SC)C2)c1CC(=O)N1CCC[C@H](C(N)=O)C1,C002,7,best-RMSD,poses/A71EV2A-x7093a/A71EV2A-x7093a_best-RMSD.sdf,A71EV2A-x7093a,10,1.071,0.960,-113.555,-32.730,TRUE,db2b8cd299942b9261f37970366273e1fa83756ccba7e26bdb90d04028b8af39,poses/A71EV2A-x7093a/A71EV2A-x7093a_best-RMSD.openstructure.json,3c87488ce407b2b295b632fe0fe566767f12c2ef4418c318f9eb0a7e9b396c37,poses/A71EV2A-x7093a/A71EV2A-x7093a_best-RMSD.posebusters.csv,d74699f95b969f4deb8df05c9bd3eeb707fa6022e5b67f46e793ebaf72b22479
A71EV2A-x7427_A_4000_0_1_A71EV2A-x0526+A+147+0+1__LIG,CSc1ncnc(N2CC[C@H](C(=O)N(C)C)C2)c1CC(=O)N1CCC[C@H](C(N)=O)C1,C002,8,lowest-energy,poses/A71EV2A-x7427a/A71EV2A-x7427a_lowest-energy.sdf,A71EV2A-x7427a,3,2.327,0.909,-140.149,-35.640,TRUE,db36814c948551120ec87e37119fa399b68f516e99aa9a4301ee3f018232c2e2,poses/A71EV2A-x7427a/A71EV2A-x7427a_lowest-energy.openstructure.json,c8c2ff698cacc803de83b34aaf01c49c990e9bbfc9f667110db8f5050f31412f,poses/A71EV2A-x7427a/A71EV2A-x7427a_lowest-energy.posebusters.csv,810325ff37b56d646bd115b0fa4b19805ec38886146ef8432bc89f689a3ceef1
A71EV2A-x7427_A_4000_0_1_A71EV2A-x0526+A+147+0+1__LIG,CSc1ncnc(N2CC[C@H](C(=O)N(C)C)C2)c1CC(=O)N1CCC[C@H](C(N)=O)C1,C002,8,best-RMSD,poses/A71EV2A-x7427a/A71EV2A-x7427a_best-RMSD.sdf,A71EV2A-x7427a,10,0.742,0.985,-133.791,-36.560,TRUE,1b343394138f21f3198933137fd70bd340b40cd570e36972f5eaa89023f77149,poses/A71EV2A-x7427a/A71EV2A-x7427a_best-RMSD.openstructure.json,cb3c3a0c335e511864c4283f7f61ea529b37eb064897d389738fb2e5587ca20e,poses/A71EV2A-x7427a/A71EV2A-x7427a_best-RMSD.posebusters.csv,3ca226056afba61b33da8091d2c9f76964414bcb286bf6a5c508707769fdc285
A71EV2A-x7190_A_201_0_1_A71EV2A-x0526+A+147+0+1__LIG,CSc1ncnc(N2CC[C@H](C(=O)N3CCC(C)CC3)C2)c1CC(=O)N1CCC[C@H](C(N)=O)C1,C002,8,lowest-energy,poses/A71EV2A-x7190a/A71EV2A-x7190a_lowest-energy.sdf,A71EV2A-x7190a,2,2.839,0.874,-139.015,-40.170,TRUE,29e53d092a2d28070419a61dc1cd27bf2f5d193cbc609eb8d6022141e5380077,poses/A71EV2A-x7190a/A71EV2A-x7190a_lowest-energy.openstructure.json,05c1d87886a45ddda20aa4b4e14627c32acd032bfea229a0691d7342a80711a4,poses/A71EV2A-x7190a/A71EV2A-x7190a_lowest-energy.posebusters.csv,06eac80f3e8c8ecffa690bd73315266a2a769762a9bbe9ea9922db108bff9e28
A71EV2A-x7190_A_201_0_1_A71EV2A-x0526+A+147+0+1__LIG,CSc1ncnc(N2CC[C@H](C(=O)N3CCC(C)CC3)C2)c1CC(=O)N1CCC[C@H](C(N)=O)C1,C002,8,best-RMSD,poses/A71EV2A-x7190a/A71EV2A-x7190a_best-RMSD.sdf,A71EV2A-x7190a,5,0.433,0.994,-133.684,-39.720,TRUE,2a5c9ecaeb124de581b7d17f9a47d25d7971a14b8776e429c9cc9ea39b5f057f,poses/A71EV2A-x7190a/A71EV2A-x7190a_best-RMSD.openstructure.json,38f918e4b29cb2b17026559555f7c47158271738df480071924313a240aa1770,poses/A71EV2A-x7190a/A71EV2A-x7190a_best-RMSD.posebusters.csv,ea20503309c84c7b4bbfd0fea017548f75b3ff415d22e32f1b9ee73f22a338fb
A71EV2A-x7026_A_201_A_1_A71EV2A-x0526+A+147+0+1_ALIG,CSc1ncnc(N2CC[C@H](C)C2)c1CC(=O)N1CCC[C@H](C(N)=O)C1,C002,6,lowest-energy,poses/A71EV2A-x7026b/A71EV2A-x7026b_lowest-energy.sdf,A71EV2A-x7026b,8,0.509,0.987,-114.650,-35.000,TRUE,51f02ba75cdb20d88b1c1e56eb72c425b81d91111e6d9208b37551ef9109dcff,poses/A71EV2A-x7026b/A71EV2A-x7026b_lowest-energy.openstructure.json,075aed0931ba0acacdbc0890cd08dfd21b67ff0b5cbc53c450f3c6a8b722022d,poses/A71EV2A-x7026b/A71EV2A-x7026b_lowest-energy.posebusters.csv,043b30d3aa21b10135cc64cf58ef23e8eaf8aea4b7a278c55e4b62d06be59388
A71EV2A-x7026_A_201_A_1_A71EV2A-x0526+A+147+0+1_ALIG,CSc1ncnc(N2CC[C@H](C)C2)c1CC(=O)N1CCC[C@H](C(N)=O)C1,C002,6,best-RMSD,poses/A71EV2A-x7026b/A71EV2A-x7026b_best-RMSD.sdf,A71EV2A-x7026b,8,0.509,0.987,-114.650,-35.000,TRUE,f91b8d25b7b25961e5eaa60650c06dda0b7a80a23a7b2ae80d1d2a3ee4465515,poses/A71EV2A-x7026b/A71EV2A-x7026b_best-RMSD.openstructure.json,075aed0931ba0acacdbc0890cd08dfd21b67ff0b5cbc53c450f3c6a8b722022d,poses/A71EV2A-x7026b/A71EV2A-x7026b_best-RMSD.posebusters.csv,043b30d3aa21b10135cc64cf58ef23e8eaf8aea4b7a278c55e4b62d06be59388
A71EV2A-x7031_A_4000_0_1_A71EV2A-x0526+A+147+0+1__LIG,CSc1ncnc(N2CC[C@H](OC(F)F)C2)c1CC(=O)N1CCC[C@H](C(N)=O)C1,C002,8,lowest-energy,poses/A71EV2A-x7031a/A71EV2A-x7031a_lowest-energy.sdf,A71EV2A-x7031a,5,0.692,0.963,-112.957,-33.240,TRUE,b53f135367e02e09947ffc3e57a8eb2ce154f041930fbca1cab448768ba37bb7,poses/A71EV2A-x7031a/A71EV2A-x7031a_lowest-energy.openstructure.json,5617ace297e48a1112d49b986d5bc2fa2845578983c40d787fbee94e6796e5ed,poses/A71EV2A-x7031a/A71EV2A-x7031a_lowest-energy.posebusters.csv,62a40359df52d83877e1a0e6ad42ef0f7b11e0ed7e5a3689a19f71f5f10d30b2
A71EV2A-x7031_A_4000_0_1_A71EV2A-x0526+A+147+0+1__LIG,CSc1ncnc(N2CC[C@H](OC(F)F)C2)c1CC(=O)N1CCC[C@H](C(N)=O)C1,C002,8,best-RMSD,poses/A71EV2A-x7031a/A71EV2A-x7031a_best-RMSD.sdf,A71EV2A-x7031a,7,0.552,0.975,-112.344,-32.300,TRUE,10c70a54406f2f113e78d94f0303a30bca896bf097ed976411770e8f25fbc8ad,poses/A71EV2A-x7031a/A71EV2A-x7031a_best-RMSD.openstructure.json,745365f5d66d039bb4e052249fbd4696902c89b2554b81ad06ab79f12f3d80a7,poses/A71EV2A-x7031a/A71EV2A-x7031a_best-RMSD.posebusters.csv,87fbfe9460150248799a745e6027423772c6bc46b79f5d90f061cf19024bd7db
A71EV2A-x7316_A_4000_0_1_A71EV2A-x0526+A+147+0+1__LIG,CSc1ncnc(N2CC[C@H](OC3CC3)C2)c1CC(=O)N1CCC[C@H](C(N)=O)C1,C002,8,lowest-energy,poses/A71EV2A-x7316a/A71EV2A-x7316a_lowest-energy.sdf,A71EV2A-x7316a,2,0.670,0.980,-59.003,-33.360,TRUE,1402a2a0273d46bd23bc8a86c4d84e1bd44ea4a45cf108f234f6ff3bf8ffdb69,poses/A71EV2A-x7316a/A71EV2A-x7316a_lowest-energy.openstructure.json,fa695ef4ce4d6010697eea81cefb24628122a25f01af7218badd4d1719efe86d,poses/A71EV2A-x7316a/A71EV2A-x7316a_lowest-energy.posebusters.csv,5fb72fa5bca6e372384af4e466e559c18e680b298e28a1e0a0dde464bb3d0e0f
A71EV2A-x7316_A_4000_0_1_A71EV2A-x0526+A+147+0+1__LIG,CSc1ncnc(N2CC[C@H](OC3CC3)C2)c1CC(=O)N1CCC[C@H](C(N)=O)C1,C002,8,best-RMSD,poses/A71EV2A-x7316a/A71EV2A-x7316a_best-RMSD.sdf,A71EV2A-x7316a,2,0.670,0.980,-59.003,-33.360,TRUE,c36cd5c2b223924ec228882201ceec763d0c743d6e256c3bb378af2380db5862,poses/A71EV2A-x7316a/A71EV2A-x7316a_best-RMSD.openstructure.json,fa695ef4ce4d6010697eea81cefb24628122a25f01af7218badd4d1719efe86d,poses/A71EV2A-x7316a/A71EV2A-x7316a_best-RMSD.posebusters.csv,5fb72fa5bca6e372384af4e466e559c18e680b298e28a1e0a0dde464bb3d0e0f
A71EV2A-x7339_A_4000_0_1_A71EV2A-x0526+A+147+0+1__LIG,CSc1ncnc(N2CC[C@H]2C)c1CC(=O)N1CCC[C@H](C(N)=O)C1,C001,6,lowest-energy,poses/A71EV2A-x7339a/A71EV2A-x7339a_lowest-energy.sdf,A71EV2A-x7339a,8,0.622,0.992,-94.194,-35.430,TRUE,dd6ed8cbc7caf11f605d5addf2502c655bbc85ec2d491ddadfa0270607b055ac,poses/A71EV2A-x7339a/A71EV2A-x7339a_lowest-energy.openstructure.json,5964ce872b65b1a42e958ea432d7b6eaa255a3b15d666763e9d3c59d189c12f5,poses/A71EV2A-x7339a/A71EV2A-x7339a_lowest-energy.posebusters.csv,7a4944c1212f21850471526426f42f53bf362c6bcc7be31611bd59361305e7cb
A71EV2A-x7339_A_4000_0_1_A71EV2A-x0526+A+147+0+1__LIG,CSc1ncnc(N2CC[C@H]2C)c1CC(=O)N1CCC[C@H](C(N)=O)C1,C001,6,best-RMSD,poses/A71EV2A-x7339a/A71EV2A-x7339a_best-RMSD.sdf,A71EV2A-x7339a,6,0.486,0.996,-93.139,-35.060,TRUE,b270d02f9f926471e47c6a8a8db1a00a58f64cb202f51a3bf96e89cd14d9fac6,poses/A71EV2A-x7339a/A71EV2A-x7339a_best-RMSD.openstructure.json,192624c63b34e7250093959b1d8b8d8fc09347f86370e4e232d1f22a6feef055,poses/A71EV2A-x7339a/A71EV2A-x7339a_best-RMSD.posebusters.csv,491fdb4f1c39774526006c1326149c8d6868b05b5a203d30bdaed523d2b63d7e
A71EV2A-x7015_A_4000_0_1_A71EV2A-x0526+A+147+0+1__LIG,CSc1ncnc(N2CCc3ccccc3CC2)c1CC(=O)N1CCC[C@H](C(N)=O)C1,C001,6,lowest-energy,poses/A71EV2A-x7015a/A71EV2A-x7015a_lowest-energy.sdf,A71EV2A-x7015a,1,3.106,0.868,-112.079,-37.830,TRUE,1c8c571d8f0ff3e373ed4cde6fda849856a16136528ab5d13ce893821a8fac54,poses/A71EV2A-x7015a/A71EV2A-x7015a_lowest-energy.openstructure.json,dba0784bd2a6119a74ab1774a8773841c9b3ad8977d7aa2b79f6dfdb037dc51d,poses/A71EV2A-x7015a/A71EV2A-x7015a_lowest-energy.posebusters.csv,97a242664d270c24d4b860e9bc8f533f07752a5a2f75b6038aa6ef299ecdd2cf
A71EV2A-x7015_A_4000_0_1_A71EV2A-x0526+A+147+0+1__LIG,CSc1ncnc(N2CCc3ccccc3CC2)c1CC(=O)N1CCC[C@H](C(N)=O)C1,C001,6,best-RMSD,poses/A71EV2A-x7015a/A71EV2A-x7015a_best-RMSD.sdf,A71EV2A-x7015a,8,2.049,0.918,-103.659,-37.630,TRUE,0bab606ef1f36d34bb4a8b17425cd0c8a03771a752e4f235c1db1a1f96ff9b1e,poses/A71EV2A-x7015a/A71EV2A-x7015a_best-RMSD.openstructure.json,2c432c0a1476425db6a07aa96bf168f50aca416e4a268536de4934177100a2f4,poses/A71EV2A-x7015a/A71EV2A-x7015a_best-RMSD.posebusters.csv,dd32ddd2f85f4c661492d6749a0ecd64558bd781c25698a5908bc0d83c3fc92a
A71EV2A-x5666_A_201_0_1_A71EV2A-x0526+A+147+0+1__LIG,CSc1ncnc(N2CCc3ccsc3C2)c1CC(=O)N1CCC[C@H](C(N)=O)C1,C002,6,lowest-energy,poses/A71EV2A-x5666a/A71EV2A-x5666a_lowest-energy.sdf,A71EV2A-x5666a,2,2.603,0.858,-102.863,-32.510,TRUE,c31279d43dd454ed2601c522f55b6c63703de2fafa806b56343ed7ca361e8497,poses/A71EV2A-x5666a/A71EV2A-x5666a_lowest-energy.openstructure.json,bcbfb8475d36d74c6555c4110e7510ed9c1d35506402299f4c8aca8fdc340c37,poses/A71EV2A-x5666a/A71EV2A-x5666a_lowest-energy.posebusters.csv,a39ef970a88e881389c1f0dea598eb7e52e6f5d9b0adb7321df3f12a5a1c1aef
A71EV2A-x5666_A_201_0_1_A71EV2A-x0526+A+147+0+1__LIG,CSc1ncnc(N2CCc3ccsc3C2)c1CC(=O)N1CCC[C@H](C(N)=O)C1,C002,6,best-RMSD,poses/A71EV2A-x5666a/A71EV2A-x5666a_best-RMSD.sdf,A71EV2A-x5666a,6,1.194,0.915,-87.773,-29.650,TRUE,505ae0751ae617689d8d134207e9b63fcaeb9193bd6660291fddc6bb7ec3a2db,poses/A71EV2A-x5666a/A71EV2A-x5666a_best-RMSD.openstructure.json,b43d37c21f4d391305ef051f2cc407753d36bd42da0ed9daf6fe224ef2661476,poses/A71EV2A-x5666a/A71EV2A-x5666a_best-RMSD.posebusters.csv,a4c994229c3cb34042899a362369acf360477e0e89be35a10545edb20366d91b
A71EV2A-x7050_A_4000_0_1_A71EV2A-x0526+A+147+0+1__LIG,CSc1ncnc(N2CCc3ccsc3C2)c1CC(=O)N1C[C@@H](C(N)=O)C[C@@H]2C[C@@H]21,C027,6,lowest-energy,poses/A71EV2A-x7050a/A71EV2A-x7050a_lowest-energy.sdf,A71EV2A-x7050a,6,7.430,0.246,-24.304,-20.340,TRUE,a5dbcaea4336f2b79000d97cc14208b36c6d1d8347f4eeddcb4eb9b31333d7ca,poses/A71EV2A-x7050a/A71EV2A-x7050a_lowest-energy.openstructure.json,0af0089ef55a838278ec66fd1876a6ad8ac7999bafd38b2bb493ba6f3c15b7a9,poses/A71EV2A-x7050a/A71EV2A-x7050a_lowest-energy.posebusters.csv,036b513ed4b88fabebbb6302c9dd2b54915809bd2224f06444885492e4ccf2a0
A71EV2A-x7050_A_4000_0_1_A71EV2A-x0526+A+147+0+1__LIG,CSc1ncnc(N2CCc3ccsc3C2)c1CC(=O)N1C[C@@H](C(N)=O)C[C@@H]2C[C@@H]21,C027,6,best-RMSD,poses/A71EV2A-x7050a/A71EV2A-x7050a_best-RMSD.sdf,A71EV2A-x7050a,5,0.391,0.986,-2.627,-35.840,TRUE,256b3ae6cd86f438f936e39080d981a0601fb73d845d6039a3c8e02217c96d98,poses/A71EV2A-x7050a/A71EV2A-x7050a_best-RMSD.openstructure.json,b5167e12b05cc291667d8438fa2fe8ca4c9d89d70b3e1a8b6ff9c0f3710ed8ff,poses/A71EV2A-x7050a/A71EV2A-x7050a_best-RMSD.posebusters.csv,2af55692dad7661a1d497b429c7eb8b28845a165a3a5db624ba499336c199aa7
A71EV2A-x7151_A_4000_0_1_A71EV2A-x0526+A+147+0+1__LIG,CSc1ncnc(N2CCc3cnc(C(C)C)nc3C2)c1CC(=O)N1CCC[C@H](C(N)=O)C1,C002,7,lowest-energy,poses/A71EV2A-x7151a/A71EV2A-x7151a_lowest-energy.sdf,A71EV2A-x7151a,4,3.053,0.873,-123.597,-36.580,TRUE,b5bf8d83d29df3922bdfe57508b3cb0c3fed963167028d26cbdf01c5a7569cb8,poses/A71EV2A-x7151a/A71EV2A-x7151a_lowest-energy.openstructure.json,b0286712220edc0cf39997dd0ca73cbb727c30394f8675500fda25b6a20eaf32,poses/A71EV2A-x7151a/A71EV2A-x7151a_lowest-energy.posebusters.csv,3c5e1d3bba2f476c8dc780dd6215535e759c7d545c8ebe1425f4cf0b6718a35b
A71EV2A-x7151_A_4000_0_1_A71EV2A-x0526+A+147+0+1__LIG,CSc1ncnc(N2CCc3cnc(C(C)C)nc3C2)c1CC(=O)N1CCC[C@H](C(N)=O)C1,C002,7,best-RMSD,poses/A71EV2A-x7151a/A71EV2A-x7151a_best-RMSD.sdf,A71EV2A-x7151a,5,2.740,0.787,-96.674,-29.050,TRUE,73354ba1cb7479bb2909e0a65e25ffdd69ab5ebe7f611c9bcc2048a1cb1efc75,poses/A71EV2A-x7151a/A71EV2A-x7151a_best-RMSD.openstructure.json,1864c7d72d11d53baf5a40e400f69c74c1dfb184ef8666495cb7bf83486a2c30,poses/A71EV2A-x7151a/A71EV2A-x7151a_best-RMSD.posebusters.csv,072ddc417f90693b5b5a2c06d8ea1aaefc34e31ef18bb732ab7d064b606cb771
A71EV2A-x7043_A_4000_A_1_A71EV2A-x0526+A+147+0+1_ALIG,CSc1ncnc(N2CCn3nc4c(c3C2)CCC4)c1CC(=O)N1CCC[C@H](C(N)=O)C1,C002,6,lowest-energy,poses/A71EV2A-x7043a/A71EV2A-x7043a_lowest-energy.sdf,A71EV2A-x7043a,9,0.927,0.954,-90.358,-35.830,TRUE,09cb20e516ad83c566071e2f138da653bb0b396706130f9c9930e38c823e667b,poses/A71EV2A-x7043a/A71EV2A-x7043a_lowest-energy.openstructure.json,e0948de4242d119dc947c71219b8307fd2e0fa154788cae287698e831be9fbd0,poses/A71EV2A-x7043a/A71EV2A-x7043a_lowest-energy.posebusters.csv,7c367bbaa9eb09d887106fa1c424cdc7fc4e4d1d622b495201653dc362c1a4df
A71EV2A-x7043_A_4000_A_1_A71EV2A-x0526+A+147+0+1_ALIG,CSc1ncnc(N2CCn3nc4c(c3C2)CCC4)c1CC(=O)N1CCC[C@H](C(N)=O)C1,C002,6,best-RMSD,poses/A71EV2A-x7043a/A71EV2A-x7043a_best-RMSD.sdf,A71EV2A-x7043a,3,0.597,0.982,-88.828,-35.880,TRUE,308f2200f945cb89894f51e9e9a5c496e2625c08328ef37748a1c0e5e3e50694,poses/A71EV2A-x7043a/A71EV2A-x7043a_best-RMSD.openstructure.json,8b1fad57b210ff16d7f849d4a8a41c202e9f9faf768dda6c8969c9df82afcbb8,poses/A71EV2A-x7043a/A71EV2A-x7043a_best-RMSD.posebusters.csv,41736a47c625d44ab7fdffa5417099c33a7fa7624f7a46bbf5043f59facd242d
A71EV2A-x7130_A_4000_0_1_A71EV2A-x0526+A+147+0+1__LIG,CSc1ncnc(N2CCn3ncc(C#N)c3C2)c1CC(=O)N1CCC[C@H](C(N)=O)C1,C002,6,lowest-energy,poses/A71EV2A-x7130a/A71EV2A-x7130a_lowest-energy.sdf,A71EV2A-x7130a,7,0.420,0.995,-105.243,-32.620,TRUE,48342f3f417ba7f3460aef564905a20b7aff1252296369e52fa7c6bf7ff6730a,poses/A71EV2A-x7130a/A71EV2A-x7130a_lowest-energy.openstructure.json,f14e725e7645bdbc215a471bd5477504c3afd098f94ea64d3604fdbd64e34eac,poses/A71EV2A-x7130a/A71EV2A-x7130a_lowest-energy.posebusters.csv,83ccc787860fce3d6a77a50b60c57e8f7d2c31f815529c17c36c29842f936435
A71EV2A-x7130_A_4000_0_1_A71EV2A-x0526+A+147+0+1__LIG,CSc1ncnc(N2CCn3ncc(C#N)c3C2)c1CC(=O)N1CCC[C@H](C(N)=O)C1,C002,6,best-RMSD,poses/A71EV2A-x7130a/A71EV2A-x7130a_best-RMSD.sdf,A71EV2A-x7130a,7,0.420,0.995,-105.243,-32.620,TRUE,3fdd44bf34e4bdaad8d3dd2cbc629b4ef1a70e98abe8afb30a967b3266ccdbf7,poses/A71EV2A-x7130a/A71EV2A-x7130a_best-RMSD.openstructure.json,f14e725e7645bdbc215a471bd5477504c3afd098f94ea64d3604fdbd64e34eac,poses/A71EV2A-x7130a/A71EV2A-x7130a_best-RMSD.posebusters.csv,83ccc787860fce3d6a77a50b60c57e8f7d2c31f815529c17c36c29842f936435
A71EV2A-x7317_A_4000_A_1_A71EV2A-x0526+A+147+0+1_ALIG,CSc1ncnc(N2C[C@H]3C[C@H]3C2)c1CC(=O)N1CCC[C@H](C(N)=O)C1,C001,6,lowest-energy,poses/A71EV2A-x7317b/A71EV2A-x7317b_lowest-energy.sdf,A71EV2A-x7317b,9,0.496,0.986,-98.249,-35.630,TRUE,51486661b3a498c8fa6c60e3cc93840ec408d6fa7f8dae72ecf579006dabec78,poses/A71EV2A-x7317b/A71EV2A-x7317b_lowest-energy.openstructure.json,54bd3742bfdd6a7601fe36f4ea60c25367a004c448dc718833da548d212e8000,poses/A71EV2A-x7317b/A71EV2A-x7317b_lowest-energy.posebusters.csv,b11ef9cd90236997b5942268e93a8ec0760d591d76013ce37aff55cedfc1713b
A71EV2A-x7317_A_4000_A_1_A71EV2A-x0526+A+147+0+1_ALIG,CSc1ncnc(N2C[C@H]3C[C@H]3C2)c1CC(=O)N1CCC[C@H](C(N)=O)C1,C001,6,best-RMSD,poses/A71EV2A-x7317b/A71EV2A-x7317b_best-RMSD.sdf,A71EV2A-x7317b,2,0.486,0.987,-97.315,-35.110,TRUE,5be86e75326e29417cc7693c3da39594ed5ea43c3117dbc2219adb0d53d559b6,poses/A71EV2A-x7317b/A71EV2A-x7317b_best-RMSD.openstructure.json,43cbf6f8286b39d5975d1b3d71eb9a9f26fd431387d3cc58170907e2859a9743,poses/A71EV2A-x7317b/A71EV2A-x7317b_best-RMSD.posebusters.csv,1fa410a5578941fb5c09a792960d7cc781c41b60b927d5c04bda7d92f5b106f1
A71EV2A-x6808_A_4000_0_1_A71EV2A-x0526+A+147+0+1__LIG,CSc1ncnc(N2Cc3ccccc3C2)c1CC(=O)N1CCC[C@H](C(N)=O)C1,C001,6,lowest-energy,poses/A71EV2A-x6808a/A71EV2A-x6808a_lowest-energy.sdf,A71EV2A-x6808a,8,1.034,0.971,-103.695,-34.110,TRUE,9f65fe5ee029365465e944b207b7b4742a4a72b1ca2cc358dfe367f101502024,poses/A71EV2A-x6808a/A71EV2A-x6808a_lowest-energy.openstructure.json,0e3bd18c404c4980f44eb1f829d35197f5c95fccd61b8cf5cd0fe573ee2a9303,poses/A71EV2A-x6808a/A71EV2A-x6808a_lowest-energy.posebusters.csv,929134bc2bcc4204116faf0dac1279a0182611c8bb087d979019d918d03c4a25
A71EV2A-x6808_A_4000_0_1_A71EV2A-x0526+A+147+0+1__LIG,CSc1ncnc(N2Cc3ccccc3C2)c1CC(=O)N1CCC[C@H](C(N)=O)C1,C001,6,best-RMSD,poses/A71EV2A-x6808a/A71EV2A-x6808a_best-RMSD.sdf,A71EV2A-x6808a,3,0.830,0.983,-102.285,-33.990,TRUE,0d8c0bd8d32ed0efebd91310feefc51726a02f50ed11b41531aaed3da4be8eba,poses/A71EV2A-x6808a/A71EV2A-x6808a_best-RMSD.openstructure.json,1b751e34a85383e301ed50756444c05bf2cb3933ba50c4f7d7b8e3ed57000e1c,poses/A71EV2A-x6808a/A71EV2A-x6808a_best-RMSD.posebusters.csv,dd9e616650e64c255d5ae5c052f4e7ae60a69447bdb9424af37d16f27f05297a
A71EV2A-x5581_A_4000_0_1_A71EV2A-x0526+A+147+0+1__LIG,CSc1ncnc(SC)c1CC(=O)N1CCC[C@H](C(N)=O)C1,C001,6,lowest-energy,poses/A71EV2A-x5581a/A71EV2A-x5581a_lowest-energy.sdf,A71EV2A-x5581a,1,0.257,1.000,-114.814,-29.320,TRUE,f0684badf6f73927584924a7cb075143501a10193ff1fc27af06ab59c63f41ab,poses/A71EV2A-x5581a/A71EV2A-x5581a_lowest-energy.openstructure.json,6608703590aee2918d08f178ed61b226a0ba9fd754c313e62335521d6f0aa9a2,poses/A71EV2A-x5581a/A71EV2A-x5581a_lowest-energy.posebusters.csv,e9c7d696d3644a49d4d745391ec9bf5ec52ead11c4654f21800ea14eb7831e63
A71EV2A-x5581_A_4000_0_1_A71EV2A-x0526+A+147+0+1__LIG,CSc1ncnc(SC)c1CC(=O)N1CCC[C@H](C(N)=O)C1,C001,6,best-RMSD,poses/A71EV2A-x5581a/A71EV2A-x5581a_best-RMSD.sdf,A71EV2A-x5581a,7,0.237,1.000,-114.226,-28.670,TRUE,3dfc071425c88786a69a708d11b20a9d5a0169754c8a8722c55ee91b474b50ba,poses/A71EV2A-x5581a/A71EV2A-x5581a_best-RMSD.openstructure.json,0a8675af750a1e6535bd243d57ff055245d47ff33d001be8883b4ee62aeb75da,poses/A71EV2A-x5581a/A71EV2A-x5581a_best-RMSD.posebusters.csv,1631876bc1732d35996fe7ae7c216a64de1c70fc59eb9b3753e65b4726c03120
A71EV2A-x5039_A_201_0_1_A71EV2A-x0526+A+147+0+1__LIG,CSc1ncncc1CC(=O)N1CCC[C@H](C(N)=O)C1,C001,5,lowest-energy,poses/A71EV2A-x5039b/A71EV2A-x5039b_lowest-energy.sdf,A71EV2A-x5039b,10,0.195,1.000,-117.950,-30.670,TRUE,70a248efcd9d8f7ce3ff7bb4cc689d9f67a8d82c8520ad9d2613a8b06f75e824,poses/A71EV2A-x5039b/A71EV2A-x5039b_lowest-energy.openstructure.json,03604ba8d8b0b44b0ca81d7812ca9013b86c9d99040e466faea44b36763abf85,poses/A71EV2A-x5039b/A71EV2A-x5039b_lowest-energy.posebusters.csv,d86a350b1a078e4900f72d40831887bd2c8e4a0c01f653ad996df50202592b26
A71EV2A-x5039_A_201_0_1_A71EV2A-x0526+A+147+0+1__LIG,CSc1ncncc1CC(=O)N1CCC[C@H](C(N)=O)C1,C001,5,best-RMSD,poses/A71EV2A-x5039b/A71EV2A-x5039b_best-RMSD.sdf,A71EV2A-x5039b,4,0.185,1.000,-117.907,-30.470,TRUE,87001b96403237f5b61b525cd1b21df157903ac3b76c3eaf4af3c9274c0603fa,poses/A71EV2A-x5039b/A71EV2A-x5039b_best-RMSD.openstructure.json,71f7acf47eedc1d175b692691a39b69feb9c332fab5165b6a335cf19ff63148b,poses/A71EV2A-x5039b/A71EV2A-x5039b_best-RMSD.posebusters.csv,b8611aa990b039b4ac29f95942aa51ed3fe82dadc5b88a657b6c745b289e8019
A71EV2A-x4586_A_201_0_1_A71EV2A-x0526+A+147+0+1__LIG,C[C@@H](C(=O)N1CCC[C@H](C(N)=O)C1)c1cccs1,C008,4,lowest-energy,poses/A71EV2A-x4586a/A71EV2A-x4586a_lowest-energy.sdf,A71EV2A-x4586a,1,1.170,0.880,-88.291,-31.610,TRUE,f23290be5bc2015eeaf60f4e38f8cae3ce01233d5a3dd3b84ed3fdd08d5f3af6,poses/A71EV2A-x4586a/A71EV2A-x4586a_lowest-energy.openstructure.json,fb17963e3aa1be66f47ccdb48a17d4992f01198f586bf0914288f4ed3eb732b7,poses/A71EV2A-x4586a/A71EV2A-x4586a_lowest-energy.posebusters.csv,5fbe61ef9f029651edba419eea935e4206ebb4a6948fd734f3a54f6055141692
A71EV2A-x4586_A_201_0_1_A71EV2A-x0526+A+147+0+1__LIG,C[C@@H](C(=O)N1CCC[C@H](C(N)=O)C1)c1cccs1,C008,4,best-RMSD,poses/A71EV2A-x4586a/A71EV2A-x4586a_best-RMSD.sdf,A71EV2A-x4586a,3,0.800,0.917,-88.163,-33.560,TRUE,d96b3788b52104ac722ab723a61ed6147b6207474533785706f9382fe62bb695,poses/A71EV2A-x4586a/A71EV2A-x4586a_best-RMSD.openstructure.json,e4eaddd945d41475b1c542f89e473a42f8e16e8c52231e6e924c225d9a121251,poses/A71EV2A-x4586a/A71EV2A-x4586a_best-RMSD.posebusters.csv,09d3beb5a62f7a576bd08022cf429404be4a43b14ae4247c3f307327b6f28a3d
A71EV2A-x4494_A_201_0_1_A71EV2A-x0526+A+147+0+1__LIG,C[C@@H](C(=O)N1CCC[C@H](C(N)=O)C1)c1noc2ccccc12,C008,4,lowest-energy,poses/A71EV2A-x4494a/A71EV2A-x4494a_lowest-energy.sdf,A71EV2A-x4494a,6,0.953,0.930,-81.773,-33.930,TRUE,946104d8261de481282b571d6faf4e0db30e86743e07f55f87017aec3c24d51c,poses/A71EV2A-x4494a/A71EV2A-x4494a_lowest-energy.openstructure.json,9b66c9b03e6030251c247fc09407dc0d60d28f38198b33c59fcf12c0c5fbc22d,poses/A71EV2A-x4494a/A71EV2A-x4494a_lowest-energy.posebusters.csv,408be0c5a0eb2c4f36cfbe3eca55b1b75f62327c5020c1d5d4fb1f82e24e9fd7
A71EV2A-x4494_A_201_0_1_A71EV2A-x0526+A+147+0+1__LIG,C[C@@H](C(=O)N1CCC[C@H](C(N)=O)C1)c1noc2ccccc12,C008,4,best-RMSD,poses/A71EV2A-x4494a/A71EV2A-x4494a_best-RMSD.sdf,A71EV2A-x4494a,6,0.953,0.930,-81.773,-33.930,TRUE,bbbc52e47d2857681707a35341e1ff7944c6b54525de042290c5d9c27a9e96af,poses/A71EV2A-x4494a/A71EV2A-x4494a_best-RMSD.openstructure.json,9b66c9b03e6030251c247fc09407dc0d60d28f38198b33c59fcf12c0c5fbc22d,poses/A71EV2A-x4494a/A71EV2A-x4494a_best-RMSD.posebusters.csv,408be0c5a0eb2c4f36cfbe3eca55b1b75f62327c5020c1d5d4fb1f82e24e9fd7
A71EV2A-x3379_A_201_0_1_A71EV2A-x0526+A+147+0+1__LIG,C[C@@H](Cc1cocn1)NC(=O)c1nn(C)c2ccccc12,C007,5,lowest-energy,poses/A71EV2A-x3593a/A71EV2A-x3593a_lowest-energy.sdf,A71EV2A-x3593a,5,0.350,0.986,-69.703,-26.470,TRUE,f5aa3c65aaa90dff0323d40ae4acd4e2be268de825cdb8c3d347dbb0a052fe69,poses/A71EV2A-x3593a/A71EV2A-x3593a_lowest-energy.openstructure.json,b6857a29df32fd776dab5ecd4ae8df60e9f973842f9c0db645ddce73a35fa1cf,poses/A71EV2A-x3593a/A71EV2A-x3593a_lowest-energy.posebusters.csv,3fc1217f33ae635c5e471725f73dda2592eeb5f8c3aea6c6a45a9b364784adc3
A71EV2A-x3379_A_201_0_1_A71EV2A-x0526+A+147+0+1__LIG,C[C@@H](Cc1cocn1)NC(=O)c1nn(C)c2ccccc12,C007,5,best-RMSD,poses/A71EV2A-x3379a/A71EV2A-x3379a_best-RMSD.sdf,A71EV2A-x3379a,5,0.330,0.992,-66.621,-26.320,TRUE,eff0e1c97c20eb87c08fe03caccdc2d4fad846f59e2dec1e533c7750856d9161,poses/A71EV2A-x3379a/A71EV2A-x3379a_best-RMSD.openstructure.json,cb62c4c562dd6b36a4dcf94c0df5c6ef09e29b74e916efff347173fb2e3d75be,poses/A71EV2A-x3379a/A71EV2A-x3379a_best-RMSD.posebusters.csv,2f89e08e0d2c2cce390b700f90caeebc72d393e83e99d56f5b99874f493e516b
A71EV2A-x5556_A_4000_0_1_A71EV2A-x0526+A+147+0+1__LIG,C[C@@H](c1ccc(Cl)c(Br)c1)N1C[C@@H](C(N)=O)CCC1=O,C016,3,lowest-energy,poses/A71EV2A-x5556a/A71EV2A-x5556a_lowest-energy.sdf,A71EV2A-x5556a,1,0.234,1.000,-105.944,-34.760,TRUE,485c7e0205584109745c1c0fe1635e4f3f351b7826d2e8e3ce7c1ad7795d3bf8,poses/A71EV2A-x5556a/A71EV2A-x5556a_lowest-energy.openstructure.json,1ff5a3ae15b58604a1c10f9bb717d218d29bab87449744ac98260491eee7557c,poses/A71EV2A-x5556a/A71EV2A-x5556a_lowest-energy.posebusters.csv,dcd19098d6a671d57a5c264a54344f35230988be61ad094edac2b319e7e1feeb
A71EV2A-x5556_A_4000_0_1_A71EV2A-x0526+A+147+0+1__LIG,C[C@@H](c1ccc(Cl)c(Br)c1)N1C[C@@H](C(N)=O)CCC1=O,C016,3,best-RMSD,poses/A71EV2A-x5556a/A71EV2A-x5556a_best-RMSD.sdf,A71EV2A-x5556a,3,0.217,1.000,-105.364,-33.540,TRUE,8b5a720aca6791e35b9e9744ac0b186d05a4f4fd7800add71e2ed2b1d0a0b129,poses/A71EV2A-x5556a/A71EV2A-x5556a_best-RMSD.openstructure.json,32320c6dfdde959da7624df86981bac408d88b7451312ec01d2f3e45056a9651,poses/A71EV2A-x5556a/A71EV2A-x5556a_best-RMSD.posebusters.csv,52c92fba52f7bdd413dda4e313f4c999ab23ac369a758e3c835b84e29d4af426
A71EV2A-x5744_A_4000_0_1_A71EV2A-x0526+A+147+0+1__LIG,C[C@@H](c1ccc2[nH]ncc2c1)N1C[C@@H](C(N)=O)CCC1=O,C028,3,lowest-energy,poses/A71EV2A-x5744a/A71EV2A-x5744a_lowest-energy.sdf,A71EV2A-x5744a,4,0.246,1.000,-91.868,-36.000,TRUE,f96cf785123e6097840f064c1c4edd1006b4585d465905f8d31d90f7e66d4999,poses/A71EV2A-x5744a/A71EV2A-x5744a_lowest-energy.openstructure.json,80903a8ac5c219741c4ed6d237545fddde6338befd02790c033070abc9ee8ec0,poses/A71EV2A-x5744a/A71EV2A-x5744a_lowest-energy.posebusters.csv,4b28de7d0404253a7c66c02ccbcde68e9c66df9e5d2fc221f924675dbcbe93cc
A71EV2A-x5744_A_4000_0_1_A71EV2A-x0526+A+147+0+1__LIG,C[C@@H](c1ccc2[nH]ncc2c1)N1C[C@@H](C(N)=O)CCC1=O,C028,3,best-RMSD,poses/A71EV2A-x5744a/A71EV2A-x5744a_best-RMSD.sdf,A71EV2A-x5744a,10,0.211,1.000,-91.424,-35.520,TRUE,839ccd9ab4ae172f43cea8eae0c34ea6f966fbe540087d5268c04ffdd2906e10,poses/A71EV2A-x5744a/A71EV2A-x5744a_best-RMSD.openstructure.json,6a1edf43a53a17c13b72225bb13e8b7a274aa35cec606491994bb03a859c2077,poses/A71EV2A-x5744a/A71EV2A-x5744a_best-RMSD.posebusters.csv,a6a490c552728ad81f94c9e4b2d6026ead2464da4237e63585864985655ec8f2
A71EV2A-x5673_A_4000_0_1_A71EV2A-x0526+A+147+0+1__LIG,C[C@@H](c1cccc(Cl)c1F)N1C[C@@H](C(N)=O)CCC1=O,C016,3,lowest-energy,poses/A71EV2A-x5673a/A71EV2A-x5673a_lowest-energy.sdf,A71EV2A-x5673a,4,0.453,0.980,-97.095,-31.130,TRUE,0295e13491d5ddc74e2b60272b9d603cfe157faadef5762416878a35508c0bba,poses/A71EV2A-x5673a/A71EV2A-x5673a_lowest-energy.openstructure.json,405d2063262fc46097489802f766a696aec7edc385864d2da89231ac0c5160ed,poses/A71EV2A-x5673a/A71EV2A-x5673a_lowest-energy.posebusters.csv,7396962a74aa1f608ca791ad58788ab206d497297b34d35907515244282085a0
A71EV2A-x5673_A_4000_0_1_A71EV2A-x0526+A+147+0+1__LIG,C[C@@H](c1cccc(Cl)c1F)N1C[C@@H](C(N)=O)CCC1=O,C016,3,best-RMSD,poses/A71EV2A-x5673a/A71EV2A-x5673a_best-RMSD.sdf,A71EV2A-x5673a,4,0.453,0.980,-97.095,-31.130,TRUE,2663d6ddc9ff58834bf3b27ee06ef06c3cbb6270b5dfc90ff3fc718d8ccbcc7e,poses/A71EV2A-x5673a/A71EV2A-x5673a_best-RMSD.openstructure.json,405d2063262fc46097489802f766a696aec7edc385864d2da89231ac0c5160ed,poses/A71EV2A-x5673a/A71EV2A-x5673a_best-RMSD.posebusters.csv,7396962a74aa1f608ca791ad58788ab206d497297b34d35907515244282085a0
A71EV2A-x5894_A_4000_0_1_A71EV2A-x0526+A+147+0+1__LIG,C[C@@H](c1nccc2ccccc12)N1C[C@@H](C(N)=O)CCC1=O,C028,3,lowest-energy,poses/A71EV2A-x5894a/A71EV2A-x5894a_lowest-energy.sdf,A71EV2A-x5894a,10,0.382,0.996,-112.290,-37.380,TRUE,52d1752979b24e07384ab408bd373807bcb04b566cf770bd4356e8c9064aaeab,poses/A71EV2A-x5894a/A71EV2A-x5894a_lowest-energy.openstructure.json,6c7603d84c568d14072b28423037b7473cacdacf6a896fe2e054e4d2f81c48ba,poses/A71EV2A-x5894a/A71EV2A-x5894a_lowest-energy.posebusters.csv,b8b15d6005c5ad5024153c60bd284fc1057d0a7a6893aa1f593cc035bc24b89f
A71EV2A-x5894_A_4000_0_1_A71EV2A-x0526+A+147+0+1__LIG,C[C@@H](c1nccc2ccccc12)N1C[C@@H](C(N)=O)CCC1=O,C028,3,best-RMSD,poses/A71EV2A-x5894a/A71EV2A-x5894a_best-RMSD.sdf,A71EV2A-x5894a,5,0.196,1.000,-111.814,-37.310,TRUE,19ec322031617942f17637a07618c445561be1fb624a73f5f0fef311e909c629,poses/A71EV2A-x5894a/A71EV2A-x5894a_best-RMSD.openstructure.json,9fd2b93fbb4473416b336a9c8869176cd5cc13dbccdf6bbeb1c17cd30736b751,poses/A71EV2A-x5894a/A71EV2A-x5894a_best-RMSD.posebusters.csv,d7156e15b0540a8c17be3fcc60c95175ce9a6fccf0e61f1d4c771d03eaf84d6a
A71EV2A-x5777_A_4000_0_1_A71EV2A-x0526+A+147+0+1__LIG,C[C@@H]1CC(=O)N(Cc2ccc3cnn(C)c3c2)C[C@H]1C(N)=O,C018,3,lowest-energy,poses/A71EV2A-x5777b/A71EV2A-x5777b_lowest-energy.sdf,A71EV2A-x5777b,4,0.320,1.000,-90.939,-35.260,TRUE,b3363f7792eaa654c79d37c8cfc294e951fc53d21f8a65bc5e96eabe6e467f56,poses/A71EV2A-x5777b/A71EV2A-x5777b_lowest-energy.openstructure.json,801a9e16e1a96a7068b2be36dee13ec0c26702ede4ea6dfa31e085329d4aba4e,poses/A71EV2A-x5777b/A71EV2A-x5777b_lowest-energy.posebusters.csv,597eca56b781e9ed82fcb7dbd9daaac0d580d6f00447de37647bee585aa3e547
A71EV2A-x5777_A_4000_0_1_A71EV2A-x0526+A+147+0+1__LIG,C[C@@H]1CC(=O)N(Cc2ccc3cnn(C)c3c2)C[C@H]1C(N)=O,C018,3,best-RMSD,poses/A71EV2A-x5777a/A71EV2A-x5777a_best-RMSD.sdf,A71EV2A-x5777a,7,0.221,1.000,-90.439,-34.140,TRUE,a3873496dcbcebe1ddd0971f7dbdf6bcbe20ae2cdfda80393574a6dce68e1175,poses/A71EV2A-x5777a/A71EV2A-x5777a_best-RMSD.openstructure.json,d66277896ff56be3faec40f77168f0a9c798e6439e5827454600210e961946ef,poses/A71EV2A-x5777a/A71EV2A-x5777a_best-RMSD.posebusters.csv,774667fa524ced1ded5687166761123a479dd112ef610ed86a4079d6fb77b051
A71EV2A-x5219_A_201_0_1_A71EV2A-x0526+A+147+0+1__LIG,C[C@@H]1CCCC[C@H]1OC(=O)N1CCC[C@H](C(N)=O)C1,C029,4,lowest-energy,poses/A71EV2A-x5219b/A71EV2A-x5219b_lowest-energy.sdf,A71EV2A-x5219b,4,0.311,0.998,-103.509,-28.370,TRUE,7239ed29e015d7f4dc34e97adc33d9ab05de3de44c9873e60e64fe363fcefdb9,poses/A71EV2A-x5219b/A71EV2A-x5219b_lowest-energy.openstructure.json,35f5d69a7af28632b3d0c4c7256bf441c497094b469c3ddd85539852c40adf04,poses/A71EV2A-x5219b/A71EV2A-x5219b_lowest-energy.posebusters.csv,360c27f1ad851dd9fa987207703ef079768b7f21955e3002e57e3d7bdc0b445b
A71EV2A-x5219_A_201_0_1_A71EV2A-x0526+A+147+0+1__LIG,C[C@@H]1CCCC[C@H]1OC(=O)N1CCC[C@H](C(N)=O)C1,C029,4,best-RMSD,poses/A71EV2A-x5219a/A71EV2A-x5219a_best-RMSD.sdf,A71EV2A-x5219a,9,0.222,1.000,-102.319,-28.360,TRUE,795fa6c0d8a8d31fc20c06b13a9db7b602cf1ed517a37454ad47d5b9c4583346,poses/A71EV2A-x5219a/A71EV2A-x5219a_best-RMSD.openstructure.json,e928dee5610b5ad716ab77157e4cd24d303f5de089a2b3fae1b50dd1d96867c2,poses/A71EV2A-x5219a/A71EV2A-x5219a_best-RMSD.posebusters.csv,cd9f6e20c8b834e21248900192c9c9507c8a63f7196cb2530387fd0d520a54b6
A71EV2A-x4526_A_201_0_1_A71EV2A-x0526+A+147+0+1__LIG,C[C@H](C(=O)N1CCC[C@H](C(N)=O)C1)c1cccs1,C008,4,lowest-energy,poses/A71EV2A-x4526a/A71EV2A-x4526a_lowest-energy.sdf,A71EV2A-x4526a,2,1.127,0.886,-86.784,-30.280,TRUE,e359c7035cc9cb8a961244c3c1d12239285e16394d4164c257ef6a3b01b400f5,poses/A71EV2A-x4526a/A71EV2A-x4526a_lowest-energy.openstructure.json,47b0541f31c632df1fc70034ffa49ce4cba512c1ca921a05da9418ca31c554d4,poses/A71EV2A-x4526a/A71EV2A-x4526a_lowest-energy.posebusters.csv,b82d742ab21fad5fa1985dc90de74820c14ae328a705ab81bd2de6a7a8894496
A71EV2A-x4526_A_201_0_1_A71EV2A-x0526+A+147+0+1__LIG,C[C@H](C(=O)N1CCC[C@H](C(N)=O)C1)c1cccs1,C008,4,best-RMSD,poses/A71EV2A-x4526a/A71EV2A-x4526a_best-RMSD.sdf,A71EV2A-x4526a,4,0.563,0.967,-83.154,-31.550,TRUE,ee4b448026d8c57c19f40492e6991b6d6e7abd75e38aebc3e97b9ff3123c82b9,poses/A71EV2A-x4526a/A71EV2A-x4526a_best-RMSD.openstructure.json,ef8a7bf4b18f5cd66d6beec6ee10581c45b841ed9c485a1f9b4a42d49d72e62d,poses/A71EV2A-x4526a/A71EV2A-x4526a_best-RMSD.posebusters.csv,3b6d2bace67bab36fe31527be699d7f9171ebd780c09e7dab8c95ec554b9f757
A71EV2A-x4874_A_201_0_1_A71EV2A-x0526+A+147+0+1__LIG,C[C@H](C(=O)N1CCC[C@H](C(N)=O)C1)c1ccn[nH]1,C008,4,lowest-energy,poses/A71EV2A-x4874b/A71EV2A-x4874b_lowest-energy.sdf,A71EV2A-x4874b,9,0.344,0.996,-93.344,-29.650,TRUE,ad254ad185856d266af2a196654d257d6dc3a217173cba358d6d6d85cc9a1205,poses/A71EV2A-x4874b/A71EV2A-x4874b_lowest-energy.openstructure.json,03de92f3bf69615685e0bb4e01aa57f4276fb28cc44e2f0e2ee78c07d72568ce,poses/A71EV2A-x4874b/A71EV2A-x4874b_lowest-energy.posebusters.csv,a066e86be452040740669402baf213b933fef19fe22deca7535d4a60e01f068d
A71EV2A-x4874_A_201_0_1_A71EV2A-x0526+A+147+0+1__LIG,C[C@H](C(=O)N1CCC[C@H](C(N)=O)C1)c1ccn[nH]1,C008,4,best-RMSD,poses/A71EV2A-x4874a/A71EV2A-x4874a_best-RMSD.sdf,A71EV2A-x4874a,6,0.247,1.000,-89.742,-33.890,TRUE,3d140b6fc6cb294246c085bd50537e8351119e87154fe1180f5fbc11f8f060de,poses/A71EV2A-x4874a/A71EV2A-x4874a_best-RMSD.openstructure.json,526bb77f6deaac4f4ad0aba17da5e465ad7e03971dea671c54c620b23b9cc7e3,poses/A71EV2A-x4874a/A71EV2A-x4874a_best-RMSD.posebusters.csv,7609099abbf35564c6184d007550a38a1ed1187a23e5b2bda5fecf870144abbf
A71EV2A-x4510_A_201_0_1_A71EV2A-x0526+A+147+0+1__LIG,C[C@H](C(=O)N1CCC[C@H](C(N)=O)C1)c1cn(C)nc1C(F)(F)F,C039,5,lowest-energy,poses/A71EV2A-x4510a/A71EV2A-x4510a_lowest-energy.sdf,A71EV2A-x4510a,4,0.358,0.993,-104.608,-35.370,TRUE,072a41bc9ad8f0db09645714632b6dedab088e15efadb67f9af0b1f2b1ebb33b,poses/A71EV2A-x4510a/A71EV2A-x4510a_lowest-energy.openstructure.json,bdab5890d45f7cb39d0fe6f58e39cecf6df4754f020e0ff14fbbaa9b3675d1d2,poses/A71EV2A-x4510a/A71EV2A-x4510a_lowest-energy.posebusters.csv,8492a6727c5148a91b9e202a4a811509c4f2db76b0d827cacbb5a892f51734ca
A71EV2A-x4510_A_201_0_1_A71EV2A-x0526+A+147+0+1__LIG,C[C@H](C(=O)N1CCC[C@H](C(N)=O)C1)c1cn(C)nc1C(F)(F)F,C039,5,best-RMSD,poses/A71EV2A-x4510a/A71EV2A-x4510a_best-RMSD.sdf,A71EV2A-x4510a,9,0.296,0.996,-104.356,-35.640,TRUE,bef40e0a6e6e5dab1c90d2d8b87ebe79c90a4ae4e8d3744a43b63d71dba52e00,poses/A71EV2A-x4510a/A71EV2A-x4510a_best-RMSD.openstructure.json,e26888d83f2f6248798923cc7cc13ede62f3f70ab692efe6b4c72cb32ef7c841,poses/A71EV2A-x4510a/A71EV2A-x4510a_best-RMSD.posebusters.csv,87e25cd2047c877d29d4f889c7a183f3d395322598b144d2f69e00745144e924
A71EV2A-x4509_A_201_0_1_A71EV2A-x0526+A+147+0+1__LIG,C[C@H](C(=O)N1CCC[C@H](C(N)=O)C1)c1cncc(F)c1,C008,4,lowest-energy,poses/A71EV2A-x4570a/A71EV2A-x4570a_lowest-energy.sdf,A71EV2A-x4570a,3,0.472,0.975,-95.776,-32.760,TRUE,9a97b0f5aff4eb658e1411fd3f6d212516c6ca40cb783a177b61f4fd27e7f5e5,poses/A71EV2A-x4570a/A71EV2A-x4570a_lowest-energy.openstructure.json,582db85663f06ba755f113250c6100836599150f4b754e251220c98b49a3c0d8,poses/A71EV2A-x4570a/A71EV2A-x4570a_lowest-energy.posebusters.csv,0d7eb3cb37dd4a030914cd7d3c9c9ea656d31496c87da9448d4269aae8910899
A71EV2A-x4509_A_201_0_1_A71EV2A-x0526+A+147+0+1__LIG,C[C@H](C(=O)N1CCC[C@H](C(N)=O)C1)c1cncc(F)c1,C008,4,best-RMSD,poses/A71EV2A-x4570a/A71EV2A-x4570a_best-RMSD.sdf,A71EV2A-x4570a,2,0.440,0.987,-95.670,-32.630,TRUE,9180d04a92fb0c8f6782e47003bcf7dd62a582f9593bc8e986660bdfe5c74d63,poses/A71EV2A-x4570a/A71EV2A-x4570a_best-RMSD.openstructure.json,f42a7e17345dcded5f471306be60d667a9afd6a463792f28b862123bc7352ec0,poses/A71EV2A-x4570a/A71EV2A-x4570a_best-RMSD.posebusters.csv,32503ffb4387ce7619fd035fc621c0f7b7e1c14a5d49e95f89b4ff571730dd58
A71EV2A-x4895_A_201_0_1_A71EV2A-x0526+A+147+0+1__LIG,C[C@H](C(=O)N1CCC[C@H](C(N)=O)C1)c1nc(F)ccc1Cl,C039,4,lowest-energy,poses/A71EV2A-x4895b/A71EV2A-x4895b_lowest-energy.sdf,A71EV2A-x4895b,4,0.230,1.000,-106.204,-35.440,TRUE,05177f69cd05828eb4f3b4923d6c105cd76a3ef92c7667a40254f4227893745d,poses/A71EV2A-x4895b/A71EV2A-x4895b_lowest-energy.openstructure.json,dec2945246fc7ca413e8a51b218f657e13f65eb311a08f9a2cb833a1bf2a17eb,poses/A71EV2A-x4895b/A71EV2A-x4895b_lowest-energy.posebusters.csv,5d48c5079c72ac395c12d1f0ea8ef3601ade69a7b37e2ae98fcc823fb3d2558a
A71EV2A-x4895_A_201_0_1_A71EV2A-x0526+A+147+0+1__LIG,C[C@H](C(=O)N1CCC[C@H](C(N)=O)C1)c1nc(F)ccc1Cl,C039,4,best-RMSD,poses/A71EV2A-x4895a/A71EV2A-x4895a_best-RMSD.sdf,A71EV2A-x4895a,8,0.216,1.000,-104.756,-32.020,TRUE,c50fa0e098529dc07326eeb295fd1c77b083df04186c9fea64d26e5de90c9489,poses/A71EV2A-x4895a/A71EV2A-x4895a_best-RMSD.openstructure.json,53a0159db6ba80673d2a4730d38a253f87f197eb504c8d82682d59535926ca1b,poses/A71EV2A-x4895a/A71EV2A-x4895a_best-RMSD.posebusters.csv,baeaf0d1565e34bc49604aafaac63f8aded74dec491077fc983c44e86b4ada2d
A71EV2A-x5766_A_4000_0_1_A71EV2A-x0526+A+147+0+1__LIG,C[C@H]1CC(=O)N(Cc2ccc3cnn(C)c3c2)C[C@H]1C(N)=O,C018,3,lowest-energy,poses/A71EV2A-x5766a/A71EV2A-x5766a_lowest-energy.sdf,A71EV2A-x5766a,5,0.207,1.000,-82.665,-28.380,TRUE,f51541f2bf0b3fe1f5b8777706e4e3ae985cef1df1a552cbe2b7bbc941135412,poses/A71EV2A-x5766a/A71EV2A-x5766a_lowest-energy.openstructure.json,845c511b00d7cbaabdcec0dd22ea44a96bc0178dea5d97772ea534ea159d861b,poses/A71EV2A-x5766a/A71EV2A-x5766a_lowest-energy.posebusters.csv,eb98ae57600606302b2fdbe7b6558cba20b085dcb39bcab42c3b4ffe2796471f
A71EV2A-x5766_A_4000_0_1_A71EV2A-x0526+A+147+0+1__LIG,C[C@H]1CC(=O)N(Cc2ccc3cnn(C)c3c2)C[C@H]1C(N)=O,C018,3,best-RMSD,poses/A71EV2A-x5766a/A71EV2A-x5766a_best-RMSD.sdf,A71EV2A-x5766a,1,0.174,1.000,-82.121,-28.460,TRUE,1a00982595b0c488bb2184624dfe519f182b529daa2e573c812ec545c06ec18c,poses/A71EV2A-x5766a/A71EV2A-x5766a_best-RMSD.openstructure.json,1c4b4d658e7d06845f0f79aa12fae889789d10a54294e02d257593e1bcf04316,poses/A71EV2A-x5766a/A71EV2A-x5766a_best-RMSD.posebusters.csv,776565b8462ac4c2af47bb57a8eec602030f8a2f60485d22cc51b048d0c3f596
A71EV2A-x3938_A_201_0_1_A71EV2A-x0526+A+147+0+1__LIG,C[C@]1(C(=O)N2CCC[C@H](C(N)=O)C2)CCCCO1,C032,3,lowest-energy,poses/A71EV2A-x3938a/A71EV2A-x3938a_lowest-energy.sdf,A71EV2A-x3938a,1,0.801,0.929,-80.519,-28.540,TRUE,a06e13d845bd34bf05ce672e50b6c3f76f6724b0f5b05d221e6277e9225d005c,poses/A71EV2A-x3938a/A71EV2A-x3938a_lowest-energy.openstructure.json,43bf5d9e44ea6647b7365c35d963276c4aecf47590d5aa5f72f724fac502a2b2,poses/A71EV2A-x3938a/A71EV2A-x3938a_lowest-energy.posebusters.csv,11442df07a73ce65bd395dce74b146faeeb6d55b3643f8b5775992252fdb4063
A71EV2A-x3938_A_201_0_1_A71EV2A-x0526+A+147+0+1__LIG,C[C@]1(C(=O)N2CCC[C@H](C(N)=O)C2)CCCCO1,C032,3,best-RMSD,poses/A71EV2A-x3938a/A71EV2A-x3938a_best-RMSD.sdf,A71EV2A-x3938a,4,0.789,0.933,-79.877,-27.320,TRUE,2959fc81ad1914f7c08589ac51f84f357c3129832feed69ed2253191ddfaccfa,poses/A71EV2A-x3938a/A71EV2A-x3938a_best-RMSD.openstructure.json,1ee4bbf6ecd329e204a173bc47734d252413cd53dcea7424a575192e5dcc5316,poses/A71EV2A-x3938a/A71EV2A-x3938a_best-RMSD.posebusters.csv,ddaf38fc3a1f510b97b95932d81b09abf889b1db081f41251d97cd9a45e96ea1
A71EV2A-x5222_A_201_0_1_A71EV2A-x0526+A+147+0+1__LIG,Cc1[nH]c2cc(C#N)ccc2c1CCN1C[C@@H](C(N)=O)CCC1=O,C064,4,lowest-energy,poses/A71EV2A-x5222a/A71EV2A-x5222a_lowest-energy.sdf,A71EV2A-x5222a,1,0.244,1.000,-94.437,-39.060,TRUE,040b802ed579247c1f718d3df6a0054969f5395d1d71476fb628ade633968d0f,poses/A71EV2A-x5222a/A71EV2A-x5222a_lowest-energy.openstructure.json,c6ed58e843b1737d2be60e4045dc014abf0843fe9b83cd3935db47aff0127846,poses/A71EV2A-x5222a/A71EV2A-x5222a_lowest-energy.posebusters.csv,3fd4e99bf55cdf76f91abf7f436c9a22c4ad201dbdd2f7d9d56f94481c1c5c98
A71EV2A-x5222_A_201_0_1_A71EV2A-x0526+A+147+0+1__LIG,Cc1[nH]c2cc(C#N)ccc2c1CCN1C[C@@H](C(N)=O)CCC1=O,C064,4,best-RMSD,poses/A71EV2A-x5222a/A71EV2A-x5222a_best-RMSD.sdf,A71EV2A-x5222a,10,0.203,1.000,-93.521,-38.220,TRUE,a56db9e0dae68f99f685a9de07c22742f5e8b8deeae1277909274ef6c96e2b1a,poses/A71EV2A-x5222a/A71EV2A-x5222a_best-RMSD.openstructure.json,7c64d24cc64dfcd33403d55df371e1c011973512c77c6673d1217b3dae2dffdd,poses/A71EV2A-x5222a/A71EV2A-x5222a_best-RMSD.posebusters.csv,0504a8d2887611a21815bbf47ccb74c610bdb3cbeb4abc64acc385c1ce43a7d1
A71EV2A-x4291_A_201_0_1_A71EV2A-x0526+A+147+0+1__LIG,Cc1cc(C)c(CC(=O)N2CCC[C@H](C(N)=O)C2)c(=O)[nH]1,C017,4,lowest-energy,poses/A71EV2A-x4291a/A71EV2A-x4291a_lowest-energy.sdf,A71EV2A-x4291a,7,0.184,1.000,-107.889,-31.920,TRUE,e0bf1a9c39504a1e6ce5993eb13a7d656f0c09fb5e40d5cc4936d5838dc9279a,poses/A71EV2A-x4291a/A71EV2A-x4291a_lowest-energy.openstructure.json,f90cd40c096bf4f6c9cebac22cd1e36ffc38cfb7a83b23818b7d994027ec2cf2,poses/A71EV2A-x4291a/A71EV2A-x4291a_lowest-energy.posebusters.csv,df162468c6b9233678f8d500d737a24fd1c8a78a66a6e233744e3493b606b7ac
A71EV2A-x4291_A_201_0_1_A71EV2A-x0526+A+147+0+1__LIG,Cc1cc(C)c(CC(=O)N2CCC[C@H](C(N)=O)C2)c(=O)[nH]1,C017,4,best-RMSD,poses/A71EV2A-x4291a/A71EV2A-x4291a_best-RMSD.sdf,A71EV2A-x4291a,7,0.184,1.000,-107.889,-31.920,TRUE,51c8802fd0125dcaaf2231e1ed4211bf6863f632d18b96ba63843d2cc251f6f8,poses/A71EV2A-x4291a/A71EV2A-x4291a_best-RMSD.openstructure.json,f90cd40c096bf4f6c9cebac22cd1e36ffc38cfb7a83b23818b7d994027ec2cf2,poses/A71EV2A-x4291a/A71EV2A-x4291a_best-RMSD.posebusters.csv,df162468c6b9233678f8d500d737a24fd1c8a78a66a6e233744e3493b606b7ac
A71EV2A-x3279_A_201_0_1_A71EV2A-x0526+A+147+0+1__LIG,Cc1cc(C)c(Nc2ccn(C)n2)c(C)c1,C040,2,lowest-energy,poses/A71EV2A-x3279a/A71EV2A-x3279a_lowest-energy.sdf,A71EV2A-x3279a,9,4.414,0.498,-37.872,-29.880,TRUE,63d3d7aad34cd10fac20d6377f20ce2bd80c8d7d6dd4d413aa82b6c733389cf3,poses/A71EV2A-x3279a/A71EV2A-x3279a_lowest-energy.openstructure.json,2da6910652a5816c89c1ef513120757edd29f0da100ebb704fe911cf4c6af878,poses/A71EV2A-x3279a/A71EV2A-x3279a_lowest-energy.posebusters.csv,fc76185c16097fd41fd45df6a22e9c43a294766fd1b6d18f3a70ba9b9fbf94c6
A71EV2A-x3279_A_201_0_1_A71EV2A-x0526+A+147+0+1__LIG,Cc1cc(C)c(Nc2ccn(C)n2)c(C)c1,C040,2,best-RMSD,poses/A71EV2A-x3279a/A71EV2A-x3279a_best-RMSD.sdf,A71EV2A-x3279a,2,4.403,0.499,-36.952,-28.730,TRUE,0c5ea13fa29e6be22c340c48993f25f5936d9061d3f1aacda3d0ef50eb9ad0b0,poses/A71EV2A-x3279a/A71EV2A-x3279a_best-RMSD.openstructure.json,4fca89aa90b29d02aa6e0d2f892a3cbd44fc3156b739f41fd6a4eee4caeb55f1,poses/A71EV2A-x3279a/A71EV2A-x3279a_best-RMSD.posebusters.csv,f9f7098c36cc4cbc02a103dffceaab805e6d19b1930c065e893a19d7b9898e0a
A71EV2A-x3234_D_246_0_1_A71EV2A-x0526+A+147+0+1__LIG,Cc1cc(C)c(Nc2ccn(C3COC3)n2)c(C)c1,C040,3,lowest-energy,poses/A71EV2A-x3234a/A71EV2A-x3234a_lowest-energy.sdf,A71EV2A-x3234a,7,5.709,0.414,-29.147,-28.430,TRUE,52723307217683f235ea448a424ad2e1c137842e8378b35170b777fae6e47a4e,poses/A71EV2A-x3234a/A71EV2A-x3234a_lowest-energy.openstructure.json,42912933eba744e727f98ffda71bae7afe1dcd137c4663e5fe32b0011d167a4f,poses/A71EV2A-x3234a/A71EV2A-x3234a_lowest-energy.posebusters.csv,c3886c6a64daed5de2b036a9b8240ad3cddd0548bf93c72b13a226e35e7d4aa3
A71EV2A-x3234_D_246_0_1_A71EV2A-x0526+A+147+0+1__LIG,Cc1cc(C)c(Nc2ccn(C3COC3)n2)c(C)c1,C040,3,best-RMSD,poses/A71EV2A-x3234a/A71EV2A-x3234a_best-RMSD.sdf,A71EV2A-x3234a,1,2.940,0.807,-22.307,-26.720,TRUE,b3d4f1dd9fc0aca593caa444a5b5ae22538418d19a63c7c78c32a5dc217d267f,poses/A71EV2A-x3234a/A71EV2A-x3234a_best-RMSD.openstructure.json,4943128023f7fa5833328fc64ef158ae6098c58101d58fda035d0943bf269afe,poses/A71EV2A-x3234a/A71EV2A-x3234a_best-RMSD.posebusters.csv,7b6e12693ee7acf72ab8b3eb1487157c9440c7b45193fc31cdaec16e9cc55c82
A71EV2A-x3194_A_201_0_1_A71EV2A-x0526+A+147+0+1__LIG,Cc1cc(CC(=O)N2CCC[C@H](C(N)=O)C2)ccn1,C001,4,lowest-energy,poses/A71EV2A-x3194a/A71EV2A-x3194a_lowest-energy.sdf,A71EV2A-x3194a,8,0.189,1.000,-111.184,-36.720,TRUE,f449584a56a13a58194850ac7856f6c670fbe7f383e94852d6c1930cbfaa8019,poses/A71EV2A-x3194a/A71EV2A-x3194a_lowest-energy.openstructure.json,aa55b4b651d24fae934506d94a4a5032c2f10a5ffa68c4f10d6fcd8f722fc150,poses/A71EV2A-x3194a/A71EV2A-x3194a_lowest-energy.posebusters.csv,b3f352a7f2739079a403ffa8c7a044b182b2949ee0a2a85f966454ce72b1830a
A71EV2A-x3194_A_201_0_1_A71EV2A-x0526+A+147+0+1__LIG,Cc1cc(CC(=O)N2CCC[C@H](C(N)=O)C2)ccn1,C001,4,best-RMSD,poses/A71EV2A-x3194a/A71EV2A-x3194a_best-RMSD.sdf,A71EV2A-x3194a,8,0.189,1.000,-111.184,-36.720,TRUE,9aeb2b3c0e7f006a82db0f7247fa1af96ebfffb36571afb6f370864d8b1d6d2a,poses/A71EV2A-x3194a/A71EV2A-x3194a_best-RMSD.openstructure.json,aa55b4b651d24fae934506d94a4a5032c2f10a5ffa68c4f10d6fcd8f722fc150,poses/A71EV2A-x3194a/A71EV2A-x3194a_best-RMSD.posebusters.csv,b3f352a7f2739079a403ffa8c7a044b182b2949ee0a2a85f966454ce72b1830a
A71EV2A-x3175_A_201_0_1_A71EV2A-x0526+A+147+0+1__LIG,Cc1cc(CNC(=O)c2cn(C)c3ccccc23)on1,C065,4,lowest-energy,poses/A71EV2A-x3175a/A71EV2A-x3175a_lowest-energy.sdf,A71EV2A-x3175a,2,3.029,0.715,-56.278,-34.310,TRUE,5f21f2e6e18d01c9128b21b94ad3bf2b58e56ca8f1126d3bf237bb1d7fd31dd7,poses/A71EV2A-x3175a/A71EV2A-x3175a_lowest-energy.openstructure.json,4ab580f8ef9556ca037ddd8c420a3109de6eea397cbbc221cc6110fa9e25403f,poses/A71EV2A-x3175a/A71EV2A-x3175a_lowest-energy.posebusters.csv,754b93a388d350f57f91645b4737e4dd6c36ec9488ef525809f54391417a6059
A71EV2A-x3175_A_201_0_1_A71EV2A-x0526+A+147+0+1__LIG,Cc1cc(CNC(=O)c2cn(C)c3ccccc23)on1,C065,4,best-RMSD,poses/A71EV2A-x3175a/A71EV2A-x3175a_best-RMSD.sdf,A71EV2A-x3175a,4,0.300,0.997,-50.483,-38.630,TRUE,c4e04f18b071d5c90b926792894aa2878842c062c2948be44d45f1537fbb5937,poses/A71EV2A-x3175a/A71EV2A-x3175a_best-RMSD.openstructure.json,0b5c53527a2fd6b94295e898a866dde6d5c51cf1c6e6874c4036a83100a90371,poses/A71EV2A-x3175a/A71EV2A-x3175a_best-RMSD.posebusters.csv,7b2e7cf10307a8d6296d992996e243ab963ef37ac93e0c5722c6e176debf3699
A71EV2A-x3585_A_201_0_1_A71EV2A-x0526+A+147+0+1__LIG,Cc1cc(NC(=O)N2CCC[C@H](C(N)=O)C2)c2cnn(C)c2c1,C003,4,lowest-energy,poses/A71EV2A-x3585a/A71EV2A-x3585a_lowest-energy.sdf,A71EV2A-x3585a,4,0.298,1.000,-113.754,-37.530,TRUE,4fbd303c68121a4f479fcaf65637321afaee0c13b54839ca256a8bf2e9b0bd7b,poses/A71EV2A-x3585a/A71EV2A-x3585a_lowest-energy.openstructure.json,fcceaf8e72fc96148f4d132e84ea75a00e7638769691d754cdb33021b8e9b6a3,poses/A71EV2A-x3585a/A71EV2A-x3585a_lowest-energy.posebusters.csv,13cb23c3bc28c5f5b574100b78c56b4fb008493a8f52e4bac0fe8e4cbd973f0e
A71EV2A-x3585_A_201_0_1_A71EV2A-x0526+A+147+0+1__LIG,Cc1cc(NC(=O)N2CCC[C@H](C(N)=O)C2)c2cnn(C)c2c1,C003,4,best-RMSD,poses/A71EV2A-x3585a/A71EV2A-x3585a_best-RMSD.sdf,A71EV2A-x3585a,4,0.298,1.000,-113.754,-37.530,TRUE,a404b9aa6274ece87708fd766b3c9057e50efb9a9df74cfc8a522c76b757058d,poses/A71EV2A-x3585a/A71EV2A-x3585a_best-RMSD.openstructure.json,fcceaf8e72fc96148f4d132e84ea75a00e7638769691d754cdb33021b8e9b6a3,poses/A71EV2A-x3585a/A71EV2A-x3585a_best-RMSD.posebusters.csv,13cb23c3bc28c5f5b574100b78c56b4fb008493a8f52e4bac0fe8e4cbd973f0e
A71EV2A-x5482_A_4000_0_1_A71EV2A-x0526+A+147+0+1__LIG,Cc1cc2sccc2c(Cl)c1OC(=O)N1CCC[C@H](C(N)=O)C1,C015,4,lowest-energy,poses/A71EV2A-x5482a/A71EV2A-x5482a_lowest-energy.sdf,A71EV2A-x5482a,9,0.208,1.000,-102.024,-29.790,TRUE,de5a9fd2bfaae4ef8b9c412f285ef54fb5cfacc64a77036774d7e39a21f5639d,poses/A71EV2A-x5482a/A71EV2A-x5482a_lowest-energy.openstructure.json,470ce884ebdd8ce1b1c3fb689cc65243f0298e74f484c3f55810b444e753a0ac,poses/A71EV2A-x5482a/A71EV2A-x5482a_lowest-energy.posebusters.csv,23a3e693d2b8b2312199149a991b349808b0ed2a343fa11f31ae4d9b6136e92e
A71EV2A-x5482_A_4000_0_1_A71EV2A-x0526+A+147+0+1__LIG,Cc1cc2sccc2c(Cl)c1OC(=O)N1CCC[C@H](C(N)=O)C1,C015,4,best-RMSD,poses/A71EV2A-x5482a/A71EV2A-x5482a_best-RMSD.sdf,A71EV2A-x5482a,9,0.208,1.000,-102.024,-29.790,TRUE,6713cb69b39dae84b01122e62f5511b853d300406c79352e0e0dce9783c2c282,poses/A71EV2A-x5482a/A71EV2A-x5482a_best-RMSD.openstructure.json,470ce884ebdd8ce1b1c3fb689cc65243f0298e74f484c3f55810b444e753a0ac,poses/A71EV2A-x5482a/A71EV2A-x5482a_best-RMSD.posebusters.csv,23a3e693d2b8b2312199149a991b349808b0ed2a343fa11f31ae4d9b6136e92e
A71EV2A-x5424_A_201_0_1_A71EV2A-x0526+A+147+0+1__LIG,Cc1ccc(CC(=O)N2CCC[C@H](C(N)=O)C2)s1,C001,4,lowest-energy,poses/A71EV2A-x5424b/A71EV2A-x5424b_lowest-energy.sdf,A71EV2A-x5424b,6,0.426,0.990,-99.730,-32.440,TRUE,a2dc9618d18b910d5388c96e0aa1ba0639385ef7185e3808de385e125d6493cc,poses/A71EV2A-x5424b/A71EV2A-x5424b_lowest-energy.openstructure.json,712bd7e72426fbfdb3ed7bcf33f8f68b4cad1e05e1a6112c2680caa13d55e5a6,poses/A71EV2A-x5424b/A71EV2A-x5424b_lowest-energy.posebusters.csv,276f6c19ed18d44ce6d83a2fab370079737dabb830faa59ac8560251db281440
A71EV2A-x5424_A_201_0_1_A71EV2A-x0526+A+147+0+1__LIG,Cc1ccc(CC(=O)N2CCC[C@H](C(N)=O)C2)s1,C001,4,best-RMSD,poses/A71EV2A-x5424b/A71EV2A-x5424b_best-RMSD.sdf,A71EV2A-x5424b,7,0.299,0.998,-98.763,-32.100,TRUE,181f7075d96b92ed0df9886c563323acb0084ef61ce84037bf826b8ae3d4f6b6,poses/A71EV2A-x5424b/A71EV2A-x5424b_best-RMSD.openstructure.json,8ec67c8500dec326f64ba4b9a924e525a34d5b97960687715c7c09498585a980,poses/A71EV2A-x5424b/A71EV2A-x5424b_best-RMSD.posebusters.csv,6904b1eb6af07ce1cf582e3f7ec935e52a2a462159cc403bddc9f9e7c88c02ae
A71EV2A-x5727_A_4000_0_1_A71EV2A-x0526+A+147+0+1__LIG,Cc1ccc([C@H](c2nccn2C)N2C[C@@H](C(N)=O)CCC2=O)cc1,C030,4,lowest-energy,poses/A71EV2A-x5727a/A71EV2A-x5727a_lowest-energy.sdf,A71EV2A-x5727a,1,0.374,0.990,-92.471,-34.830,TRUE,71109ce2d6b43a7dd03d95b6fa0841f997e8701769fb316d83a7eea38bb89f72,poses/A71EV2A-x5727a/A71EV2A-x5727a_lowest-energy.openstructure.json,f994c6142d2202c8ac14ea996d337b365038a8220b358ee89233dcac1f41da16,poses/A71EV2A-x5727a/A71EV2A-x5727a_lowest-energy.posebusters.csv,b75edaa5a4342db8b88d8bb890502094f8f643c7cd3475646664b24a9b313ea8
A71EV2A-x5727_A_4000_0_1_A71EV2A-x0526+A+147+0+1__LIG,Cc1ccc([C@H](c2nccn2C)N2C[C@@H](C(N)=O)CCC2=O)cc1,C030,4,best-RMSD,poses/A71EV2A-x5727a/A71EV2A-x5727a_best-RMSD.sdf,A71EV2A-x5727a,8,0.312,0.995,-91.898,-34.690,TRUE,534e0801314bb0477fc178a36fc65d8bff2a826a103e416ac2a3e85b2b47dbbb,poses/A71EV2A-x5727a/A71EV2A-x5727a_best-RMSD.openstructure.json,1b36d288fa2b96eacbd60b8333ffaf8ed6a6d1614a5b12482bc2d929eeff7723,poses/A71EV2A-x5727a/A71EV2A-x5727a_best-RMSD.posebusters.csv,7cc27814edb1b5116d0d6acb9f19e43cbfe53f6861b8a373c70d5af01b9ea635
A71EV2A-x3568_A_201_0_1_A71EV2A-x0526+A+147+0+1__LIG,Cc1ccc2c(C(=O)NCCc3cocn3)c[nH]c2c1,C066,5,lowest-energy,poses/A71EV2A-x3568a/A71EV2A-x3568a_lowest-energy.sdf,A71EV2A-x3568a,4,1.168,0.828,-55.698,-31.020,TRUE,e2ee03dee73777b8798a7bec7ade9a2418e77b60c74ea0bbf1c0db956b558c56,poses/A71EV2A-x3568a/A71EV2A-x3568a_lowest-energy.openstructure.json,597f71b5f5c4cb0d77ea96e4d9c9a3aca5e449a44578d615b98328e0e8c8b9a0,poses/A71EV2A-x3568a/A71EV2A-x3568a_lowest-energy.posebusters.csv,c22c9409752656596fe4b7f8b7afeca9ec02c93cda348c95e7bb705b40f282aa
A71EV2A-x3568_A_201_0_1_A71EV2A-x0526+A+147+0+1__LIG,Cc1ccc2c(C(=O)NCCc3cocn3)c[nH]c2c1,C066,5,best-RMSD,poses/A71EV2A-x3568a/A71EV2A-x3568a_best-RMSD.sdf,A71EV2A-x3568a,10,0.552,0.972,-54.745,-33.680,TRUE,7357622e351c902276a819659ebbc988e561363bb25364188545381ff484608b,poses/A71EV2A-x3568a/A71EV2A-x3568a_best-RMSD.openstructure.json,0427212e115903ad25452998afe3eae290ed34cb25834937fdd65bf5e3e07812,poses/A71EV2A-x3568a/A71EV2A-x3568a_best-RMSD.posebusters.csv,5c6ed9527f1af3d4689520f60967e2e7fca696bd3d7e9e73c4097ca9542c62d8
A71EV2A-x5599_A_201_0_1_A71EV2A-x0526+A+147+0+1__LIG,Cc1ccc2c(c1OC(=O)N1CCC[C@H](C(N)=O)C1)CCC2,C015,4,lowest-energy,poses/A71EV2A-x5599b/A71EV2A-x5599b_lowest-energy.sdf,A71EV2A-x5599b,4,0.249,1.000,-107.188,-33.880,TRUE,6326de5bdfe91179a1bd7a785d48b826bcd61ec721b83c0611cb1d5c359dc1bf,poses/A71EV2A-x5599b/A71EV2A-x5599b_lowest-energy.openstructure.json,598174e313053a3f0d64e46b905e2a518ac79ce504f85ee57b1b69edc0d5f39f,poses/A71EV2A-x5599b/A71EV2A-x5599b_lowest-energy.posebusters.csv,52f2ab3c42941803c14c5d0a4b9f929cef3b25249c9c38a5df5ed1bc40e91575
A71EV2A-x5599_A_201_0_1_A71EV2A-x0526+A+147+0+1__LIG,Cc1ccc2c(c1OC(=O)N1CCC[C@H](C(N)=O)C1)CCC2,C015,4,best-RMSD,poses/A71EV2A-x5599b/A71EV2A-x5599b_best-RMSD.sdf,A71EV2A-x5599b,4,0.249,1.000,-107.188,-33.880,TRUE,16d693d3ad6c30c16fc345255746adc99f811af1feb56eef07d009f46db78945,poses/A71EV2A-x5599b/A71EV2A-x5599b_best-RMSD.openstructure.json,598174e313053a3f0d64e46b905e2a518ac79ce504f85ee57b1b69edc0d5f39f,poses/A71EV2A-x5599b/A71EV2A-x5599b_best-RMSD.posebusters.csv,52f2ab3c42941803c14c5d0a4b9f929cef3b25249c9c38a5df5ed1bc40e91575
A71EV2A-x4559_A_201_0_1_A71EV2A-x0526+A+147+0+1__LIG,Cc1ccc2c(ccn2CC(=O)N2CCC[C@H](C(N)=O)C2)c1,C031,4,lowest-energy,poses/A71EV2A-x4559a/A71EV2A-x4559a_lowest-energy.sdf,A71EV2A-x4559a,2,0.844,0.919,-78.768,-36.950,TRUE,2cf0facca9bb28bda149ffdcd5713d1a65c9074b62c03458cf0bef72c7b4e839,poses/A71EV2A-x4559a/A71EV2A-x4559a_lowest-energy.openstructure.json,68d879226d4e71b3f8794851d8b36ba68069eae65417d424fbc590ccd96dae12,poses/A71EV2A-x4559a/A71EV2A-x4559a_lowest-energy.posebusters.csv,2f05c0d2e08fcb0897a913ced7c0ad807e206e33d59982ad1e97e6c8b75daf8f
A71EV2A-x4559_A_201_0_1_A71EV2A-x0526+A+147+0+1__LIG,Cc1ccc2c(ccn2CC(=O)N2CCC[C@H](C(N)=O)C2)c1,C031,4,best-RMSD,poses/A71EV2A-x4559b/A71EV2A-x4559b_best-RMSD.sdf,A71EV2A-x4559b,7,0.344,0.998,-71.241,-33.960,TRUE,bd0614c7e82015d648616431e7fd640bfab98b4116c8445747ddabf70034ae31,poses/A71EV2A-x4559b/A71EV2A-x4559b_best-RMSD.openstructure.json,6749eed46b5d35fc14d81df050c547cc0809e292797801cf8d7251df0e9761e0,poses/A71EV2A-x4559b/A71EV2A-x4559b_best-RMSD.posebusters.csv,885819d31a928a771cacd3ce6b008307ad5b3bf9b5c5f49957b267fa83d4c623
A71EV2A-x3305_A_201_0_1_A71EV2A-x0526+A+147+0+1__LIG,Cc1ccc2c(cnn2C)c1Nc1ccn([C@H]2CCNC2=O)n1,C067,3,lowest-energy,poses/A71EV2A-x3305a/A71EV2A-x3305a_lowest-energy.sdf,A71EV2A-x3305a,3,0.386,0.986,-48.327,-34.930,TRUE,4039f603210a86833595350b831888333698e30c9c2419b99117a804deee2c04,poses/A71EV2A-x3305a/A71EV2A-x3305a_lowest-energy.openstructure.json,644e1a77ad5cdf2da506ccdb2fd1f4e23ee89c5a739e09daaafe1e3dd6ceb7cd,poses/A71EV2A-x3305a/A71EV2A-x3305a_lowest-energy.posebusters.csv,8880007c0599af032c8412bbb3fe0633c5e6789ffdfcf07fd6341de4cc854d3b
A71EV2A-x3305_A_201_0_1_A71EV2A-x0526+A+147+0+1__LIG,Cc1ccc2c(cnn2C)c1Nc1ccn([C@H]2CCNC2=O)n1,C067,3,best-RMSD,poses/A71EV2A-x3305a/A71EV2A-x3305a_best-RMSD.sdf,A71EV2A-x3305a,8,0.375,0.988,-47.371,-34.350,TRUE,0821d6a01c5d4cb1a85d6f386135ee0d11d9cfecd470698481d27ac1ec242ef5,poses/A71EV2A-x3305a/A71EV2A-x3305a_best-RMSD.openstructure.json,d14586495df4863745dbeacf7c04422df944930bc6447551c4faa6ef47022bce,poses/A71EV2A-x3305a/A71EV2A-x3305a_best-RMSD.posebusters.csv,0655b534ac7dad8faf7267b0edb1b212d8dfbfbdd602d39df4ea8be96ad73bfe
A71EV2A-x5572_A_4000_0_1_A71EV2A-x0526+A+147+0+1__LIG,Cc1ccc2ccccc2c1N1C[C@@H](C(N)=O)CCC1=O,C013,2,lowest-energy,poses/A71EV2A-x5572a/A71EV2A-x5572a_lowest-energy.sdf,A71EV2A-x5572a,1,0.267,1.000,-90.609,-34.550,TRUE,e1dd9b3286a67bdf98cab0349ad10cdcb8eacfb13c746c4dff110a2622dccebe,poses/A71EV2A-x5572a/A71EV2A-x5572a_lowest-energy.openstructure.json,c08e91b919b245cf416282d5b6479608163aba982f5fe264d75ec23911d77aec,poses/A71EV2A-x5572a/A71EV2A-x5572a_lowest-energy.posebusters.csv,14600035544500e6bff4aa8e242c5176e607f873900f88214ff6291c5dac4969
A71EV2A-x5572_A_4000_0_1_A71EV2A-x0526+A+147+0+1__LIG,Cc1ccc2ccccc2c1N1C[C@@H](C(N)=O)CCC1=O,C013,2,best-RMSD,poses/A71EV2A-x5572a/A71EV2A-x5572a_best-RMSD.sdf,A71EV2A-x5572a,3,0.214,1.000,-90.150,-35.110,TRUE,cac128379f97d9b280145f3539f067061aa98b1d291caf8a0e75f77f1e946e82,poses/A71EV2A-x5572a/A71EV2A-x5572a_best-RMSD.openstructure.json,c3342b66587347d92d0d8796c28e1e4b58cffa1f5e23c4bc4155f640be85bceb,poses/A71EV2A-x5572a/A71EV2A-x5572a_best-RMSD.posebusters.csv,35adb1d9977acad075683c692c01068410ebcfa17001ffa1c13aecca0924f0b4
A71EV2A-x5479_A_4000_0_1_A71EV2A-x0526+A+147+0+1__LIG,Cc1ccc2cccnc2c1OC(=O)N1CCC[C@H](C(N)=O)C1,C015,4,lowest-energy,poses/A71EV2A-x5479a/A71EV2A-x5479a_lowest-energy.sdf,A71EV2A-x5479a,7,0.346,0.995,-101.803,-29.900,TRUE,aea7959eeb7300a06d486d580d221075a334c7cdd39085c34130d913b439a5b0,poses/A71EV2A-x5479a/A71EV2A-x5479a_lowest-energy.openstructure.json,3a4e3144f689d904e8500d43e86575a64be15e308b9d32837da31d7106aad4a2,poses/A71EV2A-x5479a/A71EV2A-x5479a_lowest-energy.posebusters.csv,a813bece1c6998e836c70e778a561b2623badcd90e6ccd851e2187a45ff5a067
A71EV2A-x5479_A_4000_0_1_A71EV2A-x0526+A+147+0+1__LIG,Cc1ccc2cccnc2c1OC(=O)N1CCC[C@H](C(N)=O)C1,C015,4,best-RMSD,poses/A71EV2A-x5479a/A71EV2A-x5479a_best-RMSD.sdf,A71EV2A-x5479a,3,0.302,0.996,-101.468,-29.760,TRUE,4a3c31411efebdf89fe56c26cbb6611bb86be4bb44953de4ca9ee2c040372776,poses/A71EV2A-x5479a/A71EV2A-x5479a_best-RMSD.openstructure.json,e59df937e816a5ee77bbe03136aca0de72e5bc661fbb7b945c6632b61c2875d8,poses/A71EV2A-x5479a/A71EV2A-x5479a_best-RMSD.posebusters.csv,5f75dbc8699dc32e76453448bf07d625c2607b56734e8a34c416e2788c4d985f
A71EV2A-x4020_A_201_0_1_A71EV2A-x0526+A+147+0+1__LIG,Cc1cccc(CC(=O)N2CCC[C@H](C(N)=O)C2)c1,C001,4,lowest-energy,poses/A71EV2A-x4020a/A71EV2A-x4020a_lowest-energy.sdf,A71EV2A-x4020a,7,0.440,0.989,-108.247,-36.810,TRUE,0597b40ab6899cec2426ae208413dcd7fad205efb1a5861308862674fa99f39d,poses/A71EV2A-x4020a/A71EV2A-x4020a_lowest-energy.openstructure.json,b45c70a521a4a2db6f6d8bcec7df849dd46020a8cb13b591b442b67b30463afa,poses/A71EV2A-x4020a/A71EV2A-x4020a_lowest-energy.posebusters.csv,8949ee8b354801aad1eddb657392c91dc336ae144553b24318592fbe9a7ad538
A71EV2A-x4020_A_201_0_1_A71EV2A-x0526+A+147+0+1__LIG,Cc1cccc(CC(=O)N2CCC[C@H](C(N)=O)C2)c1,C001,4,best-RMSD,poses/A71EV2A-x4020a/A71EV2A-x4020a_best-RMSD.sdf,A71EV2A-x4020a,1,0.250,1.000,-107.189,-36.370,TRUE,3ff37768765e2076b6d0cc4e65e7ade4a60b21d9ef6affa0ae6d196e3c468305,poses/A71EV2A-x4020a/A71EV2A-x4020a_best-RMSD.openstructure.json,f046cbd55be562dd0cee45ec7a040b56645c8722582d7f7a669ba452e11b34b8,poses/A71EV2A-x4020a/A71EV2A-x4020a_best-RMSD.posebusters.csv,0609416895b134875bd637fd2de392529bb9f8039dc579f001a57e1a46f0814e
A71EV2A-x4928_A_201_0_1_A71EV2A-x0526+A+147+0+1__LIG,Cc1cccc(CN2C[C@@H](C(N)=O)CCC2=O)c1,C004,3,lowest-energy,poses/A71EV2A-x4928a/A71EV2A-x4928a_lowest-energy.sdf,A71EV2A-x4928a,1,0.451,0.986,-106.714,-32.000,TRUE,d7f873e6dbd13b3aedd0d2d0014eff0a073335fe44da3ee3faf20765a96e6368,poses/A71EV2A-x4928a/A71EV2A-x4928a_lowest-energy.openstructure.json,7ee01391518407d67b049d48562a22565747c028f91c2ca7e9e0c985c252a931,poses/A71EV2A-x4928a/A71EV2A-x4928a_lowest-energy.posebusters.csv,bb8d0d1dd47c517bba3f780cab6d3ddacff3ff5e1082478d65e1c1d2268053b2
A71EV2A-x4928_A_201_0_1_A71EV2A-x0526+A+147+0+1__LIG,Cc1cccc(CN2C[C@@H](C(N)=O)CCC2=O)c1,C004,3,best-RMSD,poses/A71EV2A-x4928a/A71EV2A-x4928a_best-RMSD.sdf,A71EV2A-x4928a,5,0.151,1.000,-105.738,-31.530,TRUE,46490486df8df4494f6c083c43313e440050601cd85857b26fe68415e4c42a15,poses/A71EV2A-x4928a/A71EV2A-x4928a_best-RMSD.openstructure.json,aba365dcf8daea20d2c1eb54d3b0475ca5815539dd25bf0edc41cf32bb9f33b5,poses/A71EV2A-x4928a/A71EV2A-x4928a_best-RMSD.posebusters.csv,0f52111b2824597cb57f3c0e7081bb5b5d7803258ada6700a73566aba7b3492d
A71EV2A-x3706_A_201_0_1_A71EV2A-x0526+A+147+0+1__LIG,Cc1cccc(CNC(=O)N2CCC[C@H](C(N)=O)C2)c1,C020,5,lowest-energy,poses/A71EV2A-x3706a/A71EV2A-x3706a_lowest-energy.sdf,A71EV2A-x3706a,7,0.363,0.999,-127.197,-34.280,TRUE,1964aef33afcb27c180c7c87664b23a42e3cacb2c7c7027e8e3eab125ed2f050,poses/A71EV2A-x3706a/A71EV2A-x3706a_lowest-energy.openstructure.json,5f74d89863ffb8adc8916e274935055e75894e571feff26c99d7690e7c6ee733,poses/A71EV2A-x3706a/A71EV2A-x3706a_lowest-energy.posebusters.csv,a39c3842112348dc35167e6315fe92e50d69e15e3484fab321b8790f411e7a2f
A71EV2A-x3706_A_201_0_1_A71EV2A-x0526+A+147+0+1__LIG,Cc1cccc(CNC(=O)N2CCC[C@H](C(N)=O)C2)c1,C020,5,best-RMSD,poses/A71EV2A-x3706a/A71EV2A-x3706a_best-RMSD.sdf,A71EV2A-x3706a,6,0.250,1.000,-127.098,-34.250,TRUE,11484e91387213e0017ec342bed53f608ed83077fd9bec695eb1535b0dfafe2d,poses/A71EV2A-x3706a/A71EV2A-x3706a_best-RMSD.openstructure.json,144fb782785cc84089b5cb6a276cb959963bd7f1d9f24223612e01305ca954d2,poses/A71EV2A-x3706a/A71EV2A-x3706a_best-RMSD.posebusters.csv,3c66c50d7453a4128eb278cf76e89122f2edcccc4bd72338c48b6c6902a9160b
A71EV2A-x5091_A_201_0_1_A71EV2A-x0526+A+147+0+1__LIG,Cc1cccc(N(C)C(=O)N2CC[C@H](C(N)=O)C2)c1,C068,4,lowest-energy,poses/A71EV2A-x5091a/A71EV2A-x5091a_lowest-energy.sdf,A71EV2A-x5091a,3,0.410,0.995,-106.270,-33.410,TRUE,01faa09a7bce4315d4a305746078d884238a830342694ca4ab73f7f5261dd443,poses/A71EV2A-x5091a/A71EV2A-x5091a_lowest-energy.openstructure.json,407cd849975279d5a069bd848f1d3cbeb61924cb511e2dc77e0930148f575446,poses/A71EV2A-x5091a/A71EV2A-x5091a_lowest-energy.posebusters.csv,d8e033d88a07cca0be5efaa478e60bfc02fb40e26136b5b47dab7119130becee
A71EV2A-x5091_A_201_0_1_A71EV2A-x0526+A+147+0+1__LIG,Cc1cccc(N(C)C(=O)N2CC[C@H](C(N)=O)C2)c1,C068,4,best-RMSD,poses/A71EV2A-x5091a/A71EV2A-x5091a_best-RMSD.sdf,A71EV2A-x5091a,10,0.302,0.994,-105.813,-33.220,TRUE,4be5bd01f4de7a8ea930ea7131eee6766ea64741fd22765c73432f04f98a2072,poses/A71EV2A-x5091a/A71EV2A-x5091a_best-RMSD.openstructure.json,d746d56af013ade5a368731446b4070a8c77d9b3fb2e98742f27c121a65c98ce,poses/A71EV2A-x5091a/A71EV2A-x5091a_best-RMSD.posebusters.csv,1de8620b7367cb0b2ee74e9eb11fe548a8e1d92c85651b8f5ba3336091a8f512
A71EV2A-x3908_A_201_0_1_A71EV2A-x0526+A+147+0+1__LIG,Cc1cccc(N(CC(=O)N2CCCCC2)C(=O)N2CCC[C@H](C(N)=O)C2)c1,C020,7,lowest-energy,poses/A71EV2A-x3908a/A71EV2A-x3908a_lowest-energy.sdf,A71EV2A-x3908a,3,5.540,0.258,-107.412,-26.450,TRUE,5867de386342ef8ddd83342e338b52c7ead60af72c25694eb889a1820164896a,poses/A71EV2A-x3908a/A71EV2A-x3908a_lowest-energy.openstructure.json,08e018ac38c989890f1bfb9f9a49ef0f74bd4729dd27173a77a5106df6915690,poses/A71EV2A-x3908a/A71EV2A-x3908a_lowest-energy.posebusters.csv,cc1b195d786ba3b9b1088392e9e067fbc5e14234da95cabb93c38f32accb7bce
A71EV2A-x3908_A_201_0_1_A71EV2A-x0526+A+147+0+1__LIG,Cc1cccc(N(CC(=O)N2CCCCC2)C(=O)N2CCC[C@H](C(N)=O)C2)c1,C020,7,best-RMSD,poses/A71EV2A-x3908a/A71EV2A-x3908a_best-RMSD.sdf,A71EV2A-x3908a,1,2.585,0.699,-92.277,-23.230,TRUE,bc11f3e806459c30bfb08719223691bdf3a57c1ee1820e9a9980208b2f569919,poses/A71EV2A-x3908a/A71EV2A-x3908a_best-RMSD.openstructure.json,f397a480cfbaf0ef051f5384ccfe68ee00a41cfdb362e7939eedcbc8f380c758,poses/A71EV2A-x3908a/A71EV2A-x3908a_best-RMSD.posebusters.csv,da6b7664b0f917a351decff4e6b992eef306c06714d873a15201eb2a059f855b
A71EV2A-x4402_A_201_0_1_A71EV2A-x0526+A+147+0+1__LIG,Cc1cccc(N2CCCN(CCC(N)=O)C2=O)c1,C069,4,lowest-energy,poses/A71EV2A-x4402a/A71EV2A-x4402a_lowest-energy.sdf,A71EV2A-x4402a,3,0.186,1.000,-111.831,-33.320,TRUE,3af34c23c99189ca95e2d53d95933797b1f4661a7ae28dd5ca3fb8ceee20f71a,poses/A71EV2A-x4402a/A71EV2A-x4402a_lowest-energy.openstructure.json,800ae1fba78756cda0a432be3795a08aa654fc08d3aafb7f1be32198ef246450,poses/A71EV2A-x4402a/A71EV2A-x4402a_lowest-energy.posebusters.csv,fe10a831cf2c1cad288b130813ce205a31e5ab972d241cd02d3dbeb84c92880c
A71EV2A-x4402_A_201_0_1_A71EV2A-x0526+A+147+0+1__LIG,Cc1cccc(N2CCCN(CCC(N)=O)C2=O)c1,C069,4,best-RMSD,poses/A71EV2A-x4402a/A71EV2A-x4402a_best-RMSD.sdf,A71EV2A-x4402a,3,0.186,1.000,-111.831,-33.320,TRUE,c120523e0bddc52749875826b84585e20ca1894bac4fe1883900c5a350b0fde1,poses/A71EV2A-x4402a/A71EV2A-x4402a_best-RMSD.openstructure.json,800ae1fba78756cda0a432be3795a08aa654fc08d3aafb7f1be32198ef246450,poses/A71EV2A-x4402a/A71EV2A-x4402a_best-RMSD.posebusters.csv,fe10a831cf2c1cad288b130813ce205a31e5ab972d241cd02d3dbeb84c92880c
A71EV2A-x3054_A_201_0_1_A71EV2A-x0526+A+147+0+1__LIG,Cc1cccc(NC(=O)N2CCC[C@H](C(N)=O)C2)c1,C003,4,lowest-energy,poses/A71EV2A-x3054a/A71EV2A-x3054a_lowest-energy.sdf,A71EV2A-x3054a,8,0.284,1.000,-106.533,-34.330,TRUE,f026b129e6fd2c544c84059e77cda6d6a1d2b6fb00d0ff3ab952b241eb5bcd25,poses/A71EV2A-x3054a/A71EV2A-x3054a_lowest-energy.openstructure.json,a3148d3042e0182a60eb0e0a5f55adff7134d950d157bdb5c741076d16a56e73,poses/A71EV2A-x3054a/A71EV2A-x3054a_lowest-energy.posebusters.csv,f14cdccb9eb92d1500e1b27c95e1a243d65f7f45295f76b54a61abaeb0c68030
A71EV2A-x3054_A_201_0_1_A71EV2A-x0526+A+147+0+1__LIG,Cc1cccc(NC(=O)N2CCC[C@H](C(N)=O)C2)c1,C003,4,best-RMSD,poses/A71EV2A-x3054a/A71EV2A-x3054a_best-RMSD.sdf,A71EV2A-x3054a,10,0.168,1.000,-104.606,-33.200,TRUE,15b04be47f826f937e0fddd2dac04ae6040585b9ae37f3bf6ffa285e6088fb75,poses/A71EV2A-x3054a/A71EV2A-x3054a_best-RMSD.openstructure.json,2ab018479d9d1baec8dc8d46d3194a0eae96340227956834b30c04cb5efc00f3,poses/A71EV2A-x3054a/A71EV2A-x3054a_best-RMSD.posebusters.csv,f7777fa94f13811ee6ba95d67e8df4b3f7b2f35f4cdc02a61aa58d211a851baf
A71EV2A-x5462_A_4000_0_1_A71EV2A-x0526+A+147+0+1__LIG,Cc1cccc2cccc(N3C[C@@H](C(N)=O)CCC3=O)c12,C013,2,lowest-energy,poses/A71EV2A-x5462a/A71EV2A-x5462a_lowest-energy.sdf,A71EV2A-x5462a,1,0.279,1.000,-85.030,-33.590,TRUE,f61960d894d59a7f1f3cc15504bae8ecec8a2794eaa55b8ba4a595ec5c7082aa,poses/A71EV2A-x5462a/A71EV2A-x5462a_lowest-energy.openstructure.json,593247328b80a540bfe4f4290dcb712c19164c82a9781d00d3cf2cd2adc3143b,poses/A71EV2A-x5462a/A71EV2A-x5462a_lowest-energy.posebusters.csv,d2d26ad99101195b0ad0437757066d5e64889cfd12d48b869eb04d4288f8c9af
A71EV2A-x5462_A_4000_0_1_A71EV2A-x0526+A+147+0+1__LIG,Cc1cccc2cccc(N3C[C@@H](C(N)=O)CCC3=O)c12,C013,2,best-RMSD,poses/A71EV2A-x5462a/A71EV2A-x5462a_best-RMSD.sdf,A71EV2A-x5462a,9,0.175,1.000,-84.242,-33.270,TRUE,18dec44638804361ff1c0d27ed7cd492ea059827626b5d4e399cb075203bad05,poses/A71EV2A-x5462a/A71EV2A-x5462a_best-RMSD.openstructure.json,36e73b845f762caff8bd362ace83faacd4c7689f52443ded2808862b193882f8,poses/A71EV2A-x5462a/A71EV2A-x5462a_best-RMSD.posebusters.csv,ffe3545f9491b43949c5dc04647417c73c815f70af26bb5bd0b399c9bf3879f8
A71EV2A-x5393_A_201_0_1_A71EV2A-x0526+A+147+0+1__LIG,Cc1ccccc1CC(=O)N1CCC[C@H](C(N)=O)C1,C001,4,lowest-energy,poses/A71EV2A-x5393a/A71EV2A-x5393a_lowest-energy.sdf,A71EV2A-x5393a,4,0.220,1.000,-99.329,-31.460,TRUE,14c1b1c31d16c193164504d6aba7a602da962495aafd5319cea9305cf20d0f6d,poses/A71EV2A-x5393a/A71EV2A-x5393a_lowest-energy.openstructure.json,7fa73163aa8572fc155a09b43e988073c45c84c1487e91328abc6e465efa07f2,poses/A71EV2A-x5393a/A71EV2A-x5393a_lowest-energy.posebusters.csv,4d17ec0def7632837ce3298b152e20087db80d22aa829c0ccf28f51878e9a8ac
A71EV2A-x5393_A_201_0_1_A71EV2A-x0526+A+147+0+1__LIG,Cc1ccccc1CC(=O)N1CCC[C@H](C(N)=O)C1,C001,4,best-RMSD,poses/A71EV2A-x5393a/A71EV2A-x5393a_best-RMSD.sdf,A71EV2A-x5393a,10,0.169,1.000,-98.678,-30.590,TRUE,cc0cd2f8ad0ee0203bb99867c14825020d0dfb081b8659fc52dcae981b7eb86c,poses/A71EV2A-x5393a/A71EV2A-x5393a_best-RMSD.openstructure.json,a7c2ef94a7b0d666b7649a88b4afbf42071e9dffacc95aac1e0cf5e53cd46e7c,poses/A71EV2A-x5393a/A71EV2A-x5393a_best-RMSD.posebusters.csv,b9fed7aba6aad0314d7d17469adc75d41bba40c8359a0963e1c7c7506aa31e26
A71EV2A-x5255_A_201_0_1_A71EV2A-x0526+A+147+0+1__LIG,Cc1ccccc1CC(=O)N1C[C@H]2C[C@@](C(N)=O)(C1)C2,C045,4,lowest-energy,poses/A71EV2A-x5255a/A71EV2A-x5255a_lowest-energy.sdf,A71EV2A-x5255a,3,0.390,0.993,-55.280,-26.980,TRUE,6438d5d008aa3da4d300e87c028ff5c3892076ce02cf5fcb8c3efc1e4bdbf3fe,poses/A71EV2A-x5255a/A71EV2A-x5255a_lowest-energy.openstructure.json,3faebe43236e29705d2cad9dbebbf8dfac247ff273184d61a9e534d3de703b76,poses/A71EV2A-x5255a/A71EV2A-x5255a_lowest-energy.posebusters.csv,6a5e4de766824a7ec104bc07d4f7f45ea9af46b0945d88e1c68bdd947e6b04e5
A71EV2A-x5255_A_201_0_1_A71EV2A-x0526+A+147+0+1__LIG,Cc1ccccc1CC(=O)N1C[C@H]2C[C@@](C(N)=O)(C1)C2,C045,4,best-RMSD,poses/A71EV2A-x5255a/A71EV2A-x5255a_best-RMSD.sdf,A71EV2A-x5255a,4,0.307,0.996,-55.146,-25.450,TRUE,843f7373b2a2c67e0c8bcf80e0ab56b5987b2b875e3e0c1a7fa469b2f99819fb,poses/A71EV2A-x5255a/A71EV2A-x5255a_best-RMSD.openstructure.json,27463affcdd5ea6de3daf3548dec51911b1fff16938154c25edd0d7161c33805,poses/A71EV2A-x5255a/A71EV2A-x5255a_best-RMSD.posebusters.csv,0633872aa802aaadd56d8df49425977fbc9cf7fe0f17544610fa40d20c4a32d7
A71EV2A-x3616_A_201_0_1_A71EV2A-x0526+A+147+0+1__LIG,Cc1ccccc1CNC(=O)N1CCC[C@H](C(N)=O)C1,C001,5,lowest-energy,poses/A71EV2A-x3616b/A71EV2A-x3616b_lowest-energy.sdf,A71EV2A-x3616b,10,0.391,0.990,-130.180,-37.470,TRUE,8f6b3073bc0770f33ba4b1854f20673e8f45efa01a146717c081f211d603385b,poses/A71EV2A-x3616b/A71EV2A-x3616b_lowest-energy.openstructure.json,d8ec45de988cc4c2121cf9732631c688ec5cacb421db09b32fa1e2c8bf8abe5f,poses/A71EV2A-x3616b/A71EV2A-x3616b_lowest-energy.posebusters.csv,250aefcc3f6903adf1fd7a2944b3c44652e23be3b58290a1a3789f3695b0450c
A71EV2A-x3616_A_201_0_1_A71EV2A-x0526+A+147+0+1__LIG,Cc1ccccc1CNC(=O)N1CCC[C@H](C(N)=O)C1,C001,5,best-RMSD,poses/A71EV2A-x3616a/A71EV2A-x3616a_best-RMSD.sdf,A71EV2A-x3616a,9,0.266,1.000,-122.177,-38.090,TRUE,d6704b31e2d61a47861ca20f8e71a84eede38fbc049e4b4166cc2076b9a06e22,poses/A71EV2A-x3616a/A71EV2A-x3616a_best-RMSD.openstructure.json,5c119183c35f238261785144a9c22461cddc4674ce196dc98f8ac93e8c6d9188,poses/A71EV2A-x3616a/A71EV2A-x3616a_best-RMSD.posebusters.csv,c84456fa327af248264c56fc450a1ade75aad6f1dd7c506c1691334924107e6a
A71EV2A-x3510_A_201_0_1_A71EV2A-x0526+A+147+0+1__LIG,Cc1ccccc1NC(=O)N1CCC[C@H](C(N)=O)C1,C003,4,lowest-energy,poses/A71EV2A-x3510a/A71EV2A-x3510a_lowest-energy.sdf,A71EV2A-x3510a,1,0.307,1.000,-108.852,-32.280,TRUE,fdf3fc18b485fc1f7a94c8451bd9441eb613c40dc135872c4f213f39ce82cec7,poses/A71EV2A-x3510a/A71EV2A-x3510a_lowest-energy.openstructure.json,c93a9fdcd3a18e331bae689dbc43a3e89a3c631ebd1ed93854dfca8565873b8d,poses/A71EV2A-x3510a/A71EV2A-x3510a_lowest-energy.posebusters.csv,f7ca86ee175ba01df4a67e109ebb16241eaad4cf56e89542759ab496029d3396
A71EV2A-x3510_A_201_0_1_A71EV2A-x0526+A+147+0+1__LIG,Cc1ccccc1NC(=O)N1CCC[C@H](C(N)=O)C1,C003,4,best-RMSD,poses/A71EV2A-x3510a/A71EV2A-x3510a_best-RMSD.sdf,A71EV2A-x3510a,7,0.176,1.000,-108.645,-32.330,TRUE,4fda77ca5b12ea5049f08349bb833fcbb21a1f1123c7cd844609c4535aa6cea2,poses/A71EV2A-x3510a/A71EV2A-x3510a_best-RMSD.openstructure.json,26485151de7e62eeec1a9d1cb617f38c87df331289aa7fc90812520aa731d65a,poses/A71EV2A-x3510a/A71EV2A-x3510a_best-RMSD.posebusters.csv,22f83bb90c1fb42e7f36d247e8f013b7383efcae5699adb6c4e31d93b10e14c3
A71EV2A-x3867_A_201_0_1_A71EV2A-x0526+A+147+0+1__LIG,Cc1ccccc1NC(=O)c1ccc(C)c(C(N)=O)c1,C041,4,lowest-energy,poses/A71EV2A-x3867a/A71EV2A-x3867a_lowest-energy.sdf,A71EV2A-x3867a,6,0.283,0.996,-88.742,-34.330,TRUE,c947dbb0e536c24d3b29eff495e1407bda598868d3a1ecf61f8c7ac29bf5f10f,poses/A71EV2A-x3867a/A71EV2A-x3867a_lowest-energy.openstructure.json,90c5a3b5a2ed3c5bdbd67dfe7d1c4fa4c0b81802611050dd296819fc96666c46,poses/A71EV2A-x3867a/A71EV2A-x3867a_lowest-energy.posebusters.csv,e2c11ad4b1b1829e3b0efaf57d46a9adc26a3d82e8a8a08dbaa2d034bad85227
A71EV2A-x3867_A_201_0_1_A71EV2A-x0526+A+147+0+1__LIG,Cc1ccccc1NC(=O)c1ccc(C)c(C(N)=O)c1,C041,4,best-RMSD,poses/A71EV2A-x3867a/A71EV2A-x3867a_best-RMSD.sdf,A71EV2A-x3867a,4,0.262,0.998,-88.481,-34.530,TRUE,bde6cc334970a3c9ae78ebad52944c73f8dbc7be4172cd25c018a9670e7d851a,poses/A71EV2A-x3867a/A71EV2A-x3867a_best-RMSD.openstructure.json,826822dd8b1b8c3ca0649b7c4298868d258744adaa09b6e2a82654de095dfcf8,poses/A71EV2A-x3867a/A71EV2A-x3867a_best-RMSD.posebusters.csv,41d87bdd270f4e8142297d5ecd8acce2e11a0585f8a5347d6f9a377b84afba9d
A71EV2A-x3564_A_201_0_1_A71EV2A-x0526+A+147+0+1__LIG,Cc1ccccc1NC(=O)c1cncc(C(N)=O)c1,C041,4,lowest-energy,poses/A71EV2A-x3564a/A71EV2A-x3564a_lowest-energy.sdf,A71EV2A-x3564a,3,0.200,0.999,-95.315,-33.410,TRUE,fd9b808a22fcab8be42ce346a8a28b5c76747ac3aabc264578bf3f84fc7aa301,poses/A71EV2A-x3564a/A71EV2A-x3564a_lowest-energy.openstructure.json,371ae24326c94a7e36030df42e1708fdd5dc41704ff913ce81b867015af05d33,poses/A71EV2A-x3564a/A71EV2A-x3564a_lowest-energy.posebusters.csv,678cb1660caa606837e5564a09ee1e427dc672a6b19d60ddc13e43d32ad94845
A71EV2A-x3564_A_201_0_1_A71EV2A-x0526+A+147+0+1__LIG,Cc1ccccc1NC(=O)c1cncc(C(N)=O)c1,C041,4,best-RMSD,poses/A71EV2A-x3564a/A71EV2A-x3564a_best-RMSD.sdf,A71EV2A-x3564a,3,0.200,0.999,-95.315,-33.410,TRUE,abf5d7bd5d31c52947b8e1ed53e3b38ce1805250cb7f07770e138ef9daddd64e,poses/A71EV2A-x3564a/A71EV2A-x3564a_best-RMSD.openstructure.json,371ae24326c94a7e36030df42e1708fdd5dc41704ff913ce81b867015af05d33,poses/A71EV2A-x3564a/A71EV2A-x3564a_best-RMSD.posebusters.csv,678cb1660caa606837e5564a09ee1e427dc672a6b19d60ddc13e43d32ad94845
A71EV2A-x3623_A_201_0_1_A71EV2A-x0526+A+147+0+1__LIG,Cc1cnc(CNS(=O)(=O)C[C@@H](C)c2ccccc2)o1,C070,6,lowest-energy,poses/A71EV2A-x3623a/A71EV2A-x3623a_lowest-energy.sdf,A71EV2A-x3623a,4,2.365,0.650,-62.209,-29.570,TRUE,8f48c8360124dfdd0bb516d5199a9825c872e7dcb871a76f061008be3120e716,poses/A71EV2A-x3623a/A71EV2A-x3623a_lowest-energy.openstructure.json,1970544c72fc9df648b87124807edc7cbc56c40ed3405250211377041b2fe9de,poses/A71EV2A-x3623a/A71EV2A-x3623a_lowest-energy.posebusters.csv,842c23f21902d644f1cab7ee8c1f51ffc07eea2238bc4eca3b65d1937465be09
A71EV2A-x3623_A_201_0_1_A71EV2A-x0526+A+147+0+1__LIG,Cc1cnc(CNS(=O)(=O)C[C@@H](C)c2ccccc2)o1,C070,6,best-RMSD,poses/A71EV2A-x3623a/A71EV2A-x3623a_best-RMSD.sdf,A71EV2A-x3623a,7,0.680,0.944,-60.846,-31.920,TRUE,68c18825da39e47683620c97ea14f3bc8f95f9384e2f48e1efd0c0b2c1111189,poses/A71EV2A-x3623a/A71EV2A-x3623a_best-RMSD.openstructure.json,81e8674a4a36ca012e07cf68bb379e45d3fb14ad238695ff50d3b391d8b6a2d8,poses/A71EV2A-x3623a/A71EV2A-x3623a_best-RMSD.posebusters.csv,2518c1a31afa8a6f29797641962c4de2b0a516c4b8afa4921b6c9aae4be0caca
A71EV2A-x4350_A_201_0_1_A71EV2A-x0526+A+147+0+1__LIG,Cc1cnccc1CC(=O)N1CCC[C@H](C(N)=O)C1,C001,4,lowest-energy,poses/A71EV2A-x4350a/A71EV2A-x4350a_lowest-energy.sdf,A71EV2A-x4350a,4,0.302,0.998,-109.398,-35.610,TRUE,5d6b384ea0051a48fa03a746f74ed997a08e8bcaa6a74546aa59dd278d91011d,poses/A71EV2A-x4350a/A71EV2A-x4350a_lowest-energy.openstructure.json,4e0bcf0d54c8e1b294a4c71bfbc38c9705ef7895a0f47b2701fa52a5fc82aa57,poses/A71EV2A-x4350a/A71EV2A-x4350a_lowest-energy.posebusters.csv,57ba450df5aca806699b1607c6b946e622be4ce60098dc1549e4724215b96368
A71EV2A-x4350_A_201_0_1_A71EV2A-x0526+A+147+0+1__LIG,Cc1cnccc1CC(=O)N1CCC[C@H](C(N)=O)C1,C001,4,best-RMSD,poses/A71EV2A-x4350a/A71EV2A-x4350a_best-RMSD.sdf,A71EV2A-x4350a,4,0.302,0.998,-109.398,-35.610,TRUE,2f902a9ee75aa10b1d05d8362d9321465680f9d90baa38b5d07a7fa993f612dd,poses/A71EV2A-x4350a/A71EV2A-x4350a_best-RMSD.openstructure.json,4e0bcf0d54c8e1b294a4c71bfbc38c9705ef7895a0f47b2701fa52a5fc82aa57,poses/A71EV2A-x4350a/A71EV2A-x4350a_best-RMSD.posebusters.csv,57ba450df5aca806699b1607c6b946e622be4ce60098dc1549e4724215b96368
A71EV2A-x3221_A_201_0_1_A71EV2A-x0526+A+147+0+1__LIG,Cc1nc(C)c(CC(=O)N2CCC[C@H](C(N)=O)C2)[nH]1,C017,4,lowest-energy,poses/A71EV2A-x3221a/A71EV2A-x3221a_lowest-energy.sdf,A71EV2A-x3221a,6,0.461,0.990,-90.688,-32.170,TRUE,9ac1d849b4cf43dbfee66ec302484324c95fb5706798321637966fa5e7cbc556,poses/A71EV2A-x3221a/A71EV2A-x3221a_lowest-energy.openstructure.json,022e85b5d75d16020bd1bee366ab606bfb33a249ef24eb1cdb2370b8099e61a3,poses/A71EV2A-x3221a/A71EV2A-x3221a_lowest-energy.posebusters.csv,ea5ff4e6d800d8072639ff5c565f90f9c5c74a2103bead34d14477b495bd636c
A71EV2A-x3221_A_201_0_1_A71EV2A-x0526+A+147+0+1__LIG,Cc1nc(C)c(CC(=O)N2CCC[C@H](C(N)=O)C2)[nH]1,C017,4,best-RMSD,poses/A71EV2A-x3221a/A71EV2A-x3221a_best-RMSD.sdf,A71EV2A-x3221a,4,0.400,0.992,-89.817,-31.450,TRUE,98919f709d8c241a29b6c59f4de0324a71bc659c17df6952fcf2d5c23887aef9,poses/A71EV2A-x3221a/A71EV2A-x3221a_best-RMSD.openstructure.json,a3c1b8ca3d91d556c3cdb3ccec4dbb6bd262260800455ea0d35d781b0641264f,poses/A71EV2A-x3221a/A71EV2A-x3221a_best-RMSD.posebusters.csv,8b52782fe073c1974019cc0e6eeeaaa84f93793c5fa767bab552c33c03ecc046
A71EV2A-x4926_A_201_0_1_A71EV2A-x0526+A+147+0+1__LIG,Cc1nc2c(CN3C[C@@H](C(N)=O)CCC3=O)c(F)ccc2[nH]1,C071,3,lowest-energy,poses/A71EV2A-x4926a/A71EV2A-x4926a_lowest-energy.sdf,A71EV2A-x4926a,2,0.400,0.992,-85.535,-38.660,TRUE,026c410f13d89dac1c21080303a16a2de3943271e00519ffdb3dbb9c4809f5b4,poses/A71EV2A-x4926a/A71EV2A-x4926a_lowest-energy.openstructure.json,35ad5d0658d9a513b91d8172766924c37dfa7ca63423f8986b2065e57c478258,poses/A71EV2A-x4926a/A71EV2A-x4926a_lowest-energy.posebusters.csv,7369f3ae103d4754e69b3bff048c4d512d0816d71397027c9b2c278b85adfc98
A71EV2A-x4926_A_201_0_1_A71EV2A-x0526+A+147+0+1__LIG,Cc1nc2c(CN3C[C@@H](C(N)=O)CCC3=O)c(F)ccc2[nH]1,C071,3,best-RMSD,poses/A71EV2A-x4926a/A71EV2A-x4926a_best-RMSD.sdf,A71EV2A-x4926a,3,0.251,1.000,-80.177,-36.640,TRUE,f07a983a02f7023bffd44a49055a230394f785111afa6527a3bc5ddf015548a8,poses/A71EV2A-x4926a/A71EV2A-x4926a_best-RMSD.openstructure.json,5687ce8605627e0506880e6e31e79b3e3a59d20ba93ed91ce6b59a83fde4d874,poses/A71EV2A-x4926a/A71EV2A-x4926a_best-RMSD.posebusters.csv,3ac1d61849889d9b80b80c9f1d611659f5ab08c43057a66aa9a58d53543c72ef
A71EV2A-x3225_A_201_0_1_A71EV2A-x0526+A+147+0+1__LIG,Cc1nc2ccccc2n1CC(=O)N1CCC[C@H](C(N)=O)C1,C001,4,lowest-energy,poses/A71EV2A-x3225a/A71EV2A-x3225a_lowest-energy.sdf,A71EV2A-x3225a,6,0.313,1.000,-94.670,-34.890,TRUE,17c127fc0b7461185e3c16340aa70ec0a7e715a2d0c42a361734bf764d41e99c,poses/A71EV2A-x3225a/A71EV2A-x3225a_lowest-energy.openstructure.json,08a2ee2e60e63d2f5dc0d0d7536c7b36c42a3feebbefcc2965ee6639ec1653d7,poses/A71EV2A-x3225a/A71EV2A-x3225a_lowest-energy.posebusters.csv,b040a6b3f206af0e7911dd9ffa744253a984cc27f5584e48b5345f862dd12643
A71EV2A-x3225_A_201_0_1_A71EV2A-x0526+A+147+0+1__LIG,Cc1nc2ccccc2n1CC(=O)N1CCC[C@H](C(N)=O)C1,C001,4,best-RMSD,poses/A71EV2A-x3225a/A71EV2A-x3225a_best-RMSD.sdf,A71EV2A-x3225a,6,0.313,1.000,-94.670,-34.890,TRUE,40a9db42ea75d40ff822f230c00f8016f1dc8a8404eaf89211d0ac709464a170,poses/A71EV2A-x3225a/A71EV2A-x3225a_best-RMSD.openstructure.json,08a2ee2e60e63d2f5dc0d0d7536c7b36c42a3feebbefcc2965ee6639ec1653d7,poses/A71EV2A-x3225a/A71EV2A-x3225a_best-RMSD.posebusters.csv,b040a6b3f206af0e7911dd9ffa744253a984cc27f5584e48b5345f862dd12643
A71EV2A-x3489_A_201_0_1_A71EV2A-x0526+A+147+0+1__LIG,Cc1nc2n(c1CC(=O)N1CCC[C@H](C(N)=O)C1)CCCC2,C017,4,lowest-energy,poses/A71EV2A-x3489a/A71EV2A-x3489a_lowest-energy.sdf,A71EV2A-x3489a,9,0.432,0.992,-87.514,-29.760,TRUE,424a017fbce387b0e6b3d61fe39f29ab8d0f236e9f20359a66cb8de89cd6e383,poses/A71EV2A-x3489a/A71EV2A-x3489a_lowest-energy.openstructure.json,c4c32f7e11e2242a6667aff2e15ae63295ca419c46b4da10aeb3ffef7118f1ab,poses/A71EV2A-x3489a/A71EV2A-x3489a_lowest-energy.posebusters.csv,5897010898ab3de8d2601fcc124a454f625380524180675105cb81d7fc5e18e4
A71EV2A-x3489_A_201_0_1_A71EV2A-x0526+A+147+0+1__LIG,Cc1nc2n(c1CC(=O)N1CCC[C@H](C(N)=O)C1)CCCC2,C017,4,best-RMSD,poses/A71EV2A-x3489a/A71EV2A-x3489a_best-RMSD.sdf,A71EV2A-x3489a,5,0.347,1.000,-86.464,-29.890,TRUE,a28d69744662da67321a598370f4c95fe7f476805c0553f6738a378ae8a30b96,poses/A71EV2A-x3489a/A71EV2A-x3489a_best-RMSD.openstructure.json,80c5085435feacb4fb763c1bacf0ced14a35089a871c45029ec11173562f81a7,poses/A71EV2A-x3489a/A71EV2A-x3489a_best-RMSD.posebusters.csv,121a93c62d2145671486d566f7ca954f62934b40e36aa624d5ef98c5bc9e8dc1
A71EV2A-x4333_A_201_0_1_A71EV2A-x0526+A+147+0+1__LIG,Cc1ncccc1CC(=O)N1CCC[C@H](C(N)=O)C1,C001,4,lowest-energy,poses/A71EV2A-x4333a/A71EV2A-x4333a_lowest-energy.sdf,A71EV2A-x4333a,10,0.385,0.993,-106.438,-33.510,TRUE,8a3461d1f77c0c8eb3bacf0fd96c842a52a96ba01873867b512467c21df0577d,poses/A71EV2A-x4333a/A71EV2A-x4333a_lowest-energy.openstructure.json,530c49c1b0e1345da40e921c4f7a5cac7a335e28355eb0fcd33ba4035d0e8874,poses/A71EV2A-x4333a/A71EV2A-x4333a_lowest-energy.posebusters.csv,c3607329c6ec5bc84a2580e40ac41811ab31350063f43a91a3011c4c7320b29f
A71EV2A-x4333_A_201_0_1_A71EV2A-x0526+A+147+0+1__LIG,Cc1ncccc1CC(=O)N1CCC[C@H](C(N)=O)C1,C001,4,best-RMSD,poses/A71EV2A-x4333a/A71EV2A-x4333a_best-RMSD.sdf,A71EV2A-x4333a,8,0.268,1.000,-105.545,-31.960,TRUE,5d957e9ea9fa8c19691daaec0dc03672b092d0828a95e9953d53a85843ecc64f,poses/A71EV2A-x4333a/A71EV2A-x4333a_best-RMSD.openstructure.json,68c908923cc4340b0c344aca5930c04573086a366dd311c26b333655742436c2,poses/A71EV2A-x4333a/A71EV2A-x4333a_best-RMSD.posebusters.csv,a25b2971be7146fda2aa85a6a439be7cc40960297c8f709d05e365932b1df9f7
A71EV2A-x4464_A_201_0_1_A71EV2A-x0526+A+147+0+1__LIG,Cc1ncnc(C)c1CC(=O)N1CCC[C@H](C(N)=O)C1,C001,4,lowest-energy,poses/A71EV2A-x4464a/A71EV2A-x4464a_lowest-energy.sdf,A71EV2A-x4464a,6,0.345,0.998,-97.078,-28.830,TRUE,5abdc848795e5dc566e5598a8c101e477a44e1bd42d8750dd102c643086e15b9,poses/A71EV2A-x4464a/A71EV2A-x4464a_lowest-energy.openstructure.json,f4b5051ce017511c2a31547d24e27f6fe499b76516625302f1405e5dd1f4a163,poses/A71EV2A-x4464a/A71EV2A-x4464a_lowest-energy.posebusters.csv,4a8c90e036647bff05ce1ff68bee619c0d9a9e0855d17a4ff8152d3a0b48fe06
A71EV2A-x4464_A_201_0_1_A71EV2A-x0526+A+147+0+1__LIG,Cc1ncnc(C)c1CC(=O)N1CCC[C@H](C(N)=O)C1,C001,4,best-RMSD,poses/A71EV2A-x4464a/A71EV2A-x4464a_best-RMSD.sdf,A71EV2A-x4464a,5,0.307,1.000,-96.753,-29.720,TRUE,ddb1d52951ba3290a226e0a2be1ed4908d2ef7928c6a70a6ac162d7f98f88977,poses/A71EV2A-x4464a/A71EV2A-x4464a_best-RMSD.openstructure.json,e585fab3a0f2d59bd8a4d14d6bc67d1f3816e8af0b5891a1cdfadae74182d3a1,poses/A71EV2A-x4464a/A71EV2A-x4464a_best-RMSD.posebusters.csv,f1950ccb04fe6c8de71b091d6981c2389eccd491258022a595d76a4ca20699fd
A71EV2A-x1346_E_250_0_1_A71EV2A-x0526+A+147+0+1__LIG,Cc1nn(C)c(C)c1CC(=O)N[C@@H](CNC(=O)CCl)c1ccc2ccccc2c1,C072,9,lowest-energy,poses/A71EV2A-x1346a/A71EV2A-x1346a_lowest-energy.sdf,A71EV2A-x1346a,3,3.765,0.602,-116.563,-29.360,TRUE,5bca69ed24edf364604589e882fa34c95df7412449417a5e7034896b5332b0ee,poses/A71EV2A-x1346a/A71EV2A-x1346a_lowest-energy.openstructure.json,03ca3a3e3e392e468a7b9d3e4c10eac7ea1a497b75a4936a6e57ea1959df1e03,poses/A71EV2A-x1346a/A71EV2A-x1346a_lowest-energy.posebusters.csv,5ed9e7ade09611a9687b94223e7146dd5409d2f943b6a491df3858d97d022bec
A71EV2A-x1346_E_250_0_1_A71EV2A-x0526+A+147+0+1__LIG,Cc1nn(C)c(C)c1CC(=O)N[C@@H](CNC(=O)CCl)c1ccc2ccccc2c1,C072,9,best-RMSD,poses/A71EV2A-x1346a/A71EV2A-x1346a_best-RMSD.sdf,A71EV2A-x1346a,1,3.077,0.715,-105.544,-25.290,TRUE,959c4c676d88b29131b4535a3e2e48911f161855fdbdc1ff6e5b45e9942504a6,poses/A71EV2A-x1346a/A71EV2A-x1346a_best-RMSD.openstructure.json,d4edb3159c24a6c4c3a5f38c09cb2e4d3cb30826ed7cf2b760d3d4461a46f90f,poses/A71EV2A-x1346a/A71EV2A-x1346a_best-RMSD.posebusters.csv,0c38e0bd67b62a2fe8f3822c2bd601f9563d01f6d6ac556ad5d23349c5040b7c
A71EV2A-x3410_A_201_0_1_A71EV2A-x0526+A+147+0+1__LIG,Cc1nn(C)c2cc(C(=O)NCCc3cocn3)ccc12,C007,5,lowest-energy,poses/A71EV2A-x3410a/A71EV2A-x3410a_lowest-energy.sdf,A71EV2A-x3410a,9,0.420,0.996,-61.360,-33.200,TRUE,516faaec71c00f739802461ff60ff6a0239d513c163a89618d8ab16de07d10bf,poses/A71EV2A-x3410a/A71EV2A-x3410a_lowest-energy.openstructure.json,89cbfb4fb74023f45301f1449539f2d59c2b608772ee8b2b548fb3162de04962,poses/A71EV2A-x3410a/A71EV2A-x3410a_lowest-energy.posebusters.csv,40e2e2d31e135cd9f696716d10b6ea50b4417f9b3a37da50df7ead5dea94440a
A71EV2A-x3410_A_201_0_1_A71EV2A-x0526+A+147+0+1__LIG,Cc1nn(C)c2cc(C(=O)NCCc3cocn3)ccc12,C007,5,best-RMSD,poses/A71EV2A-x3410a/A71EV2A-x3410a_best-RMSD.sdf,A71EV2A-x3410a,6,0.334,1.000,-60.813,-32.980,TRUE,babc8af5791d93de593463935a30c9abe4e51804caf26f3f64efc57d9c3bde6b,poses/A71EV2A-x3410a/A71EV2A-x3410a_best-RMSD.openstructure.json,2fd5f515fde7000a59c009c0a3cc25ee045784fcda0aa9e66f2ec67247c26115,poses/A71EV2A-x3410a/A71EV2A-x3410a_best-RMSD.posebusters.csv,1b6c58de3d1bfc1ea2edcdbeb0ecc2f45f25e7aa029b2adac36f3801d13e58ac
A71EV2A-x3286_A_201_0_1_A71EV2A-x0526+A+147+0+1__LIG,Cc1ocnc1CCNC(=O)c1nn(C)c2ccccc12,C007,5,lowest-energy,poses/A71EV2A-x3286a/A71EV2A-x3286a_lowest-energy.sdf,A71EV2A-x3286a,4,0.218,1.000,-75.971,-34.430,TRUE,a55a606c3efcbfb8a10304415ec8d03df44b25f75ac73b8bd88b8fa9fb09acf0,poses/A71EV2A-x3286a/A71EV2A-x3286a_lowest-energy.openstructure.json,cde0c32aca04cf8920289e986314b6b95a1ed751051345d0db7d7c91f4650dce,poses/A71EV2A-x3286a/A71EV2A-x3286a_lowest-energy.posebusters.csv,750e74be4d6b68d6390df27e135846d9e5303e06059bed4137f0ce646f8440a4
A71EV2A-x3286_A_201_0_1_A71EV2A-x0526+A+147+0+1__LIG,Cc1ocnc1CCNC(=O)c1nn(C)c2ccccc12,C007,5,best-RMSD,poses/A71EV2A-x3286a/A71EV2A-x3286a_best-RMSD.sdf,A71EV2A-x3286a,1,0.197,1.000,-75.647,-32.230,TRUE,13a612071140b2cee20a2c330e61e864f0c97d3dad33daed75b61433e1c691db,poses/A71EV2A-x3286a/A71EV2A-x3286a_best-RMSD.openstructure.json,d75aef3d04fef4866731e99cbe386bc691cf7c1b44bef460942ad6d97439cb8f,poses/A71EV2A-x3286a/A71EV2A-x3286a_best-RMSD.posebusters.csv,7bc7c2616e93e98da195238f9806019b007f86c969d02c93d34d95c73ba73ce5
A71EV2A-x6730_A_4000_0_1_A71EV2A-x0526+A+147+0+1__LIG,Cc1sc([C@H](C)N2C[C@@H](C(N)=O)CCC2=O)nc1-c1ccco1,C028,4,lowest-energy,poses/A71EV2A-x6730a/A71EV2A-x6730a_lowest-energy.sdf,A71EV2A-x6730a,6,0.263,0.995,-102.683,-38.200,TRUE,a5f8b69ff15197cc8c88eba7e0433f55854d6cff5ed176d7d5c721c1dc5dc840,poses/A71EV2A-x6730a/A71EV2A-x6730a_lowest-energy.openstructure.json,15daa1665ab89c9ac161644323b7051178f5a1de9de1e280cf49e801ea872efc,poses/A71EV2A-x6730a/A71EV2A-x6730a_lowest-energy.posebusters.csv,960cf19274f5695146cc4ba3f6578e5ec1c9356d10e5412be84ee00428d15221
A71EV2A-x6730_A_4000_0_1_A71EV2A-x0526+A+147+0+1__LIG,Cc1sc([C@H](C)N2C[C@@H](C(N)=O)CCC2=O)nc1-c1ccco1,C028,4,best-RMSD,poses/A71EV2A-x6730a/A71EV2A-x6730a_best-RMSD.sdf,A71EV2A-x6730a,6,0.263,0.995,-102.683,-38.200,TRUE,dde0929cb37e0fe3853854f1b8aebbd5cf7528901c1b7dac020ddfd1250f63f8,poses/A71EV2A-x6730a/A71EV2A-x6730a_best-RMSD.openstructure.json,15daa1665ab89c9ac161644323b7051178f5a1de9de1e280cf49e801ea872efc,poses/A71EV2A-x6730a/A71EV2A-x6730a_best-RMSD.posebusters.csv,960cf19274f5695146cc4ba3f6578e5ec1c9356d10e5412be84ee00428d15221
A71EV2A-x4992_A_201_0_1_A71EV2A-x0526+A+147+0+1__LIG,Cn1cc(CC(=O)N2C[C@@H](C(N)=O)C[C@H]3C[C@H]32)cn1,C034,4,lowest-energy,poses/A71EV2A-x4992a/A71EV2A-x4992a_lowest-energy.sdf,A71EV2A-x4992a,1,2.326,0.783,-32.768,-23.970,TRUE,8f152465abb314c8bc5ef6113d597198b2be41e183be0b7d5af718f4dbdf011b,poses/A71EV2A-x4992a/A71EV2A-x4992a_lowest-energy.openstructure.json,61cd33f31bbd7ef574cfae6bb232a849350072923d6ec2537c5d22e73ea8b507,poses/A71EV2A-x4992a/A71EV2A-x4992a_lowest-energy.posebusters.csv,23a6365d9c683794e6684a357679439996b265c9f3d610c38b5dbfa02db8add9
A71EV2A-x4992_A_201_0_1_A71EV2A-x0526+A+147+0+1__LIG,Cn1cc(CC(=O)N2C[C@@H](C(N)=O)C[C@H]3C[C@H]32)cn1,C034,4,best-RMSD,poses/A71EV2A-x4992a/A71EV2A-x4992a_best-RMSD.sdf,A71EV2A-x4992a,7,1.637,0.848,-9.059,-28.220,TRUE,0d62c2efb23bad1bd765b076d8b1f71b7846e3383dc60d1de07569bc4c3fff8d,poses/A71EV2A-x4992a/A71EV2A-x4992a_best-RMSD.openstructure.json,4d316a2efe50fdf6b9a1b092619216acb6e8115adfdb1978194278c0e361f5b1,poses/A71EV2A-x4992a/A71EV2A-x4992a_best-RMSD.posebusters.csv,8ce93b688259b527ae18fbf48c5db8053ae6a34b9f39fe37ab3c0985a8e53ef6
A71EV2A-x5090_A_201_0_1_A71EV2A-x0526+A+147+0+1__LIG,Cn1cc(NS(=O)(=O)N2CCC[C@H](C(N)=O)C2)cn1,C021,4,lowest-energy,poses/A71EV2A-x5090a/A71EV2A-x5090a_lowest-energy.sdf,A71EV2A-x5090a,3,0.248,1.000,-87.046,-34.390,TRUE,bea8af96ffc003e3b6322888a664d5e04f9c42b0bfe15ccce435273450379a24,poses/A71EV2A-x5090a/A71EV2A-x5090a_lowest-energy.openstructure.json,800e997b67de3bf62a84622a6405c68e10945d2382647ba170c7bc45c456deb7,poses/A71EV2A-x5090a/A71EV2A-x5090a_lowest-energy.posebusters.csv,79d05e17ced4fb35b4e5990f0f71e93820e8265209144ea03274d97185e7bd0e
A71EV2A-x5090_A_201_0_1_A71EV2A-x0526+A+147+0+1__LIG,Cn1cc(NS(=O)(=O)N2CCC[C@H](C(N)=O)C2)cn1,C021,4,best-RMSD,poses/A71EV2A-x5090a/A71EV2A-x5090a_best-RMSD.sdf,A71EV2A-x5090a,3,0.248,1.000,-87.046,-34.390,TRUE,fec087e03bc2414faf844b8e4ddc369ea92bf457c0aa112bbae9272f1f33e0d3,poses/A71EV2A-x5090a/A71EV2A-x5090a_best-RMSD.openstructure.json,800e997b67de3bf62a84622a6405c68e10945d2382647ba170c7bc45c456deb7,poses/A71EV2A-x5090a/A71EV2A-x5090a_best-RMSD.posebusters.csv,79d05e17ced4fb35b4e5990f0f71e93820e8265209144ea03274d97185e7bd0e
A71EV2A-x3188_A_201_0_1_A71EV2A-x0526+A+147+0+1__LIG,Cn1cc2c(CC(=O)N3CCC[C@H](C(N)=O)C3)cccc2n1,C001,4,lowest-energy,poses/A71EV2A-x3914a/A71EV2A-x3914a_lowest-energy.sdf,A71EV2A-x3914a,1,0.380,0.992,-96.275,-32.740,TRUE,8dadfdf8186a044019d780210428e32afbbcb469b629bccb63503453e847f482,poses/A71EV2A-x3914a/A71EV2A-x3914a_lowest-energy.openstructure.json,f701c7fd767f72e6cbd6833c969b6174795d427efe258ef76d66e17ad5e80d45,poses/A71EV2A-x3914a/A71EV2A-x3914a_lowest-energy.posebusters.csv,4d723ecf2ac3f324861d494f5d4c2e8617b7faa8c74a6c8acb7511a19e3acb10
A71EV2A-x3188_A_201_0_1_A71EV2A-x0526+A+147+0+1__LIG,Cn1cc2c(CC(=O)N3CCC[C@H](C(N)=O)C3)cccc2n1,C001,4,best-RMSD,poses/A71EV2A-x3188a/A71EV2A-x3188a_best-RMSD.sdf,A71EV2A-x3188a,4,0.266,0.998,-94.981,-30.280,TRUE,40966679d5d993c6771b049a165fa00e9b43642292903fdb73adcc3c923d95a7,poses/A71EV2A-x3188a/A71EV2A-x3188a_best-RMSD.openstructure.json,e0e251db61d6dc1316e75331ec52ace9c25cde527fa6c81945c02e198998835e,poses/A71EV2A-x3188a/A71EV2A-x3188a_best-RMSD.posebusters.csv,9d20f18b5f33fae2d2febf9fef133a92e1ad54a8726c31ec50eac320c0c634cf
A71EV2A-x3556_A_201_0_1_A71EV2A-x0526+A+147+0+1__LIG,Cn1cc2c(CC(=O)N3CC[C@H](C(N)=O)C3)cccc2n1,C001,4,lowest-energy,poses/A71EV2A-x3556a/A71EV2A-x3556a_lowest-energy.sdf,A71EV2A-x3556a,4,0.302,1.000,-92.991,-30.950,TRUE,fa9bac8719d5556812bdccf2359468f8dec4f3919cf8c7ffa3e2dbb5b7b14bf2,poses/A71EV2A-x3556a/A71EV2A-x3556a_lowest-energy.openstructure.json,20976d5137deaa4e392a85e713555644532b7258b8f0c6c6d0f8a8a364be9ed6,poses/A71EV2A-x3556a/A71EV2A-x3556a_lowest-energy.posebusters.csv,cc051b75c0339a7f6962a17bbecb16da87d1fa121c9313710072497b167cbcb1
A71EV2A-x3556_A_201_0_1_A71EV2A-x0526+A+147+0+1__LIG,Cn1cc2c(CC(=O)N3CC[C@H](C(N)=O)C3)cccc2n1,C001,4,best-RMSD,poses/A71EV2A-x3556a/A71EV2A-x3556a_best-RMSD.sdf,A71EV2A-x3556a,6,0.291,1.000,-92.051,-29.750,TRUE,92fcd7c3e91d995deca926cfa7e9aa2793054013c8c3bf836da083fccbff1c22,poses/A71EV2A-x3556a/A71EV2A-x3556a_best-RMSD.openstructure.json,9478caff763dc72b31e2c2948bf0aa5f3f6677acb4bd21ef3c1d3c8ff2bd4a93,poses/A71EV2A-x3556a/A71EV2A-x3556a_best-RMSD.posebusters.csv,e6cf1bafcbe0b9f625f784db3d85516a419b367cc57bda2cc28a123adeb9f312
A71EV2A-x4608_A_201_0_1_A71EV2A-x0526+A+147+0+1__LIG,Cn1cc2c(n1)CCC[C@@H]2C(=O)N1CCC[C@H](C(N)=O)C1,C022,3,lowest-energy,poses/A71EV2A-x4608a/A71EV2A-x4608a_lowest-energy.sdf,A71EV2A-x4608a,6,0.267,1.000,-101.474,-33.720,TRUE,3d6488f75cd79480b269b5971d9ea84cbc8011e58e57e1c0af4e2d21add3822f,poses/A71EV2A-x4608a/A71EV2A-x4608a_lowest-energy.openstructure.json,1b54a4fae6251f2a06bf2f171ddd90bb63b0fe48aeb098501be372a435d07a9d,poses/A71EV2A-x4608a/A71EV2A-x4608a_lowest-energy.posebusters.csv,1b2c75bbce485f9808f06c475e3b8cf3191ca498b3a075babd046436125e4644
A71EV2A-x4608_A_201_0_1_A71EV2A-x0526+A+147+0+1__LIG,Cn1cc2c(n1)CCC[C@@H]2C(=O)N1CCC[C@H](C(N)=O)C1,C022,3,best-RMSD,poses/A71EV2A-x4608a/A71EV2A-x4608a_best-RMSD.sdf,A71EV2A-x4608a,9,0.251,1.000,-101.377,-34.220,TRUE,a7b3aef86c2278573dce8c269255ec695be0e83e38a9d249b1b2291e0adcd7c8,poses/A71EV2A-x4608a/A71EV2A-x4608a_best-RMSD.openstructure.json,7a1494bdcefefbc608e4f396a99504a30750a2edf6631402705a449bc35d0e13,poses/A71EV2A-x4608a/A71EV2A-x4608a_best-RMSD.posebusters.csv,c911c332c43071fad638c42622bcfce59ae02c8eb3a2dbcfe547090f6f005bb1
A71EV2A-x3403_A_201_0_1_A71EV2A-x0526+A+147+0+1__LIG,Cn1cc2cccc(NC(=O)Cc3cocn3)c2n1,C073,4,lowest-energy,poses/A71EV2A-x3403a/A71EV2A-x3403a_lowest-energy.sdf,A71EV2A-x3403a,1,0.413,0.991,-56.144,-28.530,TRUE,124fa9c44f6c938d0df825476937c9be797d0b89359876a5e324c022955247e1,poses/A71EV2A-x3403a/A71EV2A-x3403a_lowest-energy.openstructure.json,c7f4bbd945bc05e9e10855c3c4e14af3ec776c2c1df1b90b2f98b65686402e1d,poses/A71EV2A-x3403a/A71EV2A-x3403a_lowest-energy.posebusters.csv,e1f26541a82cb69db6bc59d096f021c0e3fb0bb553d68e20f718fb25a2ac1bc8
A71EV2A-x3403_A_201_0_1_A71EV2A-x0526+A+147+0+1__LIG,Cn1cc2cccc(NC(=O)Cc3cocn3)c2n1,C073,4,best-RMSD,poses/A71EV2A-x3403a/A71EV2A-x3403a_best-RMSD.sdf,A71EV2A-x3403a,1,0.413,0.991,-56.144,-28.530,TRUE,3aed4498a5105917af4f67911a488c27d2c1883b7cb0f7377e79e7f5b8931d97,poses/A71EV2A-x3403a/A71EV2A-x3403a_best-RMSD.openstructure.json,c7f4bbd945bc05e9e10855c3c4e14af3ec776c2c1df1b90b2f98b65686402e1d,poses/A71EV2A-x3403a/A71EV2A-x3403a_best-RMSD.posebusters.csv,e1f26541a82cb69db6bc59d096f021c0e3fb0bb553d68e20f718fb25a2ac1bc8
A71EV2A-x5106_A_201_0_1_A71EV2A-x0526+A+147+0+1__LIG,Cn1ccnc1[C@@H](c1ccccc1)N1C[C@@H](C(N)=O)CC1=O,C030,4,lowest-energy,poses/A71EV2A-x5106a/A71EV2A-x5106a_lowest-energy.sdf,A71EV2A-x5106a,6,0.388,0.993,-84.979,-33.340,TRUE,1eb811faf48c4252c8dee07c2a681dad1be00e3575e228eaa8979751b0f2c9a9,poses/A71EV2A-x5106a/A71EV2A-x5106a_lowest-energy.openstructure.json,c47f01a42175076ff5fcd1c57b0627b7beffaab5c4b44c10b92231c4caa8de3f,poses/A71EV2A-x5106a/A71EV2A-x5106a_lowest-energy.posebusters.csv,9e2a143079b33f14231f75266c7b4c73c4dfb41f9f168c3ae955a83f7705b3d8
A71EV2A-x5106_A_201_0_1_A71EV2A-x0526+A+147+0+1__LIG,Cn1ccnc1[C@@H](c1ccccc1)N1C[C@@H](C(N)=O)CC1=O,C030,4,best-RMSD,poses/A71EV2A-x5106a/A71EV2A-x5106a_best-RMSD.sdf,A71EV2A-x5106a,4,0.274,0.998,-83.364,-32.140,TRUE,0f4cf6404217ba21b3f84affa14530d2e4db233bf5522c2d4695bc92ba94fd9a,poses/A71EV2A-x5106a/A71EV2A-x5106a_best-RMSD.openstructure.json,4413b62498dc4b7c94e007dff0cc208c1afb54c694ac6bbe8e293f3d1eba5f59,poses/A71EV2A-x5106a/A71EV2A-x5106a_best-RMSD.posebusters.csv,cfd34431028bb018fac4330e0b310ad0afea4c14ec2fbaf97c2d819702005947
A71EV2A-x5898_A_202_0_1_A71EV2A-x0526+A+147+0+1__LIG,Cn1ccnc1[C@@H](c1ccccc1)[N@H+]1C[C@H]2C[C@@](C(N)=O)(C1)C2,C074,4,lowest-energy,poses/A71EV2A-x5898a/A71EV2A-x5898a_lowest-energy.sdf,A71EV2A-x5898a,1,0.361,0.990,-14.745,-25.270,TRUE,28722b6e4649261f36948ede171731c1a9b272e9b18ff76d1f7f78b9db5702a4,poses/A71EV2A-x5898a/A71EV2A-x5898a_lowest-energy.openstructure.json,b13bc44b1c7399adf50b660798c02be038189dea73e3021e79d1315be59b06b3,poses/A71EV2A-x5898a/A71EV2A-x5898a_lowest-energy.posebusters.csv,8d78a13140ef297bc3c02d292bbd550ae98b3f94561acfb6ea6a913c35a2e180
A71EV2A-x5898_A_202_0_1_A71EV2A-x0526+A+147+0+1__LIG,Cn1ccnc1[C@@H](c1ccccc1)[N@H+]1C[C@H]2C[C@@](C(N)=O)(C1)C2,C074,4,best-RMSD,poses/A71EV2A-x5898a/A71EV2A-x5898a_best-RMSD.sdf,A71EV2A-x5898a,1,0.361,0.990,-14.745,-25.270,TRUE,38c1aa27e7ba347525bc9826e9d03d467ae3d02a0a81d988b8c26873f5fe7a94,poses/A71EV2A-x5898a/A71EV2A-x5898a_best-RMSD.openstructure.json,b13bc44b1c7399adf50b660798c02be038189dea73e3021e79d1315be59b06b3,poses/A71EV2A-x5898a/A71EV2A-x5898a_best-RMSD.posebusters.csv,8d78a13140ef297bc3c02d292bbd550ae98b3f94561acfb6ea6a913c35a2e180
A71EV2A-x3371_A_201_0_1_A71EV2A-x0526+A+147+0+1__LIG,Cn1cnc(CCNC(=O)c2nn(C)c3ccccc23)c1,C007,5,lowest-energy,poses/A71EV2A-x3371a/A71EV2A-x3371a_lowest-energy.sdf,A71EV2A-x3371a,9,0.982,0.896,-49.977,-25.900,TRUE,1ad39a122e6a12d43b3ef2e10dc9395ffe70a11cb5189f2dc8e870550d96048e,poses/A71EV2A-x3371a/A71EV2A-x3371a_lowest-energy.openstructure.json,01851a3a74032b0ffc882c23a0a84aa4d310c17c4ddf57380b4ea0ad9986c8e9,poses/A71EV2A-x3371a/A71EV2A-x3371a_lowest-energy.posebusters.csv,adbc16ff34298258541dc25dc46d6993616ade94b532d86283120996e411cf9b
A71EV2A-x3371_A_201_0_1_A71EV2A-x0526+A+147+0+1__LIG,Cn1cnc(CCNC(=O)c2nn(C)c3ccccc23)c1,C007,5,best-RMSD,poses/A71EV2A-x3371a/A71EV2A-x3371a_best-RMSD.sdf,A71EV2A-x3371a,7,0.888,0.897,-45.234,-23.740,TRUE,08a5443475f58e959eb16391e028ff77b2251405d51e51f937839f1e56243dc5,poses/A71EV2A-x3371a/A71EV2A-x3371a_best-RMSD.openstructure.json,2d1ff2f30dcc84be5c709520dd3133dce2c3cc8df5b170bb5783770be99d5a48,poses/A71EV2A-x3371a/A71EV2A-x3371a_best-RMSD.posebusters.csv,d161459a7c562fce57f1f016db62800b7ed1f17cb3dd646477bdc592762eb272
A71EV2A-x4447_A_201_0_1_A71EV2A-x0526+A+147+0+1__LIG,Cn1cnc2c(NC(=O)N3CCC[C@H](C(N)=O)C3)cccc21,C003,4,lowest-energy,poses/A71EV2A-x4447b/A71EV2A-x4447b_lowest-energy.sdf,A71EV2A-x4447b,2,0.278,1.000,-97.090,-35.060,TRUE,96c56d7d079de71334d2d55745f8ee7830a97ffefc9647364cf8b92e5aca8922,poses/A71EV2A-x4447b/A71EV2A-x4447b_lowest-energy.openstructure.json,abe933b371f9337476ac156079655f2ac17c8c0be4e146cccba52299db684617,poses/A71EV2A-x4447b/A71EV2A-x4447b_lowest-energy.posebusters.csv,3c5c8ca3e7b576eeae79baa0368d604230340fc277c1557200243b9151119c7f
A71EV2A-x4447_A_201_0_1_A71EV2A-x0526+A+147+0+1__LIG,Cn1cnc2c(NC(=O)N3CCC[C@H](C(N)=O)C3)cccc21,C003,4,best-RMSD,poses/A71EV2A-x4447b/A71EV2A-x4447b_best-RMSD.sdf,A71EV2A-x4447b,2,0.278,1.000,-97.090,-35.060,TRUE,29aebe095e7b275efcfdee78e374d0171b38eaf202fb4bff3d1b4dc1ad8933c8,poses/A71EV2A-x4447b/A71EV2A-x4447b_best-RMSD.openstructure.json,abe933b371f9337476ac156079655f2ac17c8c0be4e146cccba52299db684617,poses/A71EV2A-x4447b/A71EV2A-x4447b_best-RMSD.posebusters.csv,3c5c8ca3e7b576eeae79baa0368d604230340fc277c1557200243b9151119c7f
A71EV2A-x2339_E_246_0_1_A71EV2A-x0526+A+147+0+1__LIG,Cn1nc(C(=O)NC2CC2)c2cc(F)ccc21,C042,3,lowest-energy,poses/A71EV2A-x2339a/A71EV2A-x2339a_lowest-energy.sdf,A71EV2A-x2339a,8,0.270,0.992,-57.932,-23.510,TRUE,7d857a4c94c0ded44ba818a55bd46c4d6a7727b1e85902cac5d94676e34e4266,poses/A71EV2A-x2339a/A71EV2A-x2339a_lowest-energy.openstructure.json,5ba53e0d2080bc5df86df81f2e084366fcc8f67544ac1cd006594f3e5a5458a2,poses/A71EV2A-x2339a/A71EV2A-x2339a_lowest-energy.posebusters.csv,62c6ecf9394b941a224a79d0fdf5c538d5f348b0a00dc9fb04b942445b2b46dc
A71EV2A-x2339_E_246_0_1_A71EV2A-x0526+A+147+0+1__LIG,Cn1nc(C(=O)NC2CC2)c2cc(F)ccc21,C042,3,best-RMSD,poses/A71EV2A-x2339a/A71EV2A-x2339a_best-RMSD.sdf,A71EV2A-x2339a,8,0.270,0.992,-57.932,-23.510,TRUE,875fd728297d8b2bf70445f63be82b8c7ca94c28e6e31af1dea84ee7394a4f53,poses/A71EV2A-x2339a/A71EV2A-x2339a_best-RMSD.openstructure.json,5ba53e0d2080bc5df86df81f2e084366fcc8f67544ac1cd006594f3e5a5458a2,poses/A71EV2A-x2339a/A71EV2A-x2339a_best-RMSD.posebusters.csv,62c6ecf9394b941a224a79d0fdf5c538d5f348b0a00dc9fb04b942445b2b46dc
A71EV2A-x3280_D_246_0_1_A71EV2A-x0526+A+147+0+1__LIG,Cn1nc(C(=O)NCC(F)(F)c2ccccn2)c2ccccc21,C007,5,lowest-energy,poses/A71EV2A-x3280a/A71EV2A-x3280a_lowest-energy.sdf,A71EV2A-x3280a,2,0.427,0.991,-64.337,-28.020,TRUE,9a7860e46860cd1cd676816513dfc06a97cdaaf8359679cba4b9e9d7f7fbefb8,poses/A71EV2A-x3280a/A71EV2A-x3280a_lowest-energy.openstructure.json,f63cb6b289211acdcf088d3ac06646e629afb57585f39e31fa7e8a22ecf325ee,poses/A71EV2A-x3280a/A71EV2A-x3280a_lowest-energy.posebusters.csv,dfe0123f9cd27ff2fb8ddd6eef14966288d12db0aadef152b58a5f57958558bd
A71EV2A-x3280_D_246_0_1_A71EV2A-x0526+A+147+0+1__LIG,Cn1nc(C(=O)NCC(F)(F)c2ccccn2)c2ccccc21,C007,5,best-RMSD,poses/A71EV2A-x3280a/A71EV2A-x3280a_best-RMSD.sdf,A71EV2A-x3280a,2,0.427,0.991,-64.337,-28.020,TRUE,8052c2afe3119af3889a7049e542f2c314d3cf0668f3464c71a7dd90d20d71a9,poses/A71EV2A-x3280a/A71EV2A-x3280a_best-RMSD.openstructure.json,f63cb6b289211acdcf088d3ac06646e629afb57585f39e31fa7e8a22ecf325ee,poses/A71EV2A-x3280a/A71EV2A-x3280a_best-RMSD.posebusters.csv,dfe0123f9cd27ff2fb8ddd6eef14966288d12db0aadef152b58a5f57958558bd
A71EV2A-x3324_A_201_0_1_A71EV2A-x0526+A+147+0+1__LIG,Cn1nc(C(=O)NCCc2ccc(S(C)(=O)=O)cc2)c2ccccc21,C007,6,lowest-energy,poses/A71EV2A-x3324a/A71EV2A-x3324a_lowest-energy.sdf,A71EV2A-x3324a,1,0.912,0.921,-74.799,-29.820,TRUE,8254f698a6398ac3815646606563f4fdaca088d9c866f08a32dc33accc58e9e3,poses/A71EV2A-x3324a/A71EV2A-x3324a_lowest-energy.openstructure.json,e85739cd0aa73bfefd9963139716d989f53a76227355675235debde9b6f40aba,poses/A71EV2A-x3324a/A71EV2A-x3324a_lowest-energy.posebusters.csv,2abb7556c26842b8ab6ae5cfa85e85cdfed8a979918d857e11eae0b2f0359214
A71EV2A-x3324_A_201_0_1_A71EV2A-x0526+A+147+0+1__LIG,Cn1nc(C(=O)NCCc2ccc(S(C)(=O)=O)cc2)c2ccccc21,C007,6,best-RMSD,poses/A71EV2A-x3324a/A71EV2A-x3324a_best-RMSD.sdf,A71EV2A-x3324a,4,0.274,0.999,-69.935,-28.770,TRUE,4de79827bff412e0dd295808436574a67258a3e1c7a5f68fe9b8257bbb8e7263,poses/A71EV2A-x3324a/A71EV2A-x3324a_best-RMSD.openstructure.json,9983be33cf14fc76b6eb2fba88fc19eccec3c8cb200486efb51c04af507cf648,poses/A71EV2A-x3324a/A71EV2A-x3324a_best-RMSD.posebusters.csv,345c3573f935ddf3f8d534de1866bf53136a4285f68e1620caabadb0b2ea6c5a
A71EV2A-x2846_E_301_0_1_A71EV2A-x0526+A+147+0+1__LIG,Cn1nc(C(=O)NCCc2cocn2)c2ccccc21,C007,5,lowest-energy,poses/A71EV2A-x2846a/A71EV2A-x2846a_lowest-energy.sdf,A71EV2A-x2846a,7,0.326,0.992,-60.808,-30.050,TRUE,2ef42c64a446f74d26497ccab79897f2ba033d438fcc78ec1fbdb79d0dc75617,poses/A71EV2A-x2846a/A71EV2A-x2846a_lowest-energy.openstructure.json,c75e77b6d846f7e63631304d4c265c9e49085cc69900d08d1ea48133bf9806a9,poses/A71EV2A-x2846a/A71EV2A-x2846a_lowest-energy.posebusters.csv,e348132ff9285916a0665be3e7873a2db331a17231e620eed7b586f8b7d77c18
A71EV2A-x2846_E_301_0_1_A71EV2A-x0526+A+147+0+1__LIG,Cn1nc(C(=O)NCCc2cocn2)c2ccccc21,C007,5,best-RMSD,poses/A71EV2A-x2846a/A71EV2A-x2846a_best-RMSD.sdf,A71EV2A-x2846a,2,0.326,0.989,-60.223,-30.360,TRUE,dff923d6891501b6da405ef4e990c644844463b13c6305ddfe0cdfc7c7abb6ea,poses/A71EV2A-x2846a/A71EV2A-x2846a_best-RMSD.openstructure.json,de0bbe91373f230e37b231c5795300dad252776bcef9ba25d766dc79586d58f2,poses/A71EV2A-x2846a/A71EV2A-x2846a_best-RMSD.posebusters.csv,c2349f54e1802ec4d727690d591345f33c5b50b05aa4816be542a53030156c2c
A71EV2A-x3419_A_201_0_1_A71EV2A-x0526+A+147+0+1__LIG,Cn1nc(C(=O)NCCc2cocn2)c2ccccc2c1=O,C007,5,lowest-energy,poses/A71EV2A-x3419a/A71EV2A-x3419a_lowest-energy.sdf,A71EV2A-x3419a,9,0.305,1.000,-97.298,-36.420,TRUE,1defa1d1bdfc1130f1bffcdad980d794ef05c4bd6229df0dfa5931798abe4378,poses/A71EV2A-x3419a/A71EV2A-x3419a_lowest-energy.openstructure.json,33f247f1cfd4464b0d29fa7a77eba46d9120d24c6742b944954b63c0466116ab,poses/A71EV2A-x3419a/A71EV2A-x3419a_lowest-energy.posebusters.csv,091da6a448546833e688db2589048e7486c9bed3f9daaf8811314e24b5a3fad8
A71EV2A-x3419_A_201_0_1_A71EV2A-x0526+A+147+0+1__LIG,Cn1nc(C(=O)NCCc2cocn2)c2ccccc2c1=O,C007,5,best-RMSD,poses/A71EV2A-x3419a/A71EV2A-x3419a_best-RMSD.sdf,A71EV2A-x3419a,8,0.263,1.000,-96.759,-35.620,TRUE,38eca3e0600511f71db69584d9ccb0fcd200f69adc2b0360dd668b1713295e5c,poses/A71EV2A-x3419a/A71EV2A-x3419a_best-RMSD.openstructure.json,f15f63f44dc7b2685053d94dab43b7e5470f6af56157176d5349748f0bd077bc,poses/A71EV2A-x3419a/A71EV2A-x3419a_best-RMSD.posebusters.csv,ca96a9d72fd0b50ab32e2b51b1d2cab612f2b565454420a11987e84478ca1fbe
A71EV2A-x3264_A_201_0_1_A71EV2A-x0526+A+147+0+1__LIG,Cn1nc(C(=O)NCCc2cocn2)c2cccnc21,C007,5,lowest-energy,poses/A71EV2A-x3264a/A71EV2A-x3264a_lowest-energy.sdf,A71EV2A-x3264a,7,0.254,1.000,-73.025,-35.970,TRUE,63df1f193b8eb93196d5ae67c56d868c7ce5a06d5a48703fafeba5c866d1ce53,poses/A71EV2A-x3264a/A71EV2A-x3264a_lowest-energy.openstructure.json,c8de3466c293879e6b9fd170a0c42a2a064c3153b7d0f10a05964609d15c7fed,poses/A71EV2A-x3264a/A71EV2A-x3264a_lowest-energy.posebusters.csv,afb300a8d41cca224fa9eee1c70c060a0ff3271173fb961abf7cc7c743f89b58
A71EV2A-x3264_A_201_0_1_A71EV2A-x0526+A+147+0+1__LIG,Cn1nc(C(=O)NCCc2cocn2)c2cccnc21,C007,5,best-RMSD,poses/A71EV2A-x3264a/A71EV2A-x3264a_best-RMSD.sdf,A71EV2A-x3264a,7,0.254,1.000,-73.025,-35.970,TRUE,5aff7f4766e20bc834281a83eae028ad798a0b8de642bf0e85a00959088009c9,poses/A71EV2A-x3264a/A71EV2A-x3264a_best-RMSD.openstructure.json,c8de3466c293879e6b9fd170a0c42a2a064c3153b7d0f10a05964609d15c7fed,poses/A71EV2A-x3264a/A71EV2A-x3264a_best-RMSD.posebusters.csv,afb300a8d41cca224fa9eee1c70c060a0ff3271173fb961abf7cc7c743f89b58
A71EV2A-x3306_A_201_0_1_A71EV2A-x0526+A+147+0+1__LIG,Cn1nc(C(=O)NCCc2cscn2)c2ccccc21,C007,5,lowest-energy,poses/A71EV2A-x3306a/A71EV2A-x3306a_lowest-energy.sdf,A71EV2A-x3306a,3,0.550,0.956,-61.709,-24.060,TRUE,400976aaee0c7edfe26446ae8a922087b7b2786f3436c2e2a23417ee4dd3e06d,poses/A71EV2A-x3306a/A71EV2A-x3306a_lowest-energy.openstructure.json,8baad3f9a052c179c4e6e587ea5fa3c0cf453d445acdb6bf2bf879c6540c19bc,poses/A71EV2A-x3306a/A71EV2A-x3306a_lowest-energy.posebusters.csv,f5d4e291c3a85716f62ba4c25dcf5a27aa3f099bcfc79bc1f6b43a887bfa7383
A71EV2A-x3306_A_201_0_1_A71EV2A-x0526+A+147+0+1__LIG,Cn1nc(C(=O)NCCc2cscn2)c2ccccc21,C007,5,best-RMSD,poses/A71EV2A-x3306a/A71EV2A-x3306a_best-RMSD.sdf,A71EV2A-x3306a,2,0.470,0.965,-60.572,-26.890,TRUE,8295a795f012960b5ec6e98ebec8c2bd9fb7c9406abe62586709508529fc993d,poses/A71EV2A-x3306a/A71EV2A-x3306a_best-RMSD.openstructure.json,608db9376d49df1aa42a6437236d86099dd5836842886388d8516dac8d1f05d6,poses/A71EV2A-x3306a/A71EV2A-x3306a_best-RMSD.posebusters.csv,d833aa1143df961b3c45435b27c7c0532cfdbe83064c51a533f50660916c6ff7
A71EV2A-x3181_A_201_0_1_A71EV2A-x0526+A+147+0+1__LIG,Cn1nc(C(=O)NCCn2cncn2)c2ccccc21,C007,5,lowest-energy,poses/A71EV2A-x3181a/A71EV2A-x3181a_lowest-energy.sdf,A71EV2A-x3181a,4,0.983,0.892,-73.559,-26.090,TRUE,cb245b8d50873d6b6f4ebd69f65ffbc5f323c89a6256f5572d963678c2a739f2,poses/A71EV2A-x3181a/A71EV2A-x3181a_lowest-energy.openstructure.json,2bbbe18e3dba570adfc2a01bd3771765de6ef888dba869d0fb07ab2f44bd46b8,poses/A71EV2A-x3181a/A71EV2A-x3181a_lowest-energy.posebusters.csv,3a2e052913ca64084c1f5b82a2415cceeea030e9e3179937dcbe510f72c656c3
A71EV2A-x3181_A_201_0_1_A71EV2A-x0526+A+147+0+1__LIG,Cn1nc(C(=O)NCCn2cncn2)c2ccccc21,C007,5,best-RMSD,poses/A71EV2A-x3181a/A71EV2A-x3181a_best-RMSD.sdf,A71EV2A-x3181a,10,0.234,1.000,-72.967,-25.780,TRUE,8b6cd6a72e2f608a4186238fcb50e1e0b5c94a14b86a557fbdf2a9623abd1617,poses/A71EV2A-x3181a/A71EV2A-x3181a_best-RMSD.openstructure.json,10e640a256765bf95fe821ede056d7eb98b0b7f308f46491f4bb0aa1b1b89648,poses/A71EV2A-x3181a/A71EV2A-x3181a_best-RMSD.posebusters.csv,9a7781d2771e0cafa5accf4a670552ea4a691bb11ef64ab57f827ecc31a93d5e
A71EV2A-x2293_E_201_0_1_A71EV2A-x0526+A+147+0+1__LIG,Cn1nc(C(=O)NC[C@@H]2Cc3ccccc3CN2)c2ccccc21,C075,4,lowest-energy,poses/A71EV2A-x2293a/A71EV2A-x2293a_lowest-energy.sdf,A71EV2A-x2293a,7,0.383,0.995,-70.053,-29.440,TRUE,2385cac5bccbe75934760806043b1e6901fca757e3a92fb50a70141540fb44cb,poses/A71EV2A-x2293a/A71EV2A-x2293a_lowest-energy.openstructure.json,8cfe3e99b5c247b9389ea34014eb7a52824eb7feb992ce21b1e1e9f1a3983e90,poses/A71EV2A-x2293a/A71EV2A-x2293a_lowest-energy.posebusters.csv,e5e1d2d33307ad1a273c6c781a6d3fa22003c2bb8e48d4f4964924e7c803c6be
A71EV2A-x2293_E_201_0_1_A71EV2A-x0526+A+147+0+1__LIG,Cn1nc(C(=O)NC[C@@H]2Cc3ccccc3CN2)c2ccccc21,C075,4,best-RMSD,poses/A71EV2A-x2293a/A71EV2A-x2293a_best-RMSD.sdf,A71EV2A-x2293a,2,0.340,1.000,-69.689,-30.450,TRUE,2ff677090c9eb27bf5f314db0a76fb5d972a9c1d5e42405316fcbc41f89c7553,poses/A71EV2A-x2293a/A71EV2A-x2293a_best-RMSD.openstructure.json,61696142af9f3b5e93d8de3e932c432b7662a2bb02fecd3e258002292a2bdd6b,poses/A71EV2A-x2293a/A71EV2A-x2293a_best-RMSD.posebusters.csv,2c378d189099efc712b36ea0f5f8ccacc84a07de5b06f93f4dbff0acb747618d
A71EV2A-x2972_A_201_0_1_A71EV2A-x0526+A+147+0+1__LIG,Cn1nc(C(=O)NCc2c[nH]cn2)c2ccccc21,C007,4,lowest-energy,poses/A71EV2A-x2972a/A71EV2A-x2972a_lowest-energy.sdf,A71EV2A-x2972a,5,0.392,0.983,-47.819,-37.970,TRUE,3abe29c7fc205f67ed03214530c98cf7343f1ed208d771304821455b946e21f6,poses/A71EV2A-x2972a/A71EV2A-x2972a_lowest-energy.openstructure.json,0426e1f7223c9ee34f29281a85cd2bf49a3cbd9cc8a429cdbc16ae54c5a0bc6a,poses/A71EV2A-x2972a/A71EV2A-x2972a_lowest-energy.posebusters.csv,c00aa9a89fa10e1ef3be18d196ab0a654df4e9e73ca41d32f9494c486cdb0972
A71EV2A-x2972_A_201_0_1_A71EV2A-x0526+A+147+0+1__LIG,Cn1nc(C(=O)NCc2c[nH]cn2)c2ccccc21,C007,4,best-RMSD,poses/A71EV2A-x2972a/A71EV2A-x2972a_best-RMSD.sdf,A71EV2A-x2972a,9,0.381,0.983,-47.662,-37.970,TRUE,a7908f760d29d8fa26dc3ba4f54bfc6d00f4e1f4ca2c64b2784f25c709a83230,poses/A71EV2A-x2972a/A71EV2A-x2972a_best-RMSD.openstructure.json,a6759abe468d9461e7128de75adf7830049d02c60f8dbe0eca516c454c79935c,poses/A71EV2A-x2972a/A71EV2A-x2972a_best-RMSD.posebusters.csv,6b77946a9213a898aac4131a65c8699e2896638194fa07eeb3c328e658189a21
A71EV2A-x3178_A_201_0_1_A71EV2A-x0526+A+147+0+1__LIG,Cn1nc(C(=O)N[C@H]2CCOC2)c2ccccc21,C007,3,lowest-energy,poses/A71EV2A-x3178a/A71EV2A-x3178a_lowest-energy.sdf,A71EV2A-x3178a,8,0.600,0.943,-69.885,-30.500,TRUE,908ea00ad4a19f5cad456bed2cf2a6ea8fdcf832b1390bec096f6052274251a7,poses/A71EV2A-x3178a/A71EV2A-x3178a_lowest-energy.openstructure.json,76812d3ad8e33462dee1b57adc98581314f9e5982c4d49c31120b9b4d4e2db47,poses/A71EV2A-x3178a/A71EV2A-x3178a_lowest-energy.posebusters.csv,b968b12919a1c549be430e6aed20f48eb23d068908d35b3e27508b20574f65da
A71EV2A-x3178_A_201_0_1_A71EV2A-x0526+A+147+0+1__LIG,Cn1nc(C(=O)N[C@H]2CCOC2)c2ccccc21,C007,3,best-RMSD,poses/A71EV2A-x3178a/A71EV2A-x3178a_best-RMSD.sdf,A71EV2A-x3178a,9,0.272,0.995,-68.046,-30.330,TRUE,3e599aca94e32db895377e010c5426e3efd6b7259a5b00896fe70d216e3769fd,poses/A71EV2A-x3178a/A71EV2A-x3178a_best-RMSD.openstructure.json,54cdf016374545e8241b1e87221ed11c048916de09cf36fdcebb850673227466,poses/A71EV2A-x3178a/A71EV2A-x3178a_best-RMSD.posebusters.csv,f7db1df99caf7a5093d3c472c789f7a223aa96ef8d1f7db4d0015f29fcb42c73
A71EV2A-x3177_A_201_0_1_A71EV2A-x0526+A+147+0+1__LIG,Cn1nc(C(=O)N[C@H]2C[C@H]2CO)c2ccccc21,C024,4,lowest-energy,poses/A71EV2A-x3177a/A71EV2A-x3177a_lowest-energy.sdf,A71EV2A-x3177a,1,0.795,0.951,-61.240,-21.700,TRUE,f0eb4d572c445a638550185772996df443902f210030579b300bc42fcad12e37,poses/A71EV2A-x3177a/A71EV2A-x3177a_lowest-energy.openstructure.json,6494e684b6af9651fad8381e1e47dcc2a5a3f1e1d72c2842ae1e272cbe53d40d,poses/A71EV2A-x3177a/A71EV2A-x3177a_lowest-energy.posebusters.csv,ad8b683bebfbf4f322315868dd0c35ff9c9c72e2898d0ab22d6a6517e9950b97
A71EV2A-x3177_A_201_0_1_A71EV2A-x0526+A+147+0+1__LIG,Cn1nc(C(=O)N[C@H]2C[C@H]2CO)c2ccccc21,C024,4,best-RMSD,poses/A71EV2A-x3177a/A71EV2A-x3177a_best-RMSD.sdf,A71EV2A-x3177a,1,0.795,0.951,-61.240,-21.700,TRUE,8ad51934fd186269d93d731e6c888e72a15415b5a8a0725f1e4ba4d34ef99a7c,poses/A71EV2A-x3177a/A71EV2A-x3177a_best-RMSD.openstructure.json,6494e684b6af9651fad8381e1e47dcc2a5a3f1e1d72c2842ae1e272cbe53d40d,poses/A71EV2A-x3177a/A71EV2A-x3177a_best-RMSD.posebusters.csv,ad8b683bebfbf4f322315868dd0c35ff9c9c72e2898d0ab22d6a6517e9950b97
A71EV2A-x2304_E_246_0_1_A71EV2A-x0526+A+147+0+1__LIG,Cn1nc(C(=O)Nc2cn[nH]c2)c2ccccc21,C024,3,lowest-energy,poses/A71EV2A-x2304a/A71EV2A-x2304a_lowest-energy.sdf,A71EV2A-x2304a,8,0.357,1.000,-56.621,-33.340,TRUE,096a6bd2acfdf67fb5707ccaac8e2f9bf782a8d61ce0d1e572b97530774e4f57,poses/A71EV2A-x2304a/A71EV2A-x2304a_lowest-energy.openstructure.json,4243ddebd524938cd495441bfa73a6066461f7323e03e6c9401059b3b2a4f6ca,poses/A71EV2A-x2304a/A71EV2A-x2304a_lowest-energy.posebusters.csv,d8a5f75afc36c5bcac765a098d7e9bb038e0ffea771d8958dbc7322bbc849254
A71EV2A-x2304_E_246_0_1_A71EV2A-x0526+A+147+0+1__LIG,Cn1nc(C(=O)Nc2cn[nH]c2)c2ccccc21,C024,3,best-RMSD,poses/A71EV2A-x2304a/A71EV2A-x2304a_best-RMSD.sdf,A71EV2A-x2304a,2,0.348,1.000,-55.283,-31.500,TRUE,be48e7a87fb00e361642bb8077a818281650c39016f2bc0935709d5711fa2adf,poses/A71EV2A-x2304a/A71EV2A-x2304a_best-RMSD.openstructure.json,006692ff4c0cf0e5f18eacb65d3fc6a83a0ab0fe3f0dc3b7fbae978fd5e84a1b,poses/A71EV2A-x2304a/A71EV2A-x2304a_best-RMSD.posebusters.csv,e57f4166dbc7238ce6118de785ce4be2f4f76fbdcbe844ae77ac37788f858867
A71EV2A-x2351_E_246_0_1_A71EV2A-x0526+A+147+0+1__LIG,Cn1nc(C(N)=O)c2cc(F)ccc21,C042,1,lowest-energy,poses/A71EV2A-x2351a/A71EV2A-x2351a_lowest-energy.sdf,A71EV2A-x2351a,9,0.249,1.000,-47.555,-23.110,TRUE,40fc1a45db01925f2d35cd7c9487ce57c83cca40e311e6ba4dca94349c73d8e7,poses/A71EV2A-x2351a/A71EV2A-x2351a_lowest-energy.openstructure.json,dd98ab07aadddf8c465d66689c0cb24bf92dfc4d053920c52ad06e3abe67160f,poses/A71EV2A-x2351a/A71EV2A-x2351a_lowest-energy.posebusters.csv,84007add492463bbf9cb591b74b945af1802147fd41d8a7a906e78ec934e9c89
A71EV2A-x2351_E_246_0_1_A71EV2A-x0526+A+147+0+1__LIG,Cn1nc(C(N)=O)c2cc(F)ccc21,C042,1,best-RMSD,poses/A71EV2A-x2351a/A71EV2A-x2351a_best-RMSD.sdf,A71EV2A-x2351a,9,0.249,1.000,-47.555,-23.110,TRUE,c2b5cb0e871ca3870c85ad3c675bba1817711215846efc058de51198e1547088,poses/A71EV2A-x2351a/A71EV2A-x2351a_best-RMSD.openstructure.json,dd98ab07aadddf8c465d66689c0cb24bf92dfc4d053920c52ad06e3abe67160f,poses/A71EV2A-x2351a/A71EV2A-x2351a_best-RMSD.posebusters.csv,84007add492463bbf9cb591b74b945af1802147fd41d8a7a906e78ec934e9c89
A71EV2A-x4994_A_201_0_1_A71EV2A-x0526+A+147+0+1__LIG,Cn1nc(CC(=O)N2CC(C(N)=O)C2)c2ccccc21,C076,4,lowest-energy,poses/A71EV2A-x4994a/A71EV2A-x4994a_lowest-energy.sdf,A71EV2A-x4994a,10,7.241,0.224,-29.124,-29.190,TRUE,25b0f94f21ab380b4ad2b6e5fc6d8e401fce6d2405dd656ed6acbb49088fa163,poses/A71EV2A-x4994a/A71EV2A-x4994a_lowest-energy.openstructure.json,b3f3e88b0cea1392b8bdb9902ae540c635946ec0eb871cdfb8eefdd8acf87315,poses/A71EV2A-x4994a/A71EV2A-x4994a_lowest-energy.posebusters.csv,cb36d43562673ab1c1f0087375c80bbc7ff4ad99fca3e6a1906d81eeb6fa981d
A71EV2A-x4994_A_201_0_1_A71EV2A-x0526+A+147+0+1__LIG,Cn1nc(CC(=O)N2CC(C(N)=O)C2)c2ccccc21,C076,4,best-RMSD,poses/A71EV2A-x4994a/A71EV2A-x4994a_best-RMSD.sdf,A71EV2A-x4994a,7,7.198,0.249,-24.967,-26.940,TRUE,a7a1f182ab1d4e0187054e3f88775f748d605463fe90f781ab0640e4f0226225,poses/A71EV2A-x4994a/A71EV2A-x4994a_best-RMSD.openstructure.json,e4c2fd3c258af6d116bcad756822b45f97b08fbbc77a565fc6dacc41d69d446e,poses/A71EV2A-x4994a/A71EV2A-x4994a_best-RMSD.posebusters.csv,e1dccb4e51ac24aca72c95277e43168cdaf68e5a9f9972e6bbd437847729f068
A71EV2A-x4547_A_201_0_1_A71EV2A-x0526+A+147+0+1__LIG,Cn1nc(CN2C[C@H](C(N)=O)CCC2=O)c2ccccc21,C004,3,lowest-energy,poses/A71EV2A-x4547a/A71EV2A-x4547a_lowest-energy.sdf,A71EV2A-x4547a,5,0.437,0.986,-85.705,-29.050,TRUE,eea49d52eb29faf6403c79e89e7ab73c90a44bd4c46d3017f1e3d445c91b64ac,poses/A71EV2A-x4547a/A71EV2A-x4547a_lowest-energy.openstructure.json,c1f14b8bc9d0f4532946b8dd1aab9e669e21ffe3dbd4b521b7dafb8babe0dcb3,poses/A71EV2A-x4547a/A71EV2A-x4547a_lowest-energy.posebusters.csv,f33c4998eb364524c18109634ae352e855d099950aa6031bc43330ed5a778b71
A71EV2A-x4547_A_201_0_1_A71EV2A-x0526+A+147+0+1__LIG,Cn1nc(CN2C[C@H](C(N)=O)CCC2=O)c2ccccc21,C004,3,best-RMSD,poses/A71EV2A-x4547a/A71EV2A-x4547a_best-RMSD.sdf,A71EV2A-x4547a,2,0.189,1.000,-85.062,-28.980,TRUE,e6a8c6c4f281768c801b2d8667a7519c3a4d5745e62671c8e874e5b9f5fba551,poses/A71EV2A-x4547a/A71EV2A-x4547a_best-RMSD.openstructure.json,17a891a9e59cb5fe5fa173e28b511133bf99d8a9b5fb4d158858aea976855b3d,poses/A71EV2A-x4547a/A71EV2A-x4547a_best-RMSD.posebusters.csv,9e1c5ee243b363b7755e8f7808f29cf43177ea3d98c8629da1641761b5a60c3d
A71EV2A-x3606_A_201_0_1_A71EV2A-x0526+A+147+0+1__LIG,Cn1ncc(-c2cc(Cl)cc(Cl)c2)c1CC(=O)N1CCC[C@H](C(N)=O)C1,C077,5,lowest-energy,poses/A71EV2A-x3606a/A71EV2A-x3606a_lowest-energy.sdf,A71EV2A-x3606a,9,0.863,0.954,-93.437,-32.670,TRUE,dc0f3ea645d96efdaa74732b9400481bd5d74b92740886a99069ddef5453bf27,poses/A71EV2A-x3606a/A71EV2A-x3606a_lowest-energy.openstructure.json,0704b2e7295e06c3a522484ede34cdf0c6dd1a4aba277ff4afbcf9eeea81d025,poses/A71EV2A-x3606a/A71EV2A-x3606a_lowest-energy.posebusters.csv,534ce1ce7f9747a7112a1a49b819553b2ada02b0987dd84513cd184fe70a58f8
A71EV2A-x3606_A_201_0_1_A71EV2A-x0526+A+147+0+1__LIG,Cn1ncc(-c2cc(Cl)cc(Cl)c2)c1CC(=O)N1CCC[C@H](C(N)=O)C1,C077,5,best-RMSD,poses/A71EV2A-x3606a/A71EV2A-x3606a_best-RMSD.sdf,A71EV2A-x3606a,1,0.779,0.976,-88.265,-32.830,TRUE,f7ead2fb9b9031de23ada1534fd784ec50ed6f16cdc7ab9c6ac5f86de086849e,poses/A71EV2A-x3606a/A71EV2A-x3606a_best-RMSD.openstructure.json,f490d1750c676959f271bdea10c2933fdcc1fb3960d2cc9baf88c0191f94fe8f,poses/A71EV2A-x3606a/A71EV2A-x3606a_best-RMSD.posebusters.csv,819f8b5304635d121c106756e1850c96d3270fc55db44b3254525200c90821bf
A71EV2A-x3436_A_201_0_1_A71EV2A-x0526+A+147+0+1__LIG,Cn1ncc(C(=O)NCCc2cocn2)n1,C007,5,lowest-energy,poses/A71EV2A-x3436a/A71EV2A-x3436a_lowest-energy.sdf,A71EV2A-x3436a,10,0.381,0.984,-72.512,-22.080,TRUE,2565f5432f4a12e291f31ff8dc47a91fc6329c732fc6b77267f9e328befba1cc,poses/A71EV2A-x3436a/A71EV2A-x3436a_lowest-energy.openstructure.json,0e8d2ae04ee6a125031d388181459a04e20227896c8b8ef4a3b1045e17ee67af,poses/A71EV2A-x3436a/A71EV2A-x3436a_lowest-energy.posebusters.csv,1ca1b5f54f1d46a79d096b427941b0a592e66688072627aa26b6946e30bf84de
A71EV2A-x3436_A_201_0_1_A71EV2A-x0526+A+147+0+1__LIG,Cn1ncc(C(=O)NCCc2cocn2)n1,C007,5,best-RMSD,poses/A71EV2A-x3436a/A71EV2A-x3436a_best-RMSD.sdf,A71EV2A-x3436a,10,0.381,0.984,-72.512,-22.080,TRUE,450a6bbc687d6b4f404de31fa2c0ea8b12ef1c9b28065297b0ed51644cdcab8a,poses/A71EV2A-x3436a/A71EV2A-x3436a_best-RMSD.openstructure.json,0e8d2ae04ee6a125031d388181459a04e20227896c8b8ef4a3b1045e17ee67af,poses/A71EV2A-x3436a/A71EV2A-x3436a_best-RMSD.posebusters.csv,1ca1b5f54f1d46a79d096b427941b0a592e66688072627aa26b6946e30bf84de
A71EV2A-x4017_A_201_0_1_A71EV2A-x0526+A+147+0+1__LIG,Cn1ncc2c(NC(=O)N3CCC[C@H](C(N)=O)C3)cccc21,C003,4,lowest-energy,poses/A71EV2A-x4017b/A71EV2A-x4017b_lowest-energy.sdf,A71EV2A-x4017b,1,0.306,0.998,-108.334,-36.480,TRUE,1038a37e085ad37a1adad1b08ed8c80f76c29bd6a401c9a55f88b667d2fe22cd,poses/A71EV2A-x4017b/A71EV2A-x4017b_lowest-energy.openstructure.json,f29f32fd996295161d42349d488bb159c9dfc02304e20ab4e4293788c588ec77,poses/A71EV2A-x4017b/A71EV2A-x4017b_lowest-energy.posebusters.csv,2ec2910f5c2e3ca2e0caf86744732c5f6229cf42489727dd1eda2c0a5aa44f7c
A71EV2A-x4017_A_201_0_1_A71EV2A-x0526+A+147+0+1__LIG,Cn1ncc2c(NC(=O)N3CCC[C@H](C(N)=O)C3)cccc21,C003,4,best-RMSD,poses/A71EV2A-x4017a/A71EV2A-x4017a_best-RMSD.sdf,A71EV2A-x4017a,9,0.224,1.000,-106.116,-37.490,TRUE,527ffffbeabbb28d46838a52ed2cc8bf947d5c8ca8b3b01cfaad6bd8a5921533,poses/A71EV2A-x4017a/A71EV2A-x4017a_best-RMSD.openstructure.json,a808f1afa9f27e106c7b400351b80b25c0a4f31c0a775076bc29c88d32bfd940,poses/A71EV2A-x4017a/A71EV2A-x4017a_best-RMSD.posebusters.csv,9aca506dc3f11562d6d1236779c4a96a8b5f68ef905a38d568487ee9190ff9d1
A71EV2A-x5721_A_201_0_1_A71EV2A-x0526+A+147+0+1__LIG,Cn1ncc2ccc(CN3C[C@@H](C(N)=O)CC(C)(C)C3=O)cc21,C018,3,lowest-energy,poses/A71EV2A-x5721b/A71EV2A-x5721b_lowest-energy.sdf,A71EV2A-x5721b,4,0.418,0.992,-95.677,-32.860,TRUE,c1cb8a40625f9ea35ebe29fdabcb2eacdd29c2df37c3f26bdcc8cddab8689f61,poses/A71EV2A-x5721b/A71EV2A-x5721b_lowest-energy.openstructure.json,b1ce09a53348048be79cb01f478352c822be4f7d1a665a665b4095dc529d9d4e,poses/A71EV2A-x5721b/A71EV2A-x5721b_lowest-energy.posebusters.csv,6765988200b8b97cacf9b8509b0cd50c68a31b683167b143b94947ea72ce5e2d
A71EV2A-x5721_A_201_0_1_A71EV2A-x0526+A+147+0+1__LIG,Cn1ncc2ccc(CN3C[C@@H](C(N)=O)CC(C)(C)C3=O)cc21,C018,3,best-RMSD,poses/A71EV2A-x5721a/A71EV2A-x5721a_best-RMSD.sdf,A71EV2A-x5721a,8,0.313,0.999,-92.021,-34.540,TRUE,9d6c4e471b1b352596669f42317a3403cf1ba5c2a53af05390d2b6a2f0df90af,poses/A71EV2A-x5721a/A71EV2A-x5721a_best-RMSD.openstructure.json,691f5bd5214a0b1805f4bdbaded6044061cb7b89228f6545d05dfa0e46b7c096,poses/A71EV2A-x5721a/A71EV2A-x5721a_best-RMSD.posebusters.csv,0afa71b6113edb017b0f65235fd8a05352ad1bcedcbf7a9d2be4299166862a43
A71EV2A-x4839_A_201_0_1_A71EV2A-x0526+A+147+0+1__LIG,Cn1ncc2ccc(CN3C[C@@H](C(N)=O)CCC3=O)cc21,C018,3,lowest-energy,poses/A71EV2A-x4980a/A71EV2A-x4980a_lowest-energy.sdf,A71EV2A-x4980a,6,0.306,0.994,-91.358,-30.640,TRUE,3e6c5cc7009255616db9e5c53754b2b96343c652c62a6e2b2af55eae250f9a8f,poses/A71EV2A-x4980a/A71EV2A-x4980a_lowest-energy.openstructure.json,b3b88edb2bb14f8ea464eca6af9b115127f1192ed390f64e573ee3d219fc92be,poses/A71EV2A-x4980a/A71EV2A-x4980a_lowest-energy.posebusters.csv,a0a935339e0f398d6067882ecb0061a35abdd2684d629d0a8d623ae5627387e9
A71EV2A-x4839_A_201_0_1_A71EV2A-x0526+A+147+0+1__LIG,Cn1ncc2ccc(CN3C[C@@H](C(N)=O)CCC3=O)cc21,C018,3,best-RMSD,poses/A71EV2A-x4839a/A71EV2A-x4839a_best-RMSD.sdf,A71EV2A-x4839a,4,0.302,0.998,-91.152,-32.350,TRUE,f5d5b02e2a075b49e877104afc9da4633e00175c44c2c98aab651ad0175337bc,poses/A71EV2A-x4839a/A71EV2A-x4839a_best-RMSD.openstructure.json,415e82572f085ce2b2b651ce6ddc6a8bdbdca0b640fb834fbda1d7b877864e57,poses/A71EV2A-x4839a/A71EV2A-x4839a_best-RMSD.posebusters.csv,ec76ef88523771f823922ca5efa098600b71a276a447b5264e7381a74d759010
A71EV2A-x4974_A_201_0_1_A71EV2A-x0526+A+147+0+1__LIG,Cn1ncc2ccc(CN3C[C@H](C(N)=O)CCC3=O)cc21,C018,3,lowest-energy,poses/A71EV2A-x4974a/A71EV2A-x4974a_lowest-energy.sdf,A71EV2A-x4974a,4,0.197,1.000,-93.277,-33.000,TRUE,154d50f1adae742094797136e774e4596f5cb7c279d8089af59375fea0c4ac8f,poses/A71EV2A-x4974a/A71EV2A-x4974a_lowest-energy.openstructure.json,a2ad5d84a37f1dceabd0090ef235d71d38539a063080cd42d200b2436faedafe,poses/A71EV2A-x4974a/A71EV2A-x4974a_lowest-energy.posebusters.csv,45f6ce6c55ba0dab4cc5ac882328a2f2af62bc66fbc9c4f312decc68c72897c4
A71EV2A-x4974_A_201_0_1_A71EV2A-x0526+A+147+0+1__LIG,Cn1ncc2ccc(CN3C[C@H](C(N)=O)CCC3=O)cc21,C018,3,best-RMSD,poses/A71EV2A-x4974a/A71EV2A-x4974a_best-RMSD.sdf,A71EV2A-x4974a,4,0.197,1.000,-93.277,-33.000,TRUE,47fad6ddc47561998ec8eeb19caec3493016565df2e79990296fdd6a6c5a43be,poses/A71EV2A-x4974a/A71EV2A-x4974a_best-RMSD.openstructure.json,a2ad5d84a37f1dceabd0090ef235d71d38539a063080cd42d200b2436faedafe,poses/A71EV2A-x4974a/A71EV2A-x4974a_best-RMSD.posebusters.csv,45f6ce6c55ba0dab4cc5ac882328a2f2af62bc66fbc9c4f312decc68c72897c4
A71EV2A-x3480_A_201_0_1_A71EV2A-x0526+A+147+0+1__LIG,N#CCc1cccc(NC(=O)N2CCC[C@H](C(N)=O)C2)c1,C020,5,lowest-energy,poses/A71EV2A-x3480a/A71EV2A-x3480a_lowest-energy.sdf,A71EV2A-x3480a,1,0.465,0.983,-120.122,-33.780,TRUE,ae19a3627814d20e907cfe30b4cbe8051cfe4e7fb778aebc989554ec8b233163,poses/A71EV2A-x3480a/A71EV2A-x3480a_lowest-energy.openstructure.json,70efceb10fb77ed3c542b1fc84848428d9b14646578126de7960e9fc2992e9ea,poses/A71EV2A-x3480a/A71EV2A-x3480a_lowest-energy.posebusters.csv,a8f17c42f71850879dd0becb6220cafd15b234c276605741934bb85ff01d2d7d
A71EV2A-x3480_A_201_0_1_A71EV2A-x0526+A+147+0+1__LIG,N#CCc1cccc(NC(=O)N2CCC[C@H](C(N)=O)C2)c1,C020,5,best-RMSD,poses/A71EV2A-x3480a/A71EV2A-x3480a_best-RMSD.sdf,A71EV2A-x3480a,7,0.394,0.996,-118.536,-33.070,TRUE,0d3cb65fa7288a8c2625a0c02e2467737cf516aa8d9156f318f4a890a569cb2c,poses/A71EV2A-x3480a/A71EV2A-x3480a_best-RMSD.openstructure.json,a8e845df69dfec828f2a1d6fffe9f18e7c04b857029f229363751edd0b409957,poses/A71EV2A-x3480a/A71EV2A-x3480a_best-RMSD.posebusters.csv,12553021c0620eaf59b21b3573dff5ed473394b4d9885251e7d87c25ffba7af5
A71EV2A-x4321_A_201_0_1_A71EV2A-x0526+A+147+0+1__LIG,N#CCc1ccccc1CC(=O)N1CCC[C@H](C(N)=O)C1,C001,5,lowest-energy,poses/A71EV2A-x4321b/A71EV2A-x4321b_lowest-energy.sdf,A71EV2A-x4321b,10,0.371,0.997,-109.579,-34.010,TRUE,e69296cc9e05774d257664cd85ad0d6c9131fe0e5b0b74d66319baf5f62f0220,poses/A71EV2A-x4321b/A71EV2A-x4321b_lowest-energy.openstructure.json,0e914bac626dbcc1df35b7fc7c713ede76b3a693e95e10e10fe08e3cfcc75990,poses/A71EV2A-x4321b/A71EV2A-x4321b_lowest-energy.posebusters.csv,807c1fb3d6693a7fc1393cd2546e7948a05c47791672fbfb5fb868dfd280ee36
A71EV2A-x4321_A_201_0_1_A71EV2A-x0526+A+147+0+1__LIG,N#CCc1ccccc1CC(=O)N1CCC[C@H](C(N)=O)C1,C001,5,best-RMSD,poses/A71EV2A-x4321a/A71EV2A-x4321a_best-RMSD.sdf,A71EV2A-x4321a,6,0.262,1.000,-108.408,-33.310,TRUE,c99d98c21de725c887444fdb0157b3781b27d9006323a92194e6b90209e0ae60,poses/A71EV2A-x4321a/A71EV2A-x4321a_best-RMSD.openstructure.json,8c5b04e8b1b5f1f04677523aa3db53eeab357e0cb34f8f8a891e3120176c0e0b,poses/A71EV2A-x4321a/A71EV2A-x4321a_best-RMSD.posebusters.csv,9d76cafb31619700a6c385cadf43d044c0cb275a1b21e9bbacec48219438e7a1
A71EV2A-x3521_A_201_0_1_A71EV2A-x0526+A+147+0+1__LIG,N#C[C@H]1C[C@@H](NC(=O)C2(c3ccc(Cl)cc3Cl)CCOCC2)C1,C078,4,lowest-energy,poses/A71EV2A-x3521a/A71EV2A-x3521a_lowest-energy.sdf,A71EV2A-x3521a,6,2.329,0.776,-67.322,-31.270,TRUE,aa52481ae637cac3d8005309b6a02b8e6272b480abc9f39d8b9ea2b3e32e0097,poses/A71EV2A-x3521a/A71EV2A-x3521a_lowest-energy.openstructure.json,4d6ea70f34af548796a86f82f9c30de7e8d13b35fd638c86f70a154b14212384,poses/A71EV2A-x3521a/A71EV2A-x3521a_lowest-energy.posebusters.csv,944593b9283c528c6c748d98185debfc8dbeba3b4bbb7eca5ec14fb42aed5d68
A71EV2A-x3521_A_201_0_1_A71EV2A-x0526+A+147+0+1__LIG,N#C[C@H]1C[C@@H](NC(=O)C2(c3ccc(Cl)cc3Cl)CCOCC2)C1,C078,4,best-RMSD,poses/A71EV2A-x3521a/A71EV2A-x3521a_best-RMSD.sdf,A71EV2A-x3521a,6,2.329,0.776,-67.322,-31.270,TRUE,a49572a09a39b4055ef5b236ec298be3762b239884a74affbc1cdc2b219236c1,poses/A71EV2A-x3521a/A71EV2A-x3521a_best-RMSD.openstructure.json,4d6ea70f34af548796a86f82f9c30de7e8d13b35fd638c86f70a154b14212384,poses/A71EV2A-x3521a/A71EV2A-x3521a_best-RMSD.posebusters.csv,944593b9283c528c6c748d98185debfc8dbeba3b4bbb7eca5ec14fb42aed5d68
A71EV2A-x5559_A_201_0_1_A71EV2A-x0526+A+147+0+1__LIG,N#Cc1ccc(Br)cc1OC(=O)N1CCC[C@H](C(N)=O)C1,C015,4,lowest-energy,poses/A71EV2A-x5559a/A71EV2A-x5559a_lowest-energy.sdf,A71EV2A-x5559a,4,0.275,1.000,-112.888,-31.610,TRUE,b5f4e3c2f496a41aa80a644efd9f015d0e6ff7ade628b29386c2199edf12bf1d,poses/A71EV2A-x5559a/A71EV2A-x5559a_lowest-energy.openstructure.json,a59f75bd093bc3e14313710c3b29b1edc940a2cb3879809c2ee197c218921a5f,poses/A71EV2A-x5559a/A71EV2A-x5559a_lowest-energy.posebusters.csv,c483e22db95a50bea1afe44d2071e5a3b3ccf30373f65aa9b2ea6d6aceb31d7d
A71EV2A-x5559_A_201_0_1_A71EV2A-x0526+A+147+0+1__LIG,N#Cc1ccc(Br)cc1OC(=O)N1CCC[C@H](C(N)=O)C1,C015,4,best-RMSD,poses/A71EV2A-x5559a/A71EV2A-x5559a_best-RMSD.sdf,A71EV2A-x5559a,5,0.255,1.000,-112.734,-31.630,TRUE,7461d0f2289ddc457d7b570b03c67f49fe2b9809e45208d8154b0a1168918dd4,poses/A71EV2A-x5559a/A71EV2A-x5559a_best-RMSD.openstructure.json,8ad39ee949b5cd8aae268755620ff7dd8041d8971d1cdec4ad0f8166ce58f276,poses/A71EV2A-x5559a/A71EV2A-x5559a_best-RMSD.posebusters.csv,805d462b05bbf05398b04ee2d03d952cec412015fea9c93cca6bcf3849bd4d0a
A71EV2A-x5082_A_201_0_1_A71EV2A-x0526+A+147+0+1__LIG,N#Cc1cccc(CC(=O)N2CCC[C@H](C(N)=O)C2)n1,C001,4,lowest-energy,poses/A71EV2A-x5082b/A71EV2A-x5082b_lowest-energy.sdf,A71EV2A-x5082b,6,2.061,0.806,-109.239,-36.580,TRUE,30377d40a823b20c7bf73223f254f08aebabf9a83cc0b0a04c52dd95f59578c0,poses/A71EV2A-x5082b/A71EV2A-x5082b_lowest-energy.openstructure.json,5b09b48e3be97a4201e8654ae3c1bd00c666af44891ebba986c452515f8897c9,poses/A71EV2A-x5082b/A71EV2A-x5082b_lowest-energy.posebusters.csv,e56204718deec062fd8f09875d5f48c36678862b46942301d4dea82105a09b93
A71EV2A-x5082_A_201_0_1_A71EV2A-x0526+A+147+0+1__LIG,N#Cc1cccc(CC(=O)N2CCC[C@H](C(N)=O)C2)n1,C001,4,best-RMSD,poses/A71EV2A-x5082a/A71EV2A-x5082a_best-RMSD.sdf,A71EV2A-x5082a,7,0.240,1.000,-104.614,-30.840,TRUE,b06546ff234ab43e9efee1c90e26c85b131be428dad1974b07ad42af5c96cf3c,poses/A71EV2A-x5082a/A71EV2A-x5082a_best-RMSD.openstructure.json,5aa67436eafd37377186410ea3b1480d8347851947fa265dcf6398b32f5c95c5,poses/A71EV2A-x5082a/A71EV2A-x5082a_best-RMSD.posebusters.csv,6ebc94e3a9a70c874869c8b6da539931bf52ad9dcf6dfe951315428884f98658
A71EV2A-x3509_A_201_0_1_A71EV2A-x0526+A+147+0+1__LIG,N#Cc1cccc(NC(=O)N2CCC[C@H](C(N)=O)C2)c1,C003,4,lowest-energy,poses/A71EV2A-x3509b/A71EV2A-x3509b_lowest-energy.sdf,A71EV2A-x3509b,1,0.271,0.999,-128.517,-33.130,TRUE,01b202d4b4dcfc3823e3e97c35496f6352bd1e3753817d964e1ff62e29710175,poses/A71EV2A-x3509b/A71EV2A-x3509b_lowest-energy.openstructure.json,cd747b88431fce26f7f5d8528d95c3010b36e113e89fd2ba2ecd720046d97d05,poses/A71EV2A-x3509b/A71EV2A-x3509b_lowest-energy.posebusters.csv,d0f736f3dc04dccf8d80326183725576c1e23e5ac9e07289e5f087574282a109
A71EV2A-x3509_A_201_0_1_A71EV2A-x0526+A+147+0+1__LIG,N#Cc1cccc(NC(=O)N2CCC[C@H](C(N)=O)C2)c1,C003,4,best-RMSD,poses/A71EV2A-x3509b/A71EV2A-x3509b_best-RMSD.sdf,A71EV2A-x3509b,9,0.204,1.000,-127.528,-33.080,TRUE,506e2c1e187a7f871202f4f1bea32178895fcb7f7257b44f9ba04dcfa68a523a,poses/A71EV2A-x3509b/A71EV2A-x3509b_best-RMSD.openstructure.json,2e9d19a683eb15c38716374c1db725372a643229e63df7abdbb0a4616422e96b,poses/A71EV2A-x3509b/A71EV2A-x3509b_best-RMSD.posebusters.csv,60d66eb574c330a3970fa500ce4d6e337d20d0df9716d07f1c8dda81065f3066
A71EV2A-x5489_A_4000_0_1_A71EV2A-x0526+A+147+0+1__LIG,N#Cc1ccccc1CC(=O)N1CCC[C@H](C(N)=O)C1,C001,4,lowest-energy,poses/A71EV2A-x5489b/A71EV2A-x5489b_lowest-energy.sdf,A71EV2A-x5489b,7,0.320,0.998,-108.645,-33.880,TRUE,b7cada96a3f2fe0db5531cb2d5fd2fecf9cc8f2c8e8df2f10f2ac787d664a2c6,poses/A71EV2A-x5489b/A71EV2A-x5489b_lowest-energy.openstructure.json,bdc213101d70b2f1b545e850d905ad34aaa072ed654f4ffc7b24480d5df7b454,poses/A71EV2A-x5489b/A71EV2A-x5489b_lowest-energy.posebusters.csv,80af93e4e626dde25b61a7de5b5dec302d71c32b89b7d81734c3fba6341a5d88
A71EV2A-x5489_A_4000_0_1_A71EV2A-x0526+A+147+0+1__LIG,N#Cc1ccccc1CC(=O)N1CCC[C@H](C(N)=O)C1,C001,4,best-RMSD,poses/A71EV2A-x5489a/A71EV2A-x5489a_best-RMSD.sdf,A71EV2A-x5489a,2,0.227,1.000,-107.860,-31.610,TRUE,41a1bf83dae8fc5c43c8fb34869fd48ccb353860a6fc6a11cccbec59bf361a9e,poses/A71EV2A-x5489a/A71EV2A-x5489a_best-RMSD.openstructure.json,dbf73969b708b883aeaf49255f51e788ac0e7eddab04c9ee99ca3a5d8ba767ac,poses/A71EV2A-x5489a/A71EV2A-x5489a_best-RMSD.posebusters.csv,56f1f71bfd69ae69e17aee072ed810c06b15d7c6f3141a16ad267ae03a171590
A71EV2A-x5594_A_201_0_1_A71EV2A-x0526+A+147+0+1__LIG,N#Cc1ccncc1OC(=O)N1CCC[C@H](C(N)=O)C1,C015,4,lowest-energy,poses/A71EV2A-x5594a/A71EV2A-x5594a_lowest-energy.sdf,A71EV2A-x5594a,1,0.389,0.995,-112.321,-33.140,TRUE,0dc19f402925fc0f13e21137b0352f713d4a04839fba0b8d84430ff6c2b4e398,poses/A71EV2A-x5594a/A71EV2A-x5594a_lowest-energy.openstructure.json,f4107cc20a308213c7a1df441b1021eae98cd09d0b5f7c7b8e18913fc6f752ab,poses/A71EV2A-x5594a/A71EV2A-x5594a_lowest-energy.posebusters.csv,1dd3e0dd27b06ecf1a1f21138e502c60bbdad91204a0c877a96c38249c4c45a4
A71EV2A-x5594_A_201_0_1_A71EV2A-x0526+A+147+0+1__LIG,N#Cc1ccncc1OC(=O)N1CCC[C@H](C(N)=O)C1,C015,4,best-RMSD,poses/A71EV2A-x5594a/A71EV2A-x5594a_best-RMSD.sdf,A71EV2A-x5594a,3,0.211,1.000,-111.598,-32.790,TRUE,dc1b2c21aeaad900137a8525aeaecfa950719f78b34ccd4b937f49710f458a67,poses/A71EV2A-x5594a/A71EV2A-x5594a_best-RMSD.openstructure.json,fdab611061ba4826ef13385550c96a799f43c8eddeb738442e64427aa530ec46,poses/A71EV2A-x5594a/A71EV2A-x5594a_best-RMSD.posebusters.csv,231e8af342e34728d6a0aca133c6c8f9346e467d3ee3b9ef92f5766adc5c7aa3
A71EV2A-x5448_A_4000_0_1_A71EV2A-x0526+A+147+0+1__LIG,N#Cc1nccc(CC(=O)N2CCC[C@H](C(N)=O)C2)n1,C017,4,lowest-energy,poses/A71EV2A-x5448a/A71EV2A-x5448a_lowest-energy.sdf,A71EV2A-x5448a,8,2.128,0.809,-101.376,-31.200,TRUE,bf89175afcc82f36b733d29f0cee711b84947a98b240da79ec87c7e9028a38e0,poses/A71EV2A-x5448a/A71EV2A-x5448a_lowest-energy.openstructure.json,005e0c445503af928ef95857af95a750600f4ed893628562861d0b90bc3177c0,poses/A71EV2A-x5448a/A71EV2A-x5448a_lowest-energy.posebusters.csv,7090969b99153b8dfc0ca1ba08780029eda81a2f90fb7439eb08ddac29cfd1a9
A71EV2A-x5448_A_4000_0_1_A71EV2A-x0526+A+147+0+1__LIG,N#Cc1nccc(CC(=O)N2CCC[C@H](C(N)=O)C2)n1,C017,4,best-RMSD,poses/A71EV2A-x5448a/A71EV2A-x5448a_best-RMSD.sdf,A71EV2A-x5448a,9,0.322,0.998,-100.953,-30.210,TRUE,5a6e32bfbf2571d5da95b8e7e40309be2e75db49edd3616d6d87affd965fb677,poses/A71EV2A-x5448a/A71EV2A-x5448a_best-RMSD.openstructure.json,f4d4473ca4f7fcd59b0653fc9785c65ccd06ccada6460ffa2eb116034165e683,poses/A71EV2A-x5448a/A71EV2A-x5448a_best-RMSD.posebusters.csv,0bcb1238c4e4976d2bda7b4be1b8f96d57722037f953ecec80dfba31e66ead8d
A71EV2A-x5212_A_201_0_1_A71EV2A-x0526+A+147+0+1__LIG,N#Cc1ncncc1CC(=O)N1CCC[C@H](C(N)=O)C1,C001,4,lowest-energy,poses/A71EV2A-x5212a/A71EV2A-x5212a_lowest-energy.sdf,A71EV2A-x5212a,7,0.320,1.000,-105.803,-29.910,TRUE,f695c8bdf7745a5114e3bb17a6531c8decde522cbf3c3a3613ab78435db911be,poses/A71EV2A-x5212a/A71EV2A-x5212a_lowest-energy.openstructure.json,e2467d2b8d1b234b6aaebc7f3f9ef722d1822f3e825da2fa70cef0ed24583dd1,poses/A71EV2A-x5212a/A71EV2A-x5212a_lowest-energy.posebusters.csv,fcef25c83767adcb890d9762d0ce0338b67b3155f72dc483ce855214bb2d6d2a
A71EV2A-x5212_A_201_0_1_A71EV2A-x0526+A+147+0+1__LIG,N#Cc1ncncc1CC(=O)N1CCC[C@H](C(N)=O)C1,C001,4,best-RMSD,poses/A71EV2A-x5212a/A71EV2A-x5212a_best-RMSD.sdf,A71EV2A-x5212a,2,0.221,1.000,-105.669,-29.790,TRUE,880341a46d8dda1f0bbf384e19545229b2230a22eca79b29f951b053638d1e25,poses/A71EV2A-x5212a/A71EV2A-x5212a_best-RMSD.openstructure.json,bbb6834ac34f81653802f9d2454ec90ea65868c9e6ea6a67919b71696ca7c1c8,poses/A71EV2A-x5212a/A71EV2A-x5212a_best-RMSD.posebusters.csv,a72c5a70db8e7b679880d59285553336fb2619abb98b167c66ffb1d90f71df08
A71EV2A-x3450_A_201_0_1_A71EV2A-x0526+A+147+0+1__LIG,N#Cc1sccc1CC(=O)N1CCC[C@H](C(N)=O)C1,C001,4,lowest-energy,poses/A71EV2A-x3450a/A71EV2A-x3450a_lowest-energy.sdf,A71EV2A-x3450a,3,0.377,0.993,-97.787,-33.310,TRUE,172189a57394971118725a5cb914328a0a3c1c86e40463d7683689aad1e9a376,poses/A71EV2A-x3450a/A71EV2A-x3450a_lowest-energy.openstructure.json,2ff1d2e0b54a028e930365e60380c21fa67ded0583700148f5e86c0590300383,poses/A71EV2A-x3450a/A71EV2A-x3450a_lowest-energy.posebusters.csv,032ce654579c9a80ec5c7061c7062b75b9bfe9ebe18d651c4cad8982161f79a5
A71EV2A-x3450_A_201_0_1_A71EV2A-x0526+A+147+0+1__LIG,N#Cc1sccc1CC(=O)N1CCC[C@H](C(N)=O)C1,C001,4,best-RMSD,poses/A71EV2A-x3450a/A71EV2A-x3450a_best-RMSD.sdf,A71EV2A-x3450a,9,0.320,1.000,-95.439,-33.320,TRUE,c00e0f9c975f208eaae31fb7a87b5715fc50d2d62496b274d6aac65ceb96a07f,poses/A71EV2A-x3450a/A71EV2A-x3450a_best-RMSD.openstructure.json,f4f0397b80577d4938f4f908a173c59d7455be33d634d3fb5fab8fe9a97d3ab9,poses/A71EV2A-x3450a/A71EV2A-x3450a_best-RMSD.posebusters.csv,eec5f099c3cf15d27fd13e845df978692698756c74a38cf6ca7466a5bd1dc993
A71EV2A-x5409_A_4001_A_1_A71EV2A-x0526+A+147+0+1_ALIG,NC(=O)CC1CCN(C(=O)c2cccc(F)c2)CC1,C079,4,lowest-energy,poses/A71EV2A-x5409b/A71EV2A-x5409b_lowest-energy.sdf,A71EV2A-x5409b,9,0.378,0.996,-86.137,-34.590,TRUE,15d83b85f349c36c3aca77c3f3b7c88d25e7a25484217264909f29bac833f045,poses/A71EV2A-x5409b/A71EV2A-x5409b_lowest-energy.openstructure.json,d54be834775491a8ce1ef8fa7855379e121ce5d56c15f3791cbe20ae913b3e82,poses/A71EV2A-x5409b/A71EV2A-x5409b_lowest-energy.posebusters.csv,ef40470fa03035be417c5a246d634519691e7961ce2771073992ac056e953c59
A71EV2A-x5409_A_4001_A_1_A71EV2A-x0526+A+147+0+1_ALIG,NC(=O)CC1CCN(C(=O)c2cccc(F)c2)CC1,C079,4,best-RMSD,poses/A71EV2A-x5409a/A71EV2A-x5409a_best-RMSD.sdf,A71EV2A-x5409a,8,0.333,0.993,-81.185,-28.940,TRUE,d958293c359f5a8b931232ea39b18efd1c8dbb0de5805fd3732a742051aedc01,poses/A71EV2A-x5409a/A71EV2A-x5409a_best-RMSD.openstructure.json,b1e931b8a2545f29d330e3ad289d5b835beb592a3db922e487f58ceb0ea2c962,poses/A71EV2A-x5409a/A71EV2A-x5409a_best-RMSD.posebusters.csv,f8acbb003afd1596ca6b48bb2f0992b8c12bce1c9ab13f041c5c5d0ae2d99553
A71EV2A-x4351_A_201_0_1_A71EV2A-x0526+A+147+0+1__LIG,NC(=O)C[C@H]1CCCN(c2ncnc3ccccc23)C1,C080,3,lowest-energy,poses/A71EV2A-x4351a/A71EV2A-x4351a_lowest-energy.sdf,A71EV2A-x4351a,8,0.637,0.954,-67.383,-29.530,TRUE,13d52155638fdacf84e47e04448fd216675b15f61a82078e8ec52dc6829bca2c,poses/A71EV2A-x4351a/A71EV2A-x4351a_lowest-energy.openstructure.json,2983de0fab7341b3098d04a12b786ba93f5b3706bf51c091e7d425dd52cd564b,poses/A71EV2A-x4351a/A71EV2A-x4351a_lowest-energy.posebusters.csv,e2241505353ae9f48981bdbfccfe3990d6d458901308b847c098bb85c6c53ca2
A71EV2A-x4351_A_201_0_1_A71EV2A-x0526+A+147+0+1__LIG,NC(=O)C[C@H]1CCCN(c2ncnc3ccccc23)C1,C080,3,best-RMSD,poses/A71EV2A-x4351a/A71EV2A-x4351a_best-RMSD.sdf,A71EV2A-x4351a,1,0.614,0.957,-67.330,-30.510,TRUE,118565c07be6cdb998a644af76b6d24ce17c716a9cbd7df7745a6d3c27563ade,poses/A71EV2A-x4351a/A71EV2A-x4351a_best-RMSD.openstructure.json,e7bc14abd0a529999b46cd43e9e7efcd47a717f4a7604f99a161911878ab3493,poses/A71EV2A-x4351a/A71EV2A-x4351a_best-RMSD.posebusters.csv,e4eee8598d9dc12af2a953d165679079cf38b045f80952e2ccf2ddce335cd79a
A71EV2A-x5052_A_201_0_1_A71EV2A-x0526+A+147+0+1__LIG,NC(=O)[C@@H]1CCC(=O)N([C@@H]2CCCc3ccccc32)C1,C013,2,lowest-energy,poses/A71EV2A-x5052a/A71EV2A-x5052a_lowest-energy.sdf,A71EV2A-x5052a,10,0.325,0.997,-104.302,-33.320,TRUE,27ea931bafdb5fe27766f09edbff3b0483d4b17732ac9df562858b31768d53c3,poses/A71EV2A-x5052a/A71EV2A-x5052a_lowest-energy.openstructure.json,643cbdf9087e7401d4404e5c9b98917ae3d54a025da7379ce78eec455bf8c451,poses/A71EV2A-x5052a/A71EV2A-x5052a_lowest-energy.posebusters.csv,348fe0dc5e71e50ceeac2d36347622ec0e0b455fa5dffe2a7830034c5be0c7d9
A71EV2A-x5052_A_201_0_1_A71EV2A-x0526+A+147+0+1__LIG,NC(=O)[C@@H]1CCC(=O)N([C@@H]2CCCc3ccccc32)C1,C013,2,best-RMSD,poses/A71EV2A-x5052a/A71EV2A-x5052a_best-RMSD.sdf,A71EV2A-x5052a,3,0.209,1.000,-103.842,-33.410,TRUE,0f0864f9a3b2ea278e3a9c21a9c1821a487b6e1c04b4d0bad99519b0626ea5fb,poses/A71EV2A-x5052a/A71EV2A-x5052a_best-RMSD.openstructure.json,6e6c95652e8279720eb9d89479fa50be6a8f44b1a9653ddd90655064e87f3b29,poses/A71EV2A-x5052a/A71EV2A-x5052a_best-RMSD.posebusters.csv,c1f839352a696ad2059817cf2659599519a9f8092f38831951ffd277a0ab29aa
A71EV2A-x4312_A_201_0_1_A71EV2A-x0526+A+147+0+1__LIG,NC(=O)[C@H]1CC(=O)N(Cc2cccc3c2OCC3)C1,C081,3,lowest-energy,poses/A71EV2A-x4312a/A71EV2A-x4312a_lowest-energy.sdf,A71EV2A-x4312a,10,0.330,0.992,-90.047,-32.900,TRUE,619c4fa7b8236320b50bbbefc780133928c612cd5fdcc0ef6c3fd9d64ba19607,poses/A71EV2A-x4312a/A71EV2A-x4312a_lowest-energy.openstructure.json,8d754efc319a6d2bfbe3362c7c7beb7e3a44a11be7b8c82c6ab9e0bc884cb6ca,poses/A71EV2A-x4312a/A71EV2A-x4312a_lowest-energy.posebusters.csv,83e491e09f53f97b31153e54e38fb324c0489c571ec205106ddcf1c5bf3259f6
A71EV2A-x4312_A_201_0_1_A71EV2A-x0526+A+147+0+1__LIG,NC(=O)[C@H]1CC(=O)N(Cc2cccc3c2OCC3)C1,C081,3,best-RMSD,poses/A71EV2A-x4312a/A71EV2A-x4312a_best-RMSD.sdf,A71EV2A-x4312a,3,0.302,0.994,-88.921,-32.130,TRUE,01e21966b1326cc75cabb022d3244400449da797e2dc9cb3a3e4189d90636098,poses/A71EV2A-x4312a/A71EV2A-x4312a_best-RMSD.openstructure.json,f70f41322ba0aea5bf9249c6515de2ba44d8186e5bc16a92e42606e3d48c784e,poses/A71EV2A-x4312a/A71EV2A-x4312a_best-RMSD.posebusters.csv,1b638ae07d73042d1318b4d0d53ca0a800396b53fdf8138e6044876bdaece6ad
A71EV2A-x4409_A_201_0_1_A71EV2A-x0526+A+147+0+1__LIG,NC(=O)[C@H]1CCC(=O)N(C[C@H]2CCOc3ccccc32)C1,C082,3,lowest-energy,poses/A71EV2A-x4409a/A71EV2A-x4409a_lowest-energy.sdf,A71EV2A-x4409a,10,0.570,0.969,-95.978,-30.570,TRUE,587c1d47b176808fd0b15ded570d2bf443b128c2c9f952a21255b0af375f31d2,poses/A71EV2A-x4409a/A71EV2A-x4409a_lowest-energy.openstructure.json,b3f7d4349c79249dd96ae1c6ba9d3fc5ea22f8c72a5cbf4350c101de44ccda0f,poses/A71EV2A-x4409a/A71EV2A-x4409a_lowest-energy.posebusters.csv,54cd7b4bd4a13f297544f1c8728773d8fb8758b00e0a9da0be12b90f35935c9b
A71EV2A-x4409_A_201_0_1_A71EV2A-x0526+A+147+0+1__LIG,NC(=O)[C@H]1CCC(=O)N(C[C@H]2CCOc3ccccc32)C1,C082,3,best-RMSD,poses/A71EV2A-x4409a/A71EV2A-x4409a_best-RMSD.sdf,A71EV2A-x4409a,10,0.570,0.969,-95.978,-30.570,TRUE,879441df7becd6ae401884e030b64efd92cafa0f63fbfdb3675f2ab09fe2f2d0,poses/A71EV2A-x4409a/A71EV2A-x4409a_best-RMSD.openstructure.json,b3f7d4349c79249dd96ae1c6ba9d3fc5ea22f8c72a5cbf4350c101de44ccda0f,poses/A71EV2A-x4409a/A71EV2A-x4409a_best-RMSD.posebusters.csv,54cd7b4bd4a13f297544f1c8728773d8fb8758b00e0a9da0be12b90f35935c9b
A71EV2A-x4420_A_201_0_1_A71EV2A-x0526+A+147+0+1__LIG,NC(=O)[C@H]1CCC(=O)N(Cc2cc(Cl)c3c[nH]nc3c2)C1,C083,3,lowest-energy,poses/A71EV2A-x4420a/A71EV2A-x4420a_lowest-energy.sdf,A71EV2A-x4420a,6,2.271,0.778,-84.127,-26.940,TRUE,9a699088b1ecac799424638ecb20441263ba4480dd366fd5e45f9e41b15424a5,poses/A71EV2A-x4420a/A71EV2A-x4420a_lowest-energy.openstructure.json,bea25dbbf4433cec96ba84f4318ca6afae9a99a6707e13a8950dabb7062664f3,poses/A71EV2A-x4420a/A71EV2A-x4420a_lowest-energy.posebusters.csv,e3e9c3f51efe22e4b73b79091fd12ec9a00f681dd8596710e3abfd2e846995ce
A71EV2A-x4420_A_201_0_1_A71EV2A-x0526+A+147+0+1__LIG,NC(=O)[C@H]1CCC(=O)N(Cc2cc(Cl)c3c[nH]nc3c2)C1,C083,3,best-RMSD,poses/A71EV2A-x4420a/A71EV2A-x4420a_best-RMSD.sdf,A71EV2A-x4420a,7,0.551,0.967,-82.201,-26.480,TRUE,a7de5fd27fc4b6d1b9b46b11315d8cf5ab4326ec0954cc266f1f6ba3e902cf8e,poses/A71EV2A-x4420a/A71EV2A-x4420a_best-RMSD.openstructure.json,fbd9ca31df4a05e69204dd0bf8dc6c2996d22d7cdbd64e37dfa968b3fb163580,poses/A71EV2A-x4420a/A71EV2A-x4420a_best-RMSD.posebusters.csv,3006ad7a54c0a0a1592a76ae0a03d68eef7d2c715490dfe858fb128e2d42d8b5
A71EV2A-x5635_A_4000_0_1_A71EV2A-x0526+A+147+0+1__LIG,NC(=O)[C@H]1CCC(=O)N(Cc2cc(F)cnc2C(F)(F)F)C1,C004,4,lowest-energy,poses/A71EV2A-x5635a/A71EV2A-x5635a_lowest-energy.sdf,A71EV2A-x5635a,8,0.203,0.999,-100.554,-34.530,TRUE,843e11ca1ba50e1ea063780d346fb6167387a21d92bf771200c7b988dbe4469d,poses/A71EV2A-x5635a/A71EV2A-x5635a_lowest-energy.openstructure.json,d2681183e484f591b65a5406879fcb0bc251a1a9e31aa9c43f9ec1c32f285435,poses/A71EV2A-x5635a/A71EV2A-x5635a_lowest-energy.posebusters.csv,45d49379c2fcf7fea47a146196c2c166a1cfc385572e24635cb77b3672f4f731
A71EV2A-x5635_A_4000_0_1_A71EV2A-x0526+A+147+0+1__LIG,NC(=O)[C@H]1CCC(=O)N(Cc2cc(F)cnc2C(F)(F)F)C1,C004,4,best-RMSD,poses/A71EV2A-x5635a/A71EV2A-x5635a_best-RMSD.sdf,A71EV2A-x5635a,4,0.159,1.000,-100.266,-33.540,TRUE,69b97732c9cc8e985614a80a65c56c0081ef8ea85f137b9084fdc1c70b162d65,poses/A71EV2A-x5635a/A71EV2A-x5635a_best-RMSD.openstructure.json,e9c905af5bdf49b1868c91427d5ec6268067e208abfdf9428f9ea86e8f2ba595,poses/A71EV2A-x5635a/A71EV2A-x5635a_best-RMSD.posebusters.csv,4a4a681f0724b1d54b79ac197a90f0443f0bfd5a569ef109e2c87c8dfa84db13
A71EV2A-x4880_A_201_0_1_A71EV2A-x0526+A+147+0+1__LIG,NC(=O)[C@H]1CCC(=O)N(Cc2ccc3[nH]ccc3c2)C1,C004,3,lowest-energy,poses/A71EV2A-x4880a/A71EV2A-x4880a_lowest-energy.sdf,A71EV2A-x4880a,1,1.813,0.830,-87.872,-38.650,TRUE,a9d218e65330f19e061f98372f5f81e52b88931647e50ef9aad1a6ccaad11518,poses/A71EV2A-x4880a/A71EV2A-x4880a_lowest-energy.openstructure.json,624ec7b150a8faa1997eb4a032ab34d3a7d497be9df64ecc4e45f44a61398f4b,poses/A71EV2A-x4880a/A71EV2A-x4880a_lowest-energy.posebusters.csv,55f1d664b28293b05af328a7ba3d2d805852193430fd32cd0f50ff2e2d4fcc75
A71EV2A-x4880_A_201_0_1_A71EV2A-x0526+A+147+0+1__LIG,NC(=O)[C@H]1CCC(=O)N(Cc2ccc3[nH]ccc3c2)C1,C004,3,best-RMSD,poses/A71EV2A-x4880a/A71EV2A-x4880a_best-RMSD.sdf,A71EV2A-x4880a,5,0.245,1.000,-85.787,-37.020,TRUE,c3c3ef581dfd17a869de582e730e0e25032b52859cd7478327c6ee47061bb1fd,poses/A71EV2A-x4880a/A71EV2A-x4880a_best-RMSD.openstructure.json,2e2a779030d678963c1cd9ce3ae6428da08894267aee831abe824edc9128bd5c,poses/A71EV2A-x4880a/A71EV2A-x4880a_best-RMSD.posebusters.csv,f1eb5e7d1ca01f4dce18c1bf744870de3313b6dbe66a0d8a3f3ad3ea6f93db7c
A71EV2A-x4596_A_201_0_1_A71EV2A-x0526+A+147+0+1__LIG,NC(=O)[C@H]1CCC(=O)N(Cc2ccc3cc[nH]c3c2)C1,C004,3,lowest-energy,poses/A71EV2A-x4596a/A71EV2A-x4596a_lowest-energy.sdf,A71EV2A-x4596a,3,1.697,0.847,-81.375,-33.630,TRUE,533706e2f734f2eaf20ad92123b7a157c41d8ba49aba16b08b4c287eb672de8e,poses/A71EV2A-x4596a/A71EV2A-x4596a_lowest-energy.openstructure.json,d3ebe6f0d896880a61d8aa17471d6c1ec824e1b7cb4d5c74444bb9645fc85a2e,poses/A71EV2A-x4596a/A71EV2A-x4596a_lowest-energy.posebusters.csv,2574334295f36b33a72f116543ae7b6d693975b5681b528dd1595bac737fd91c
A71EV2A-x4596_A_201_0_1_A71EV2A-x0526+A+147+0+1__LIG,NC(=O)[C@H]1CCC(=O)N(Cc2ccc3cc[nH]c3c2)C1,C004,3,best-RMSD,poses/A71EV2A-x4596a/A71EV2A-x4596a_best-RMSD.sdf,A71EV2A-x4596a,2,0.331,0.992,-77.215,-31.970,TRUE,9ec2d0ebd652e8e6dab2841bd3b1e616695324ac06ad0e6bfde5849e4429083d,poses/A71EV2A-x4596a/A71EV2A-x4596a_best-RMSD.openstructure.json,19295275c4bb5bdaa5708d201b15fcca1dc044cbe9641cf2b53486120b7b1297,poses/A71EV2A-x4596a/A71EV2A-x4596a_best-RMSD.posebusters.csv,d01d7ceaa08ae0feb1a724e80024ecb03127cde39e60ae1e8efd231502d43b07
A71EV2A-x4921_A_201_0_1_A71EV2A-x0526+A+147+0+1__LIG,NC(=O)[C@H]1CCC(=O)N(Cc2cccc(Cl)c2)C1,C004,3,lowest-energy,poses/A71EV2A-x4921a/A71EV2A-x4921a_lowest-energy.sdf,A71EV2A-x4921a,9,0.209,1.000,-105.040,-33.150,TRUE,af6eb1a3784f42ce80ec994a507dd53e0cfacf0b41bb6a5174ac64e97601ade0,poses/A71EV2A-x4921a/A71EV2A-x4921a_lowest-energy.openstructure.json,79b613e107c78833b15b603befe406c5604ddb62e07136d066004b0a8f53bf9e,poses/A71EV2A-x4921a/A71EV2A-x4921a_lowest-energy.posebusters.csv,3e0be6bb23f6679b911e200c2f73dd3a0bee158d93d33c7913cff44a6be72e04
A71EV2A-x4921_A_201_0_1_A71EV2A-x0526+A+147+0+1__LIG,NC(=O)[C@H]1CCC(=O)N(Cc2cccc(Cl)c2)C1,C004,3,best-RMSD,poses/A71EV2A-x4921a/A71EV2A-x4921a_best-RMSD.sdf,A71EV2A-x4921a,7,0.156,1.000,-104.560,-32.480,TRUE,92a8808f0ef778573b1b444526d8f2552e4eedef48a2684837d06a82a071ea83,poses/A71EV2A-x4921a/A71EV2A-x4921a_best-RMSD.openstructure.json,cc458c7b7c6d9838fe83f5f1742b7dfcb1fd5691b63bf086f2bbe2a61e524331,poses/A71EV2A-x4921a/A71EV2A-x4921a_best-RMSD.posebusters.csv,1f1670e9dafe4865575655cd01b619916cea72b249ae03b464af8c829bdfa991
A71EV2A-x4924_A_4000_0_1_A71EV2A-x0526+A+147+0+1__LIG,NC(=O)[C@H]1CCC(=O)N(Cc2cccc(F)c2)C1,C004,3,lowest-energy,poses/A71EV2A-x4924a/A71EV2A-x4924a_lowest-energy.sdf,A71EV2A-x4924a,9,1.590,0.853,-98.337,-31.160,TRUE,39114ded8c93da42d26dd0115a83fe14cf195f91c904ad56ab7bbb1e4c3dd4dc,poses/A71EV2A-x4924a/A71EV2A-x4924a_lowest-energy.openstructure.json,89b858a337e2ee76df9268ba3c2b1789451d65385821541a744c08a9d339fee9,poses/A71EV2A-x4924a/A71EV2A-x4924a_lowest-energy.posebusters.csv,c7d28add74707447013fdb8d1dd05713fa5624f165b22ac68c1c47295edcbfe6
A71EV2A-x4924_A_4000_0_1_A71EV2A-x0526+A+147+0+1__LIG,NC(=O)[C@H]1CCC(=O)N(Cc2cccc(F)c2)C1,C004,3,best-RMSD,poses/A71EV2A-x4924a/A71EV2A-x4924a_best-RMSD.sdf,A71EV2A-x4924a,4,0.347,0.999,-97.622,-32.170,TRUE,c07271ffd6aecb8b47adc5d77166f96c0337807838aa1739b427feec4c125d5c,poses/A71EV2A-x4924a/A71EV2A-x4924a_best-RMSD.openstructure.json,6ff444acacabc93932e6fafccabad80076b11555169d37cb38b22af6bb8d3fee,poses/A71EV2A-x4924a/A71EV2A-x4924a_best-RMSD.posebusters.csv,adac4deafef0b5ec740112a74b9e5fcdccfc7ce5e25f31e90e95e1ef17f0674d
A71EV2A-x4847_A_201_0_1_A71EV2A-x0526+A+147+0+1__LIG,NC(=O)[C@H]1CCC(=O)N(Cc2cccc3[nH]ccc23)C1,C004,3,lowest-energy,poses/A71EV2A-x4847a/A71EV2A-x4847a_lowest-energy.sdf,A71EV2A-x4847a,1,0.210,1.000,-92.827,-36.220,TRUE,9df3164cd5778e16c29b2622cc1e9c59edfbb5b7fdc0024289221e440b06812a,poses/A71EV2A-x4847a/A71EV2A-x4847a_lowest-energy.openstructure.json,391df1607a53ee6acd46cd2f1237d941b07879c60c95a7739b0494642563b401,poses/A71EV2A-x4847a/A71EV2A-x4847a_lowest-energy.posebusters.csv,6786d3ae564ed4c3979217e66a1f94e2ec1a8595eecfd578650fec448a4d2dfe
A71EV2A-x4847_A_201_0_1_A71EV2A-x0526+A+147+0+1__LIG,NC(=O)[C@H]1CCC(=O)N(Cc2cccc3[nH]ccc23)C1,C004,3,best-RMSD,poses/A71EV2A-x4847a/A71EV2A-x4847a_best-RMSD.sdf,A71EV2A-x4847a,1,0.210,1.000,-92.827,-36.220,TRUE,29752f91eb13207d1331f172a325a88778475eab6730fd61adb76655916ea037,poses/A71EV2A-x4847a/A71EV2A-x4847a_best-RMSD.openstructure.json,391df1607a53ee6acd46cd2f1237d941b07879c60c95a7739b0494642563b401,poses/A71EV2A-x4847a/A71EV2A-x4847a_best-RMSD.posebusters.csv,6786d3ae564ed4c3979217e66a1f94e2ec1a8595eecfd578650fec448a4d2dfe
A71EV2A-x4324_A_201_0_1_A71EV2A-x0526+A+147+0+1__LIG,NC(=O)[C@H]1CCC(=O)N(Cc2cccc3c2OCC3)C1,C004,3,lowest-energy,poses/A71EV2A-x4324a/A71EV2A-x4324a_lowest-energy.sdf,A71EV2A-x4324a,10,0.286,1.000,-99.947,-32.570,TRUE,72d4f64bf2776853219af13b37d4b3c5ef1efbe5f446f8f2f80183b2ee596eff,poses/A71EV2A-x4324a/A71EV2A-x4324a_lowest-energy.openstructure.json,1824c4a310df2ebc16cb173521401bf946f6f5bb3fcddf7de63c2458d5d10509,poses/A71EV2A-x4324a/A71EV2A-x4324a_lowest-energy.posebusters.csv,088a623dc82974179aaeae05cb797b7d0483902b9d3e4542e7a0153c479a7df4
A71EV2A-x4324_A_201_0_1_A71EV2A-x0526+A+147+0+1__LIG,NC(=O)[C@H]1CCC(=O)N(Cc2cccc3c2OCC3)C1,C004,3,best-RMSD,poses/A71EV2A-x4324a/A71EV2A-x4324a_best-RMSD.sdf,A71EV2A-x4324a,4,0.212,1.000,-97.725,-32.250,TRUE,29bea3972dbf4cf45106ab8f91dac712615ace81b7d5881c921e6ae4be507948,poses/A71EV2A-x4324a/A71EV2A-x4324a_best-RMSD.openstructure.json,944f5063dcb1eea25b4f18feb6035e32e2ec045213e12b2850859a90fb931f4e,poses/A71EV2A-x4324a/A71EV2A-x4324a_best-RMSD.posebusters.csv,269ddae4ef0294b488f360b06a9f7f77637af50741f3af41bdd8859fe3a8de99
A71EV2A-x4315_A_201_0_1_A71EV2A-x0526+A+147+0+1__LIG,NC(=O)[C@H]1CCC(=O)N(Cc2cccc3c2OCO3)C1,C004,3,lowest-energy,poses/A71EV2A-x4315a/A71EV2A-x4315a_lowest-energy.sdf,A71EV2A-x4315a,2,0.357,0.994,-96.307,-35.020,TRUE,822d953c4b3be547e9f7f01b30d748b41e4d002887fc8976ab887234a9bc481c,poses/A71EV2A-x4315a/A71EV2A-x4315a_lowest-energy.openstructure.json,e558806eea54d3e2681b8ae59d5756947b9097678f6d276bd522f71b0807705f,poses/A71EV2A-x4315a/A71EV2A-x4315a_lowest-energy.posebusters.csv,6167bd1e9d3b7a056895944d8510ce5c226c9906411dcd4adcb6deb3063e9c02
A71EV2A-x4315_A_201_0_1_A71EV2A-x0526+A+147+0+1__LIG,NC(=O)[C@H]1CCC(=O)N(Cc2cccc3c2OCO3)C1,C004,3,best-RMSD,poses/A71EV2A-x4315a/A71EV2A-x4315a_best-RMSD.sdf,A71EV2A-x4315a,4,0.305,1.000,-96.010,-34.590,TRUE,94bb749da3a98694a75acc9b20da172d9e6278b3950a532655358c7209dbea44,poses/A71EV2A-x4315a/A71EV2A-x4315a_best-RMSD.openstructure.json,8fc33fe9580133c7b9b0d27bc9455c4aa82148c51e337bdc573f96f82080ac28,poses/A71EV2A-x4315a/A71EV2A-x4315a_best-RMSD.posebusters.csv,a3ac4e4973a3edb32507d41a72afa97751849f109e2e32e614b863799df849f2
A71EV2A-x4490_A_201_0_1_A71EV2A-x0526+A+147+0+1__LIG,NC(=O)[C@H]1CCC(=O)N(Cc2cccc3cc[nH]c23)C1,C004,3,lowest-energy,poses/A71EV2A-x4546a/A71EV2A-x4546a_lowest-energy.sdf,A71EV2A-x4546a,10,0.375,0.997,-71.967,-31.010,TRUE,39525ad53925c7461b394bff0d6db5d88109a439592547d7f7356da99bcace4d,poses/A71EV2A-x4546a/A71EV2A-x4546a_lowest-energy.openstructure.json,a0cf17908435c2f718d88aa5dd0db27b6e2f30c550621314a5a70a10c4b5ee01,poses/A71EV2A-x4546a/A71EV2A-x4546a_lowest-energy.posebusters.csv,f4073bb07dce233a4253c121623fddfd702bae6da1f351b06a3322c28370fbad
A71EV2A-x4490_A_201_0_1_A71EV2A-x0526+A+147+0+1__LIG,NC(=O)[C@H]1CCC(=O)N(Cc2cccc3cc[nH]c23)C1,C004,3,best-RMSD,poses/A71EV2A-x4546a/A71EV2A-x4546a_best-RMSD.sdf,A71EV2A-x4546a,6,0.286,1.000,-71.852,-30.970,TRUE,13a91b6c8cf9377855605f310b3aa2c973e086dc97ac2bbaa2bf82fa5eb27e5f,poses/A71EV2A-x4546a/A71EV2A-x4546a_best-RMSD.openstructure.json,97597e4ad3608dba0d591448868dab8da1424ea053fb9efecc1b32fc63e3a1ca,poses/A71EV2A-x4546a/A71EV2A-x4546a_best-RMSD.posebusters.csv,5dbc2f0df0362b11fc712e26567ebc291eb4dc836a9d641ab71908f396f58fd8
A71EV2A-x4934_A_201_0_1_A71EV2A-x0526+A+147+0+1__LIG,NC(=O)[C@H]1CCC(=O)N(Cc2ccccc2-c2cccnc2)C1,C004,4,lowest-energy,poses/A71EV2A-x4934a/A71EV2A-x4934a_lowest-energy.sdf,A71EV2A-x4934a,6,0.343,1.000,-100.983,-35.410,TRUE,06265cf5ddf70b1ce588f448ed6710ff7b2d9dfced897df47bac6cda1dec6ae3,poses/A71EV2A-x4934a/A71EV2A-x4934a_lowest-energy.openstructure.json,a0926e663d7ac57d159ae81907effb69043039921b99e04939b99a7f5a826c18,poses/A71EV2A-x4934a/A71EV2A-x4934a_lowest-energy.posebusters.csv,9db7736822f062eaaae192c494baecfc4c5f2c8c1082165d1d12b04325b52132
A71EV2A-x4934_A_201_0_1_A71EV2A-x0526+A+147+0+1__LIG,NC(=O)[C@H]1CCC(=O)N(Cc2ccccc2-c2cccnc2)C1,C004,4,best-RMSD,poses/A71EV2A-x4934a/A71EV2A-x4934a_best-RMSD.sdf,A71EV2A-x4934a,9,0.208,1.000,-99.414,-34.590,TRUE,6ccae5386ea9a7a08ba4f4d41566d5dbb74e788cc4eeee9e885d4628a0de756b,poses/A71EV2A-x4934a/A71EV2A-x4934a_best-RMSD.openstructure.json,414727f728e0188095348dbb24ccf03bb72a4a300b040c8e129c85afcfdd28c5,poses/A71EV2A-x4934a/A71EV2A-x4934a_best-RMSD.posebusters.csv,018e4e6d6a8aac48fb9da236c03a6641f86cfb7a92071b0269e9e1e6d1e4ba39
A71EV2A-x5608_A_201_0_1_A71EV2A-x0526+A+147+0+1__LIG,NC(=O)[C@H]1CCC(=O)N(Cc2ccsc2)C1,C004,3,lowest-energy,poses/A71EV2A-x5608a/A71EV2A-x5608a_lowest-energy.sdf,A71EV2A-x5608a,10,0.359,1.000,-100.115,-32.420,TRUE,924b346de4dff94a681458794d0c412b096f0157623aad8a86c33b7f640dc802,poses/A71EV2A-x5608a/A71EV2A-x5608a_lowest-energy.openstructure.json,44fa4ccd71bd505565f99459479359874638c56be14e233cf05ad72f72473b94,poses/A71EV2A-x5608a/A71EV2A-x5608a_lowest-energy.posebusters.csv,bb0d4d58ddbe747979f9f207cfd96a6abd65d2c276925fe344147f28e9ffabaa
A71EV2A-x5608_A_201_0_1_A71EV2A-x0526+A+147+0+1__LIG,NC(=O)[C@H]1CCC(=O)N(Cc2ccsc2)C1,C004,3,best-RMSD,poses/A71EV2A-x5608a/A71EV2A-x5608a_best-RMSD.sdf,A71EV2A-x5608a,2,0.178,1.000,-99.116,-30.430,TRUE,b18ef0ecda9418e818e8848fd5a66e6bd2ed1ac04ca060548b57a9ed3f562e85,poses/A71EV2A-x5608a/A71EV2A-x5608a_best-RMSD.openstructure.json,fd017ede8d8d34423c5c23332e20dc7646b86ead7f4ab2ba57132162728cfcc3,poses/A71EV2A-x5608a/A71EV2A-x5608a_best-RMSD.posebusters.csv,229f7349eeed7795c296842bbac85b657ef148be0befb00f9da6f5f43fca558b
A71EV2A-x4537_A_201_0_1_A71EV2A-x0526+A+147+0+1__LIG,NC(=O)[C@H]1CCC(=O)N(Cc2csc3ccccc23)C1,C004,3,lowest-energy,poses/A71EV2A-x4537a/A71EV2A-x4537a_lowest-energy.sdf,A71EV2A-x4537a,10,0.739,0.931,-100.262,-29.600,TRUE,17e118939b83277a565cd4b36fd30ea5ef7cc6d0743312394f1014a919294e1a,poses/A71EV2A-x4537a/A71EV2A-x4537a_lowest-energy.openstructure.json,022b98d3bceb55bd56687d7262d1e64c01d226c8df9ffe1b63db920b8f76f5fa,poses/A71EV2A-x4537a/A71EV2A-x4537a_lowest-energy.posebusters.csv,a56430c9e7dd355c2ee5eec331023917e57a89b0dfbfbeb990ed36d8911e596b
A71EV2A-x4537_A_201_0_1_A71EV2A-x0526+A+147+0+1__LIG,NC(=O)[C@H]1CCC(=O)N(Cc2csc3ccccc23)C1,C004,3,best-RMSD,poses/A71EV2A-x4537a/A71EV2A-x4537a_best-RMSD.sdf,A71EV2A-x4537a,1,0.739,0.929,-99.208,-29.320,TRUE,c4a001165c43f653f6386f8ee42722e4ecdad9902780edaa4cce9de107c3112e,poses/A71EV2A-x4537a/A71EV2A-x4537a_best-RMSD.openstructure.json,adcfcb7ff42fbdb7f30b1598766446cff6bf33037fdcdd77ee7538b1eda554e6,poses/A71EV2A-x4537a/A71EV2A-x4537a_best-RMSD.posebusters.csv,3d69fa936542c418c3907e3f696f791d219e437eff3b64248f5b1f81666e37b0
A71EV2A-x4611_A_201_0_1_A71EV2A-x0526+A+147+0+1__LIG,NC(=O)[C@H]1CCC(=O)N(Cc2noc3ccccc23)C1,C004,3,lowest-energy,poses/A71EV2A-x4611a/A71EV2A-x4611a_lowest-energy.sdf,A71EV2A-x4611a,8,1.925,0.829,-94.781,-31.350,TRUE,5c7b0801f49e9a31b34f95a9bb452e9b537752be80de7dcfff6e3bd375463813,poses/A71EV2A-x4611a/A71EV2A-x4611a_lowest-energy.openstructure.json,fb0a8e05b9acba758550c8fd5c716fa71c002120e8b33986d4d93a901cdda4f7,poses/A71EV2A-x4611a/A71EV2A-x4611a_lowest-energy.posebusters.csv,b9994d702b5e1dd5cfe262affeb365dff2d5ea2cbd01e2d32e194fd010a46f4e
A71EV2A-x4611_A_201_0_1_A71EV2A-x0526+A+147+0+1__LIG,NC(=O)[C@H]1CCC(=O)N(Cc2noc3ccccc23)C1,C004,3,best-RMSD,poses/A71EV2A-x4611a/A71EV2A-x4611a_best-RMSD.sdf,A71EV2A-x4611a,7,0.279,1.000,-92.733,-35.380,TRUE,f14c7672b504671d42226cb0c48f410e3f94132bd459f86317774b745918255f,poses/A71EV2A-x4611a/A71EV2A-x4611a_best-RMSD.openstructure.json,74af1c9935a1c34cd4b07cdb597932d3904eedbdb57aa08c42244d94d5eed4b5,poses/A71EV2A-x4611a/A71EV2A-x4611a_best-RMSD.posebusters.csv,9ab8ce1620d2a27f8df1a088f161420126083d1ca784adadb2cb85c2d9cd26ae
A71EV2A-x5665_A_4000_0_1_A71EV2A-x0526+A+147+0+1__LIG,NC(=O)[C@H]1CCC(=O)N([C@@H](CC(F)(F)F)c2cc(Cl)cc(Cl)c2)C1,C016,5,lowest-energy,poses/A71EV2A-x5665a/A71EV2A-x5665a_lowest-energy.sdf,A71EV2A-x5665a,10,0.560,0.969,-106.649,-29.310,TRUE,1a36c85d53f8d84f1c0c85f01070ceec8985a558112171786cbf0e7321b1ca49,poses/A71EV2A-x5665a/A71EV2A-x5665a_lowest-energy.openstructure.json,34ab92d5da4f5d3da7015db5fd460381076ed57075650a81ad641b5e7468cf47,poses/A71EV2A-x5665a/A71EV2A-x5665a_lowest-energy.posebusters.csv,eb6293293fe543bf5d86d8916b48320b1d3b72df2ae6baf5812fa5d159b50aab
A71EV2A-x5665_A_4000_0_1_A71EV2A-x0526+A+147+0+1__LIG,NC(=O)[C@H]1CCC(=O)N([C@@H](CC(F)(F)F)c2cc(Cl)cc(Cl)c2)C1,C016,5,best-RMSD,poses/A71EV2A-x5665a/A71EV2A-x5665a_best-RMSD.sdf,A71EV2A-x5665a,2,0.264,1.000,-106.509,-29.220,TRUE,8e2a644b78f95a880fd2fa0d10020fba0e270a12f865ffd7842fba3491ab12f3,poses/A71EV2A-x5665a/A71EV2A-x5665a_best-RMSD.openstructure.json,82823eb8a33447fd681869d259954c1ca5bb232043c0d740beede4b50163b89b,poses/A71EV2A-x5665a/A71EV2A-x5665a_best-RMSD.posebusters.csv,8f8725a0ad45cd71546f09c351adc1a3bc274c0d76644dc6260a60fadc396feb
A71EV2A-x5073_A_201_0_1_A71EV2A-x0526+A+147+0+1__LIG,NC(=O)[C@H]1CCC(=O)N([C@@H]2CCCc3ccccc32)C1,C013,2,lowest-energy,poses/A71EV2A-x5073a/A71EV2A-x5073a_lowest-energy.sdf,A71EV2A-x5073a,1,0.242,1.000,-99.060,-33.990,TRUE,e0f903c85e261f4ab004b110cd91c18286ac4890c51b2479163a31313608d96e,poses/A71EV2A-x5073a/A71EV2A-x5073a_lowest-energy.openstructure.json,60c8fd8909b3309bbbaab74479c06212729371033752937d7c1b1570c4c6f081,poses/A71EV2A-x5073a/A71EV2A-x5073a_lowest-energy.posebusters.csv,ddb90c2c5df33b11afd014a10f65fe674cb1c6a9c66711eb4d25c0cdf3afd7ca
A71EV2A-x5073_A_201_0_1_A71EV2A-x0526+A+147+0+1__LIG,NC(=O)[C@H]1CCC(=O)N([C@@H]2CCCc3ccccc32)C1,C013,2,best-RMSD,poses/A71EV2A-x5073a/A71EV2A-x5073a_best-RMSD.sdf,A71EV2A-x5073a,3,0.163,1.000,-99.008,-34.080,TRUE,83a7e46c0b9280e91dd0eef295b275a8a499427a8c90e3a8fb108141a040e7b2,poses/A71EV2A-x5073a/A71EV2A-x5073a_best-RMSD.openstructure.json,9f5d0f67df55d44df0357b508db941cd7dea8341abbfb1900ae3ba14d144bab5,poses/A71EV2A-x5073a/A71EV2A-x5073a_best-RMSD.posebusters.csv,a57de73e8b4f7b38ba05b850cefc82da8d097f9fd2e95752300389c0f114d91d
A71EV2A-x5210_A_201_0_1_A71EV2A-x0526+A+147+0+1__LIG,NC(=O)[C@H]1CCC(=O)N([C@H]2CCCc3ccccc32)C1,C013,2,lowest-energy,poses/A71EV2A-x5210a/A71EV2A-x5210a_lowest-energy.sdf,A71EV2A-x5210a,3,0.338,0.995,-99.544,-33.770,TRUE,73247ca0a46ee543e0d0a2fd3f6e12e91229a9d4900aab80f37ed595a7229dc1,poses/A71EV2A-x5210a/A71EV2A-x5210a_lowest-energy.openstructure.json,8151667bb1227ff032e655b5bf69f8cd97dd9177c94b9dfc721010b6d8ac7ce7,poses/A71EV2A-x5210a/A71EV2A-x5210a_lowest-energy.posebusters.csv,15f582cd1e610a90997f4d751e373ba6bb73d86251a894d6752c44f244e0a3ba
A71EV2A-x5210_A_201_0_1_A71EV2A-x0526+A+147+0+1__LIG,NC(=O)[C@H]1CCC(=O)N([C@H]2CCCc3ccccc32)C1,C013,2,best-RMSD,poses/A71EV2A-x5210b/A71EV2A-x5210b_best-RMSD.sdf,A71EV2A-x5210b,6,0.255,0.998,-93.959,-30.960,TRUE,f076fb1709b956166094655ea7c8943681cbd80d88de6d1c5509cbdc41cf74bf,poses/A71EV2A-x5210b/A71EV2A-x5210b_best-RMSD.openstructure.json,21c7b7865d32025dd8979164158dc2c2c698765bc8dde62603d12f826fc5dcd7,poses/A71EV2A-x5210b/A71EV2A-x5210b_best-RMSD.posebusters.csv,7b3146f599e9fd5ccba1e672a530989b9ec80a6664bb8ef87b307a422182e557
A71EV2A-x6714_A_4000_0_1_A71EV2A-x0526+A+147+0+1__LIG,NC(=O)[C@H]1CCC(=O)N(c2cc3cnccc3c(F)c2F)C1,C084,2,lowest-energy,poses/A71EV2A-x6714a/A71EV2A-x6714a_lowest-energy.sdf,A71EV2A-x6714a,7,0.266,0.999,-91.588,-35.200,TRUE,12eb1c1e374f5165acc0fa97ff72380c8ae83de43f155e3407350aa771b048a6,poses/A71EV2A-x6714a/A71EV2A-x6714a_lowest-energy.openstructure.json,2bfc5006983eae5e1873978b91bef7d524de2b4269fc016a86a5aaded7448511,poses/A71EV2A-x6714a/A71EV2A-x6714a_lowest-energy.posebusters.csv,3fda50abcfb771ec5b5a5b808fc10d21f145f762425a9a5739f73db6d503c184
A71EV2A-x6714_A_4000_0_1_A71EV2A-x0526+A+147+0+1__LIG,NC(=O)[C@H]1CCC(=O)N(c2cc3cnccc3c(F)c2F)C1,C084,2,best-RMSD,poses/A71EV2A-x6714a/A71EV2A-x6714a_best-RMSD.sdf,A71EV2A-x6714a,5,0.177,1.000,-91.423,-34.890,TRUE,3dce3ce76c8a065486bde9d82055d83a8d7d818c2ff387b808f62656110846d2,poses/A71EV2A-x6714a/A71EV2A-x6714a_best-RMSD.openstructure.json,402d4fb16d42313ef68aff0b4a17de7122e223b0e37a172b0d41adb39d7d5e8d,poses/A71EV2A-x6714a/A71EV2A-x6714a_best-RMSD.posebusters.csv,d9a0cbf83dcbc77754fa47d211f4d7e68779793cdd409013aa3176897733e74d
A71EV2A-x5460_A_201_0_1_A71EV2A-x0526+A+147+0+1__LIG,NC(=O)[C@H]1CCC(=O)N(c2cccc3ccccc23)C1,C013,2,lowest-energy,poses/A71EV2A-x5460a/A71EV2A-x5460a_lowest-energy.sdf,A71EV2A-x5460a,3,0.320,0.995,-87.037,-33.850,TRUE,cbfe87c3ccf64a192b35c2f605ba9e8cdc6a5e9dbea06601bd8a0918e82ed079,poses/A71EV2A-x5460a/A71EV2A-x5460a_lowest-energy.openstructure.json,185787b5c77cc56b9f80b022692baea66b6350910e1393ae4e3d3804477dfd76,poses/A71EV2A-x5460a/A71EV2A-x5460a_lowest-energy.posebusters.csv,749c78514a1c1e327cd285980ea66ca1796fbe0d44b4b86e5d55bb34f9ed9489
A71EV2A-x5460_A_201_0_1_A71EV2A-x0526+A+147+0+1__LIG,NC(=O)[C@H]1CCC(=O)N(c2cccc3ccccc23)C1,C013,2,best-RMSD,poses/A71EV2A-x5460a/A71EV2A-x5460a_best-RMSD.sdf,A71EV2A-x5460a,10,0.250,0.999,-86.421,-34.590,TRUE,c1902aec90ccb0b520939161665810fe9b6fbb50f71101ec03e2be033bb8490f,poses/A71EV2A-x5460a/A71EV2A-x5460a_best-RMSD.openstructure.json,aae825a25487ab76007b0005bf627aa5fda6536e7d70e3027913a3af37d83ebf,poses/A71EV2A-x5460a/A71EV2A-x5460a_best-RMSD.posebusters.csv,4c0b1408365be5b3652115a3cac984151f3db79bf2b56b5e72329d2a6a7839a0
A71EV2A-x4563_A_201_0_1_A71EV2A-x0526+A+147+0+1__LIG,NC(=O)[C@H]1CCC(=O)N(c2ccccc2)C1,C013,2,lowest-energy,poses/A71EV2A-x4563a/A71EV2A-x4563a_lowest-energy.sdf,A71EV2A-x4563a,8,0.298,1.000,-85.457,-31.390,TRUE,d0e5b828d1d22d6005c4a3461534a8a4d3bdd253fb2f693b6dfa65d541f81fd3,poses/A71EV2A-x4563a/A71EV2A-x4563a_lowest-energy.openstructure.json,f933fd08a858c4349c5423c36c1dc3a50639240ea6c4f88ca3aa22b023f11a27,poses/A71EV2A-x4563a/A71EV2A-x4563a_lowest-energy.posebusters.csv,cec44c334bcbe151172e2a7198a10eb266e6a2bcf2a0d4512ed05472f2800a5d
A71EV2A-x4563_A_201_0_1_A71EV2A-x0526+A+147+0+1__LIG,NC(=O)[C@H]1CCC(=O)N(c2ccccc2)C1,C013,2,best-RMSD,poses/A71EV2A-x4563a/A71EV2A-x4563a_best-RMSD.sdf,A71EV2A-x4563a,3,0.154,1.000,-84.386,-31.320,TRUE,5999abe78daed6d2b6fe1dc745a5d9a64dfa22411cee4e420021e9f99d78fcbb,poses/A71EV2A-x4563a/A71EV2A-x4563a_best-RMSD.openstructure.json,e43264cedfb9a693d57e1f77135421ba1f4e572165271f5645ee552788610536,poses/A71EV2A-x4563a/A71EV2A-x4563a_best-RMSD.posebusters.csv,0e731eb08fa9ac8d6cbf5c450014f97d8bf1840a4218e218c84b00aae14b0f2a
A71EV2A-x4538_A_201_0_1_A71EV2A-x0526+A+147+0+1__LIG,NC(=O)[C@H]1CCCN(C(=O)C(F)(F)c2cccc(F)c2Br)C1,C043,4,lowest-energy,poses/A71EV2A-x4538a/A71EV2A-x4538a_lowest-energy.sdf,A71EV2A-x4538a,4,1.945,0.818,-88.333,-33.600,TRUE,4fe9edfc876b817b3ca7ec715263f41706b2fc5561826a1b3726f94f21dbb51a,poses/A71EV2A-x4538a/A71EV2A-x4538a_lowest-energy.openstructure.json,43e38630110c83b402892d741fe9465805823c1b5fcff299e06bc531786ddb69,poses/A71EV2A-x4538a/A71EV2A-x4538a_lowest-energy.posebusters.csv,4af680fedffe4e865214e82e4c50d85283f3034bd3014ecd2db1ecedcf6dc568
A71EV2A-x4538_A_201_0_1_A71EV2A-x0526+A+147+0+1__LIG,NC(=O)[C@H]1CCCN(C(=O)C(F)(F)c2cccc(F)c2Br)C1,C043,4,best-RMSD,poses/A71EV2A-x4538a/A71EV2A-x4538a_best-RMSD.sdf,A71EV2A-x4538a,7,0.285,1.000,-86.336,-30.360,TRUE,3d9df064a0a9dfb49aebb7956a8fa73d6d7d013dbb7d3ccb516dba2ad8934534,poses/A71EV2A-x4538a/A71EV2A-x4538a_best-RMSD.openstructure.json,a84d7a874d15ada0673f9dd666d321eae59ff1981ea93e5f0366a21308959d64,poses/A71EV2A-x4538a/A71EV2A-x4538a_best-RMSD.posebusters.csv,c8e8eaaf8d9ffe09bf61d678ca367a499a24adf4880f002bbddcf5c4fc6e65fc
A71EV2A-x4516_A_201_0_1_A71EV2A-x0526+A+147+0+1__LIG,NC(=O)[C@H]1CCCN(C(=O)C(F)(F)c2cnsc2Cl)C1,C043,4,lowest-energy,poses/A71EV2A-x4541b/A71EV2A-x4541b_lowest-energy.sdf,A71EV2A-x4541b,6,0.214,1.000,-104.524,-30.770,TRUE,f5272e07fbefc9c580c29fa0d0f5d50c5228ff93b9f9460972da701023f39abb,poses/A71EV2A-x4541b/A71EV2A-x4541b_lowest-energy.openstructure.json,d23376178ef07d96a3b234cf3bc3a082326cf9f40193217be1f8fe79ee466590,poses/A71EV2A-x4541b/A71EV2A-x4541b_lowest-energy.posebusters.csv,7254aa232a062289142eae1f3a88a6d23ccada2a84902b846921edccdcdfd00d
A71EV2A-x4516_A_201_0_1_A71EV2A-x0526+A+147+0+1__LIG,NC(=O)[C@H]1CCCN(C(=O)C(F)(F)c2cnsc2Cl)C1,C043,4,best-RMSD,poses/A71EV2A-x4541b/A71EV2A-x4541b_best-RMSD.sdf,A71EV2A-x4541b,8,0.181,1.000,-102.529,-29.650,TRUE,6ebd6f968353f395f142a56b97e102c8bdc225eced08d2f18fd26b93f5e14ae9,poses/A71EV2A-x4541b/A71EV2A-x4541b_best-RMSD.openstructure.json,33e9427b09445024fe519897652c9b8fe2bf3ed14785e3712772de3a42fa1ae0,poses/A71EV2A-x4541b/A71EV2A-x4541b_best-RMSD.posebusters.csv,a8b1281f0d77c16a3edcefacd766fbfb948f05b99ab04ca65db2694c3d1ff67c
A71EV2A-x3982_A_201_0_1_A71EV2A-x0526+A+147+0+1__LIG,NC(=O)[C@H]1CCCN(C(=O)C(c2ccccc2)c2ccccc2)C1,C008,5,lowest-energy,poses/A71EV2A-x3982a/A71EV2A-x3982a_lowest-energy.sdf,A71EV2A-x3982a,4,0.729,0.970,-94.080,-35.170,TRUE,682b4e05e22b68f7d53d9ba0c8f2540fef738c55bddf346f26458557a9014473,poses/A71EV2A-x3982a/A71EV2A-x3982a_lowest-energy.openstructure.json,1941ba5de2087de2448708d3524773c03c5f949aa2f3baf6f70ea61dd3a6fd33,poses/A71EV2A-x3982a/A71EV2A-x3982a_lowest-energy.posebusters.csv,1933fe75ef89a314a1f3af51b34cf1841f2ac5fe61549be0c19127d073337e61
A71EV2A-x3982_A_201_0_1_A71EV2A-x0526+A+147+0+1__LIG,NC(=O)[C@H]1CCCN(C(=O)C(c2ccccc2)c2ccccc2)C1,C008,5,best-RMSD,poses/A71EV2A-x3982a/A71EV2A-x3982a_best-RMSD.sdf,A71EV2A-x3982a,6,0.475,0.983,-90.989,-32.660,TRUE,d9c9db8927412920ffcc33e1ee7e02625a5c0f21fc52933a50da678b6fb6ea44,poses/A71EV2A-x3982a/A71EV2A-x3982a_best-RMSD.openstructure.json,739bddfe786526c702f9eac9129646b6c04b4105831b5df9074b531e25725ace,poses/A71EV2A-x3982a/A71EV2A-x3982a_best-RMSD.posebusters.csv,545f2c717dd3dfc3cdac12d104417bf16158c52b3bda7a85f7680f2ed28da652
A71EV2A-x4708_A_201_0_1_A71EV2A-x0526+A+147+0+1__LIG,NC(=O)[C@H]1CCCN(C(=O)C2(O)CCSCC2)C1,C014,3,lowest-energy,poses/A71EV2A-x4708a/A71EV2A-x4708a_lowest-energy.sdf,A71EV2A-x4708a,4,0.636,0.959,-95.208,-29.630,TRUE,b2398456fbf57b1eb980001e5e16e4403e289b23e8f861821c5731e512a69218,poses/A71EV2A-x4708a/A71EV2A-x4708a_lowest-energy.openstructure.json,bbc1c68ecbf908d5d917efda1737e3230350daa53a602aea19817ecf189f33c6,poses/A71EV2A-x4708a/A71EV2A-x4708a_lowest-energy.posebusters.csv,7d8a42c9d2b9d2ae4547ea73b4c1cca73c51c1e801e7407e86dde1ce2aba93a0
A71EV2A-x4708_A_201_0_1_A71EV2A-x0526+A+147+0+1__LIG,NC(=O)[C@H]1CCCN(C(=O)C2(O)CCSCC2)C1,C014,3,best-RMSD,poses/A71EV2A-x4708a/A71EV2A-x4708a_best-RMSD.sdf,A71EV2A-x4708a,10,0.366,0.995,-94.827,-30.210,TRUE,999f7e61f23fee49bedfe8725c0713fe72027cec640ec451159a21240a42d624,poses/A71EV2A-x4708a/A71EV2A-x4708a_best-RMSD.openstructure.json,4cf1c9843ccfe97b5fdaf94a62d36588bca0bfa83ee84b9c2403c4b005f03c25,poses/A71EV2A-x4708a/A71EV2A-x4708a_best-RMSD.posebusters.csv,23f33b16893bf95b9487136d19e68eb0e20960fff999c88130b3bd17877f43fe
A71EV2A-x4496_A_201_0_1_A71EV2A-x0526+A+147+0+1__LIG,NC(=O)[C@H]1CCCN(C(=O)C2(c3ccnn3C(F)(F)F)CC2)C1,C044,5,lowest-energy,poses/A71EV2A-x4496a/A71EV2A-x4496a_lowest-energy.sdf,A71EV2A-x4496a,5,2.364,0.694,-62.944,-31.360,TRUE,3bf5298ee7586cfe225673b69b2830c8d86976db868880c72429b15eb48727ca,poses/A71EV2A-x4496a/A71EV2A-x4496a_lowest-energy.openstructure.json,453e4aab66038a0479bbb581ebe2b4ea83ccdfde1ea59702c9923fde25d6913a,poses/A71EV2A-x4496a/A71EV2A-x4496a_lowest-energy.posebusters.csv,6d8cd8c56601eda2349ce3c0c2c428a9853d84afd2a06c381957170ebd52c605
A71EV2A-x4496_A_201_0_1_A71EV2A-x0526+A+147+0+1__LIG,NC(=O)[C@H]1CCCN(C(=O)C2(c3ccnn3C(F)(F)F)CC2)C1,C044,5,best-RMSD,poses/A71EV2A-x4496a/A71EV2A-x4496a_best-RMSD.sdf,A71EV2A-x4496a,1,0.332,0.994,-53.340,-28.480,TRUE,23a31ad1695b2ad5b1a010d30ceee7a614ddf1a4bbfc1743551fec3a32db8b04,poses/A71EV2A-x4496a/A71EV2A-x4496a_best-RMSD.openstructure.json,6c2c70a12ad9922a0aa349bbd1d0d86c4a73e98fbad55e2b6be02849a41a74aa,poses/A71EV2A-x4496a/A71EV2A-x4496a_best-RMSD.posebusters.csv,0f6096a251e7352d5fcfa8ac4bdbd1a6d0d24ae26e2b7abd210a0f53b5eb9f21
A71EV2A-x4514_A_201_0_1_A71EV2A-x0526+A+147+0+1__LIG,NC(=O)[C@H]1CCCN(C(=O)C2(c3ccoc3)CCC2)C1,C044,4,lowest-energy,poses/A71EV2A-x4575a/A71EV2A-x4575a_lowest-energy.sdf,A71EV2A-x4575a,4,0.820,0.909,-55.110,-31.810,TRUE,9b06b95f65261a92cb3f8098b55949ec9292839c1bf9741ea8cf04b3b84f8d99,poses/A71EV2A-x4575a/A71EV2A-x4575a_lowest-energy.openstructure.json,bb3969add7db2fb0dc215d7c52009e03338991c8becbf53e05543b0788a803c8,poses/A71EV2A-x4575a/A71EV2A-x4575a_lowest-energy.posebusters.csv,036c698068f452b5c1ec7c55cacb0f9c7634a72c12ceb76fee196f9e8324ca57
A71EV2A-x4514_A_201_0_1_A71EV2A-x0526+A+147+0+1__LIG,NC(=O)[C@H]1CCCN(C(=O)C2(c3ccoc3)CCC2)C1,C044,4,best-RMSD,poses/A71EV2A-x4514a/A71EV2A-x4514a_best-RMSD.sdf,A71EV2A-x4514a,5,0.344,0.994,-50.052,-30.980,TRUE,3e36ff3b9c7ddeff04def4d08ef2a42a0c6de02dea8ed9d66f2bd49716a74a2c,poses/A71EV2A-x4514a/A71EV2A-x4514a_best-RMSD.openstructure.json,5400ae1fad22edf84b20d107c0da608cf61bb519aed8b3913a7f1c147a0e4b39,poses/A71EV2A-x4514a/A71EV2A-x4514a_best-RMSD.posebusters.csv,2d970f0070e7872df0f0c28842a094e3592d479e86ca7f23e500a3e4f7ef7355
A71EV2A-x4467_A_201_0_1_A71EV2A-x0526+A+147+0+1__LIG,NC(=O)[C@H]1CCCN(C(=O)C2(n3cccn3)CCCC2)C1,C085,4,lowest-energy,poses/A71EV2A-x4467a/A71EV2A-x4467a_lowest-energy.sdf,A71EV2A-x4467a,5,0.962,0.881,-78.986,-30.870,TRUE,dbcabc0055f6bd139df063e38b234221c6b72e535a6c879c4169a6bed0e56586,poses/A71EV2A-x4467a/A71EV2A-x4467a_lowest-energy.openstructure.json,a2d0a5bc194086d29081c37106146b756553683ff50ba27146e50a09d1704737,poses/A71EV2A-x4467a/A71EV2A-x4467a_lowest-energy.posebusters.csv,e70977dc8abded3fbf7f73f55dcfababadd38570728f36715944849fb56f6fc1
A71EV2A-x4467_A_201_0_1_A71EV2A-x0526+A+147+0+1__LIG,NC(=O)[C@H]1CCCN(C(=O)C2(n3cccn3)CCCC2)C1,C085,4,best-RMSD,poses/A71EV2A-x4467a/A71EV2A-x4467a_best-RMSD.sdf,A71EV2A-x4467a,5,0.962,0.881,-78.986,-30.870,TRUE,74978da47d28dd3502273e3b6d47740e46993634889041e63a83b94364f2efc2,poses/A71EV2A-x4467a/A71EV2A-x4467a_best-RMSD.openstructure.json,a2d0a5bc194086d29081c37106146b756553683ff50ba27146e50a09d1704737,poses/A71EV2A-x4467a/A71EV2A-x4467a_best-RMSD.posebusters.csv,e70977dc8abded3fbf7f73f55dcfababadd38570728f36715944849fb56f6fc1
A71EV2A-x4706_A_201_0_1_A71EV2A-x0526+A+147+0+1__LIG,NC(=O)[C@H]1CCCN(C(=O)C2CCSCC2)C1,C014,3,lowest-energy,poses/A71EV2A-x4706a/A71EV2A-x4706a_lowest-energy.sdf,A71EV2A-x4706a,7,0.994,0.917,-96.118,-28.020,TRUE,6e637990d8d858adde15047934d854c6c3894ec5249a14320dfede75d5e87137,poses/A71EV2A-x4706a/A71EV2A-x4706a_lowest-energy.openstructure.json,eb437214544d0bdf3644fcbb373547d23a62da920131952d6615bf57c1c5bc68,poses/A71EV2A-x4706a/A71EV2A-x4706a_lowest-energy.posebusters.csv,4211a21775636179ca962dd174f8c15379ac0c5b7418edfe5489c6ec5e135e2b
A71EV2A-x4706_A_201_0_1_A71EV2A-x0526+A+147+0+1__LIG,NC(=O)[C@H]1CCCN(C(=O)C2CCSCC2)C1,C014,3,best-RMSD,poses/A71EV2A-x4706a/A71EV2A-x4706a_best-RMSD.sdf,A71EV2A-x4706a,5,0.792,0.944,-95.462,-28.300,TRUE,ecf46056f916d69dc70ac0d4d621f5baf8b68db422dbd2fe82d2db6fc9e8f78c,poses/A71EV2A-x4706a/A71EV2A-x4706a_best-RMSD.openstructure.json,7bfe5c2ce3875e3298fe916b664dbcc389a7cd8965c883eeaa1b9ad4267020bd,poses/A71EV2A-x4706a/A71EV2A-x4706a_best-RMSD.posebusters.csv,fed09392a70a090bf2069961297af8a948b406d03c4e2dd788a20739e12df31d
A71EV2A-x4707_A_201_0_1_A71EV2A-x0526+A+147+0+1__LIG,NC(=O)[C@H]1CCCN(C(=O)CC2CSC2)C1,C014,4,lowest-energy,poses/A71EV2A-x4707a/A71EV2A-x4707a_lowest-energy.sdf,A71EV2A-x4707a,10,0.698,0.934,-72.201,-24.310,TRUE,ea6fb362ba96137da2cbdc9c6a99747394006d435969e019c52a392a191cd5da,poses/A71EV2A-x4707a/A71EV2A-x4707a_lowest-energy.openstructure.json,4c3eb6fb976094615e187606936bef44c0d9f75baf910342d0c13f638f486103,poses/A71EV2A-x4707a/A71EV2A-x4707a_lowest-energy.posebusters.csv,6db7802b71aa90f350d256c27cda56219cbaf4057075ff4c6edcd26de21dbd88
A71EV2A-x4707_A_201_0_1_A71EV2A-x0526+A+147+0+1__LIG,NC(=O)[C@H]1CCCN(C(=O)CC2CSC2)C1,C014,4,best-RMSD,poses/A71EV2A-x4707a/A71EV2A-x4707a_best-RMSD.sdf,A71EV2A-x4707a,9,0.299,1.000,-71.390,-24.220,TRUE,fc90a0396a7cd36f25b08d282e22e284d94549d2b4dd3739af93ca8f1f1ed71f,poses/A71EV2A-x4707a/A71EV2A-x4707a_best-RMSD.openstructure.json,d792fa6d663caff5ca9e691d6a775085808ac6b709aa23e32cca90048d8ca7f7,poses/A71EV2A-x4707a/A71EV2A-x4707a_best-RMSD.posebusters.csv,915bc80dc13fb1a62e0997be76a04ec2a7a55fbd8953240c175038fe3e5ee0cd
A71EV2A-x4528_A_201_0_1_A71EV2A-x0526+A+147+0+1__LIG,NC(=O)[C@H]1CCCN(C(=O)CN2CCOc3ccc(Cl)cc32)C1,C023,4,lowest-energy,poses/A71EV2A-x4528a/A71EV2A-x4528a_lowest-energy.sdf,A71EV2A-x4528a,6,0.388,0.998,-99.166,-33.930,TRUE,03dc42ed6579be8db42e6ae295eeb6facbb0d8b9c31b7c2a2e0444c788274e6d,poses/A71EV2A-x4528a/A71EV2A-x4528a_lowest-energy.openstructure.json,08438f4fc33b83cc3a23e0647922ce2ff5d577547de616b74def527b5a81d3fd,poses/A71EV2A-x4528a/A71EV2A-x4528a_lowest-energy.posebusters.csv,bdf73a81aa0de560904a5e41d55a1fccc705a503a0b7fb45bf0e29561f8f6748
A71EV2A-x4528_A_201_0_1_A71EV2A-x0526+A+147+0+1__LIG,NC(=O)[C@H]1CCCN(C(=O)CN2CCOc3ccc(Cl)cc32)C1,C023,4,best-RMSD,poses/A71EV2A-x4528a/A71EV2A-x4528a_best-RMSD.sdf,A71EV2A-x4528a,6,0.388,0.998,-99.166,-33.930,TRUE,773d5bda66f4a63efbd8b6c834ebf81c9e88de21425fe03d7024b89fa854832c,poses/A71EV2A-x4528a/A71EV2A-x4528a_best-RMSD.openstructure.json,08438f4fc33b83cc3a23e0647922ce2ff5d577547de616b74def527b5a81d3fd,poses/A71EV2A-x4528a/A71EV2A-x4528a_best-RMSD.posebusters.csv,bdf73a81aa0de560904a5e41d55a1fccc705a503a0b7fb45bf0e29561f8f6748
A71EV2A-x4381_A_201_0_1_A71EV2A-x0526+A+147+0+1__LIG,NC(=O)[C@H]1CCCN(C(=O)Cc2cc(C(F)(F)F)ccc2C(F)(F)F)C1,C001,6,lowest-energy,poses/A71EV2A-x4381a/A71EV2A-x4381a_lowest-energy.sdf,A71EV2A-x4381a,9,3.758,0.628,-103.406,-32.240,TRUE,4fdf7a1e8e9548f01abb42cb4ef0408bdfc710031ce1edc74e9d3430d6f47eec,poses/A71EV2A-x4381a/A71EV2A-x4381a_lowest-energy.openstructure.json,142765f798ae85461fd822de0df2fda9aa74cc086a4dc8f2db5aa7c3607e6bc9,poses/A71EV2A-x4381a/A71EV2A-x4381a_lowest-energy.posebusters.csv,06c9603f89b4f43c7e1f9b212ef029b348572fd9a2dbb9722fb5b2ec1c2b0e18
A71EV2A-x4381_A_201_0_1_A71EV2A-x0526+A+147+0+1__LIG,NC(=O)[C@H]1CCCN(C(=O)Cc2cc(C(F)(F)F)ccc2C(F)(F)F)C1,C001,6,best-RMSD,poses/A71EV2A-x4381a/A71EV2A-x4381a_best-RMSD.sdf,A71EV2A-x4381a,4,0.731,0.944,-99.015,-32.370,TRUE,b64557a0e81eadde83cc5f38f6d07c85672bf75b2efcaeace87ee3a8fb707280,poses/A71EV2A-x4381a/A71EV2A-x4381a_best-RMSD.openstructure.json,afc5e26a32e0814e00c96da24ae5ccc12cc852e795f23f72df1713828955a943,poses/A71EV2A-x4381a/A71EV2A-x4381a_best-RMSD.posebusters.csv,9f77ecc3c09939313f15f961d96a74aa3ca69333f2d9c440d2c928cc734d5e47
A71EV2A-x3208_A_201_0_1_A71EV2A-x0526+A+147+0+1__LIG,NC(=O)[C@H]1CCCN(C(=O)Cc2cc(C(F)(F)F)ccc2Cl)C1,C001,5,lowest-energy,poses/A71EV2A-x3208a/A71EV2A-x3208a_lowest-energy.sdf,A71EV2A-x3208a,1,0.380,0.987,-112.663,-34.950,TRUE,c6936421160bdf60d3f0ce9dc38f48348fed3d9db3c81b4ea82b551ff15724f2,poses/A71EV2A-x3208a/A71EV2A-x3208a_lowest-energy.openstructure.json,e915bf3b7ee3ec3ac259b4067b68e7e6166d27a7feda5ecf7f9867cd870e1140,poses/A71EV2A-x3208a/A71EV2A-x3208a_lowest-energy.posebusters.csv,9fd73856719c5f256fce25c68c690615746a5df37fcbf69cbe04ac0a2e82c6b2
A71EV2A-x3208_A_201_0_1_A71EV2A-x0526+A+147+0+1__LIG,NC(=O)[C@H]1CCCN(C(=O)Cc2cc(C(F)(F)F)ccc2Cl)C1,C001,5,best-RMSD,poses/A71EV2A-x3208a/A71EV2A-x3208a_best-RMSD.sdf,A71EV2A-x3208a,3,0.311,0.992,-112.007,-34.420,TRUE,8db7d97a73c0108c05ff7be2f28ce6ed83fa085926fa68294e303392e8d32144,poses/A71EV2A-x3208a/A71EV2A-x3208a_best-RMSD.openstructure.json,b117ffde8aa05bfb4d0024b2c7cd713fba242c193cf4d516ff35dcc7f4c356c0,poses/A71EV2A-x3208a/A71EV2A-x3208a_best-RMSD.posebusters.csv,7f947361eb0e03459ff74b59069a2e7ca7387c56be5be32d84d8499219a8b43a
A71EV2A-x4882_A_201_0_1_A71EV2A-x0526+A+147+0+1__LIG,NC(=O)[C@H]1CCCN(C(=O)Cc2cc(F)c(F)cc2Br)C1,C001,4,lowest-energy,poses/A71EV2A-x4882a/A71EV2A-x4882a_lowest-energy.sdf,A71EV2A-x4882a,7,0.241,1.000,-107.087,-31.230,TRUE,87e58bdc8a0fd2c1c6a8360ec8760189125dd61e67f20787701ab1b9c81a115e,poses/A71EV2A-x4882a/A71EV2A-x4882a_lowest-energy.openstructure.json,b018f94f044cdd634bd2040052df268bc816ff1674fbbe21207ed547227f09d2,poses/A71EV2A-x4882a/A71EV2A-x4882a_lowest-energy.posebusters.csv,41b141d33ef5b24a5cece4d00b961028f2a37e1940def4ae079252eb3fc155ab
A71EV2A-x4882_A_201_0_1_A71EV2A-x0526+A+147+0+1__LIG,NC(=O)[C@H]1CCCN(C(=O)Cc2cc(F)c(F)cc2Br)C1,C001,4,best-RMSD,poses/A71EV2A-x4882a/A71EV2A-x4882a_best-RMSD.sdf,A71EV2A-x4882a,7,0.241,1.000,-107.087,-31.230,TRUE,7986cacc2e3cfa570a7e821bc7f3b0e7c32e3d70876e6ddde6c476e17b5b37c9,poses/A71EV2A-x4882a/A71EV2A-x4882a_best-RMSD.openstructure.json,b018f94f044cdd634bd2040052df268bc816ff1674fbbe21207ed547227f09d2,poses/A71EV2A-x4882a/A71EV2A-x4882a_best-RMSD.posebusters.csv,41b141d33ef5b24a5cece4d00b961028f2a37e1940def4ae079252eb3fc155ab
A71EV2A-x4380_A_201_0_1_A71EV2A-x0526+A+147+0+1__LIG,NC(=O)[C@H]1CCCN(C(=O)Cc2cc(F)ccc2Cl)C1,C001,4,lowest-energy,poses/A71EV2A-x4380a/A71EV2A-x4380a_lowest-energy.sdf,A71EV2A-x4380a,7,0.387,0.986,-105.040,-33.880,TRUE,e23d858bab6dd0715a0a4fbdb34e84ea1508b63ef9837f74408aa7afde8d82a8,poses/A71EV2A-x4380a/A71EV2A-x4380a_lowest-energy.openstructure.json,d7362fb2d4b4040a519509f0a19e01d4f737ebaf93b3dd0b2051ed36c30e3bb3,poses/A71EV2A-x4380a/A71EV2A-x4380a_lowest-energy.posebusters.csv,bff31b3d1b5a26344df9602bf0c89dec3f1bf64be03bbe1afa278d85b8d3d1ab
A71EV2A-x4380_A_201_0_1_A71EV2A-x0526+A+147+0+1__LIG,NC(=O)[C@H]1CCCN(C(=O)Cc2cc(F)ccc2Cl)C1,C001,4,best-RMSD,poses/A71EV2A-x4380a/A71EV2A-x4380a_best-RMSD.sdf,A71EV2A-x4380a,4,0.372,0.991,-105.029,-33.020,TRUE,bc8d04df078fe9eb91c7ceddb03d02b94dae2982023889b7b7c385737da0815e,poses/A71EV2A-x4380a/A71EV2A-x4380a_best-RMSD.openstructure.json,13e6e0f2ea5bf1de8343b7b1cd4c3e9e19c9142c2a10a2cec7cc44ac73bfe1e5,poses/A71EV2A-x4380a/A71EV2A-x4380a_best-RMSD.posebusters.csv,5934b13385ada00174c015bb837be0017ee0fd96072eb68b54142eb80a37b322
A71EV2A-x4673_A_201_0_1_A71EV2A-x0526+A+147+0+1__LIG,NC(=O)[C@H]1CCCN(C(=O)Cc2cc3c(cc2Br)OCO3)C1,C001,4,lowest-energy,poses/A71EV2A-x4673b/A71EV2A-x4673b_lowest-energy.sdf,A71EV2A-x4673b,7,0.235,0.998,-105.027,-34.660,TRUE,35c063e71aea4e7a87288bd71579741f8e582f6988069b159ef6b64769b4fbbd,poses/A71EV2A-x4673b/A71EV2A-x4673b_lowest-energy.openstructure.json,f5c1844ce5d2e7ac55b26fdcbe4ce806ac754d900f98665c6fe7c1582f03f557,poses/A71EV2A-x4673b/A71EV2A-x4673b_lowest-energy.posebusters.csv,6ce6e44962832732b17d6fdb74e89111d4b02b4de9948f54cd69921fd1d17b75
A71EV2A-x4673_A_201_0_1_A71EV2A-x0526+A+147+0+1__LIG,NC(=O)[C@H]1CCCN(C(=O)Cc2cc3c(cc2Br)OCO3)C1,C001,4,best-RMSD,poses/A71EV2A-x4673a/A71EV2A-x4673a_best-RMSD.sdf,A71EV2A-x4673a,7,0.189,1.000,-100.498,-33.990,TRUE,c4881e594f698fbc84937219337a06a85ebc5b3e4db4822dec21a5116426666d,poses/A71EV2A-x4673a/A71EV2A-x4673a_best-RMSD.openstructure.json,9f66ee96ae45c4c317e3908796073cd8561054418d0b9c83d88c632077caf6ab,poses/A71EV2A-x4673a/A71EV2A-x4673a_best-RMSD.posebusters.csv,e94b0805188ec5f5e52e4ff45afce13a2d42944474395d1e395db81214100ac7
A71EV2A-x4669_A_201_0_1_A71EV2A-x0526+A+147+0+1__LIG,NC(=O)[C@H]1CCCN(C(=O)Cc2cc3c(cc2Cl)OCCO3)C1,C001,4,lowest-energy,poses/A71EV2A-x4669a/A71EV2A-x4669a_lowest-energy.sdf,A71EV2A-x4669a,3,0.366,0.992,-113.026,-35.480,TRUE,5ae0e63293f6c41e4bc2b535707319606f4a479329003a4e83eb7e85b3adad07,poses/A71EV2A-x4669a/A71EV2A-x4669a_lowest-energy.openstructure.json,072bf4ae2921c5cdb4513acc08afebb8e1e01955368d8279a3134c3d8b84ff0e,poses/A71EV2A-x4669a/A71EV2A-x4669a_lowest-energy.posebusters.csv,4111823cfd8c43aea68a4e0317d620822ce2963f364c9369602bffa88fb23f61
A71EV2A-x4669_A_201_0_1_A71EV2A-x0526+A+147+0+1__LIG,NC(=O)[C@H]1CCCN(C(=O)Cc2cc3c(cc2Cl)OCCO3)C1,C001,4,best-RMSD,poses/A71EV2A-x4669b/A71EV2A-x4669b_best-RMSD.sdf,A71EV2A-x4669b,1,0.240,0.999,-108.171,-32.130,TRUE,e15c6f891ce4cdd1e3e29fceecfa9e98423942774383dfea6c608e1b14a9892b,poses/A71EV2A-x4669b/A71EV2A-x4669b_best-RMSD.openstructure.json,21f23c8957ca5fda00bee33373959fecf0e0fa40f06f40a42365602022ebbf3c,poses/A71EV2A-x4669b/A71EV2A-x4669b_best-RMSD.posebusters.csv,2b3a25d8dc15ed5e1a92889ff630871399fa4ea2b33096b7ce448983451eb40f
A71EV2A-x4644_A_201_0_1_A71EV2A-x0526+A+147+0+1__LIG,NC(=O)[C@H]1CCCN(C(=O)Cc2ccc(F)c(F)c2Br)C1,C001,4,lowest-energy,poses/A71EV2A-x4644a/A71EV2A-x4644a_lowest-energy.sdf,A71EV2A-x4644a,6,0.394,0.985,-97.749,-29.860,TRUE,9b3811e4bd0f4627a0eba64cef8b04dd9427f769b2231a13843f02deef1f56bb,poses/A71EV2A-x4644a/A71EV2A-x4644a_lowest-energy.openstructure.json,cb1b43ed30153aed9ec50eabc175b3f1bbfed4ebdcb0d8ac815b2763e39e8b22,poses/A71EV2A-x4644a/A71EV2A-x4644a_lowest-energy.posebusters.csv,c6600df1a3d9813732ee4a835f2315f41dde9645e02b7e23553ceef42ca54f62
A71EV2A-x4644_A_201_0_1_A71EV2A-x0526+A+147+0+1__LIG,NC(=O)[C@H]1CCCN(C(=O)Cc2ccc(F)c(F)c2Br)C1,C001,4,best-RMSD,poses/A71EV2A-x4644b/A71EV2A-x4644b_best-RMSD.sdf,A71EV2A-x4644b,1,0.171,1.000,-97.741,-28.270,TRUE,2ae033d9d7560dabc8535b876e1961ad35b0ecbb4c4d9725fc6842e8af02dc0e,poses/A71EV2A-x4644b/A71EV2A-x4644b_best-RMSD.openstructure.json,1b665b7b52c29d8b52d3021a1168be1f7276b876d9fbfbf9f9cd1f05d20d8b06,poses/A71EV2A-x4644b/A71EV2A-x4644b_best-RMSD.posebusters.csv,ddda9afe779a77bcd93897487f9421f09b2254248a43d69e66227ae22faea5d1
A71EV2A-x4320_A_201_0_1_A71EV2A-x0526+A+147+0+1__LIG,NC(=O)[C@H]1CCCN(C(=O)Cc2ccc3c(c2)CCC(=O)N3)C1,C026,4,lowest-energy,poses/A71EV2A-x4320a/A71EV2A-x4320a_lowest-energy.sdf,A71EV2A-x4320a,8,1.009,0.943,-103.234,-31.220,TRUE,ce62add6e49fd79a95d207b4d6f3dba822f1cbe5a8f41d5ad3b4a8847e986366,poses/A71EV2A-x4320a/A71EV2A-x4320a_lowest-energy.openstructure.json,cfa40d8536b83ccfdb5c7e1d63d3a00d481d331605f47148931d84ece6cdb086,poses/A71EV2A-x4320a/A71EV2A-x4320a_lowest-energy.posebusters.csv,67c487b47535bf51b7e3e54cae005a00e0af649cef8d4250772a78ef1dfa7e5c
A71EV2A-x4320_A_201_0_1_A71EV2A-x0526+A+147+0+1__LIG,NC(=O)[C@H]1CCCN(C(=O)Cc2ccc3c(c2)CCC(=O)N3)C1,C026,4,best-RMSD,poses/A71EV2A-x4320a/A71EV2A-x4320a_best-RMSD.sdf,A71EV2A-x4320a,8,1.009,0.943,-103.234,-31.220,TRUE,87c18c950dd3b9c7fae0a80aeb7339bfba0aece3621325020f60f17a24e1f43b,poses/A71EV2A-x4320a/A71EV2A-x4320a_best-RMSD.openstructure.json,cfa40d8536b83ccfdb5c7e1d63d3a00d481d331605f47148931d84ece6cdb086,poses/A71EV2A-x4320a/A71EV2A-x4320a_best-RMSD.posebusters.csv,67c487b47535bf51b7e3e54cae005a00e0af649cef8d4250772a78ef1dfa7e5c
A71EV2A-x4336_A_201_0_1_A71EV2A-x0526+A+147+0+1__LIG,NC(=O)[C@H]1CCCN(C(=O)Cc2cccc(Cl)c2Cl)C1,C001,4,lowest-energy,poses/A71EV2A-x4336a/A71EV2A-x4336a_lowest-energy.sdf,A71EV2A-x4336a,7,0.559,0.966,-98.266,-31.100,TRUE,8b47a647ec52b5ee98af18a19926f3b0dce71be67be4283ea0f1ebf37b4b3d19,poses/A71EV2A-x4336a/A71EV2A-x4336a_lowest-energy.openstructure.json,c87b71f82cf235966f9fd05abd4a758e0e0e302fef63f1827589491116a3b245,poses/A71EV2A-x4336a/A71EV2A-x4336a_lowest-energy.posebusters.csv,4df12b420a4a0f3af0cf07bbe682f8a4108720eaf2efb461cfd6da84b83a77b3
A71EV2A-x4336_A_201_0_1_A71EV2A-x0526+A+147+0+1__LIG,NC(=O)[C@H]1CCCN(C(=O)Cc2cccc(Cl)c2Cl)C1,C001,4,best-RMSD,poses/A71EV2A-x4336a/A71EV2A-x4336a_best-RMSD.sdf,A71EV2A-x4336a,9,0.332,0.999,-94.977,-32.130,TRUE,4b9d7e58973ab5c01520537ba9b85d6d2711d70fa4cffba5613da205f87562b4,poses/A71EV2A-x4336a/A71EV2A-x4336a_best-RMSD.openstructure.json,e5d2db62fc49e8dc79ca668c9647d41ef3de7912a5e7f100af11fb5d30c87d42,poses/A71EV2A-x4336a/A71EV2A-x4336a_best-RMSD.posebusters.csv,63fb147bba1e3364fd8c4255d35b1230dff4ac06ee1512dfb14e023d72dc06e6
A71EV2A-x4344_A_201_0_1_A71EV2A-x0526+A+147+0+1__LIG,NC(=O)[C@H]1CCCN(C(=O)Cc2cccc3c2CCC3)C1,C001,4,lowest-energy,poses/A71EV2A-x4344a/A71EV2A-x4344a_lowest-energy.sdf,A71EV2A-x4344a,4,0.922,0.932,-96.519,-32.280,TRUE,f5dff71643bcfd01c085f8c6237b377c75c917986696bb83c3958659701dbdb9,poses/A71EV2A-x4344a/A71EV2A-x4344a_lowest-energy.openstructure.json,4dd079a4ba57cde4c8608c3563b7ed231b0c78bb3a226136fb9c1489e66707b8,poses/A71EV2A-x4344a/A71EV2A-x4344a_lowest-energy.posebusters.csv,84ecc06ac3db45b871812f946d7269505246298d57ea58b93f4feadf8f64e75d
A71EV2A-x4344_A_201_0_1_A71EV2A-x0526+A+147+0+1__LIG,NC(=O)[C@H]1CCCN(C(=O)Cc2cccc3c2CCC3)C1,C001,4,best-RMSD,poses/A71EV2A-x4344a/A71EV2A-x4344a_best-RMSD.sdf,A71EV2A-x4344a,7,0.274,0.997,-87.493,-31.150,TRUE,43b7ff6dc923620a079a8a9f2650a97f1f7c2c9e481a5d626de7b5db4ab09151,poses/A71EV2A-x4344a/A71EV2A-x4344a_best-RMSD.openstructure.json,1cd8b87962fdb637ede667cc1c8b1be90e3dd69210613220e8522cef1bdde39a,poses/A71EV2A-x4344a/A71EV2A-x4344a_best-RMSD.posebusters.csv,603de56168474054a14bd9a6e857d491aecc7e95da03ffe384755730220943b0
A71EV2A-x4365_A_201_0_1_A71EV2A-x0526+A+147+0+1__LIG,NC(=O)[C@H]1CCCN(C(=O)Cc2cccc3c2OCCO3)C1,C001,4,lowest-energy,poses/A71EV2A-x4365b/A71EV2A-x4365b_lowest-energy.sdf,A71EV2A-x4365b,6,2.488,0.748,-108.963,-33.220,TRUE,8908ec7223935d94a1de4d0f9f0cf7741c637cae3c204c94276f75e57e563d72,poses/A71EV2A-x4365b/A71EV2A-x4365b_lowest-energy.openstructure.json,455ff672b7bd054ba59b2246a8fe5d5253e947d04be593cfb39169f48f66f5fe,poses/A71EV2A-x4365b/A71EV2A-x4365b_lowest-energy.posebusters.csv,6f47a4bfaaaccf5a6304d6a45754d6eca83d1d2d65c574cf96a91d8482b43b4a
A71EV2A-x4365_A_201_0_1_A71EV2A-x0526+A+147+0+1__LIG,NC(=O)[C@H]1CCCN(C(=O)Cc2cccc3c2OCCO3)C1,C001,4,best-RMSD,poses/A71EV2A-x4365a/A71EV2A-x4365a_best-RMSD.sdf,A71EV2A-x4365a,2,0.408,0.990,-105.549,-32.980,TRUE,adaf29eab9fe6b8054b9a8e96134b7876f8cdd9da768720baea273eed9c865a3,poses/A71EV2A-x4365a/A71EV2A-x4365a_best-RMSD.openstructure.json,605f4eaa2bbd514cfe839d7e6bcdaf02abb7630dc21a8c7c74664289ad1787d6,poses/A71EV2A-x4365a/A71EV2A-x4365a_best-RMSD.posebusters.csv,30073dce6045961fceafad34fed353468393bffe72a24b78ae623299329dd37d
A71EV2A-x4373_A_201_0_1_A71EV2A-x0526+A+147+0+1__LIG,NC(=O)[C@H]1CCCN(C(=O)Cc2cccc3c2OCO3)C1,C001,4,lowest-energy,poses/A71EV2A-x4373a/A71EV2A-x4373a_lowest-energy.sdf,A71EV2A-x4373a,5,0.331,1.000,-93.478,-35.030,TRUE,9649f2ed1b15d535c7cff81dbc20b707c4983db96e39ad648145d075b3ce88aa,poses/A71EV2A-x4373a/A71EV2A-x4373a_lowest-energy.openstructure.json,ed62275da08aedcc78dbdb7e0c42b8b496b4b18737790ea81280512129444732,poses/A71EV2A-x4373a/A71EV2A-x4373a_lowest-energy.posebusters.csv,b221727608be12ffe8718c0d8db38010353ec770cdcc784818f5697116b480a9
A71EV2A-x4373_A_201_0_1_A71EV2A-x0526+A+147+0+1__LIG,NC(=O)[C@H]1CCCN(C(=O)Cc2cccc3c2OCO3)C1,C001,4,best-RMSD,poses/A71EV2A-x4373a/A71EV2A-x4373a_best-RMSD.sdf,A71EV2A-x4373a,10,0.239,1.000,-93.038,-34.890,TRUE,1754f279065491856df453ba7249d1fae396f59c42231c83cb9683e88f4267e3,poses/A71EV2A-x4373a/A71EV2A-x4373a_best-RMSD.openstructure.json,b6ef201affc643dd940ad755d1affc3b2e59927e82aac7797ad69adec01da1f3,poses/A71EV2A-x4373a/A71EV2A-x4373a_best-RMSD.posebusters.csv,24124d01d76c385ae574642bd9c6f9370ea792790ef20762378bdb14a63af9ca
A71EV2A-x5151_A_201_0_1_A71EV2A-x0526+A+147+0+1__LIG,NC(=O)[C@H]1CCCN(C(=O)Cc2cccc3c2SCC3)C1,C001,4,lowest-energy,poses/A71EV2A-x5151a/A71EV2A-x5151a_lowest-energy.sdf,A71EV2A-x5151a,4,0.346,0.991,-97.335,-30.130,TRUE,be4555116e080cba126f918b30a6fa93bc4991bd977b22241e2145705d686694,poses/A71EV2A-x5151a/A71EV2A-x5151a_lowest-energy.openstructure.json,f0f36579348a33d950a0e27f2ac0f5fd79b8241366c5e699544aa3db77e7ce28,poses/A71EV2A-x5151a/A71EV2A-x5151a_lowest-energy.posebusters.csv,22f5f372d6ef41017feb9dcb35f21460fefdc58fa5dad99b494355f8989289ff
A71EV2A-x5151_A_201_0_1_A71EV2A-x0526+A+147+0+1__LIG,NC(=O)[C@H]1CCCN(C(=O)Cc2cccc3c2SCC3)C1,C001,4,best-RMSD,poses/A71EV2A-x5151a/A71EV2A-x5151a_best-RMSD.sdf,A71EV2A-x5151a,9,0.306,0.995,-97.019,-29.280,TRUE,565dfd28b074314784c4eea6a1fe0eeb07c091ed1c82d2e5a377204b2f875876,poses/A71EV2A-x5151a/A71EV2A-x5151a_best-RMSD.openstructure.json,edef3ee8fc224628c96c9cdbda17c7dc8abac8bf68ec1415eee68a0e4c87f720,poses/A71EV2A-x5151a/A71EV2A-x5151a_best-RMSD.posebusters.csv,7aaa5abb46d2b3c4bc29a9bfdd8ed1db11dc8788b402840c0cf24e36c996f561
A71EV2A-x4908_A_201_0_1_A71EV2A-x0526+A+147+0+1__LIG,NC(=O)[C@H]1CCCN(C(=O)Cc2cccc3ccoc23)C1,C001,4,lowest-energy,poses/A71EV2A-x4908a/A71EV2A-x4908a_lowest-energy.sdf,A71EV2A-x4908a,7,0.348,1.000,-89.673,-32.280,TRUE,4080b2d8463b153d824d239c116405433ed48e95abe03037d991b52fad282d07,poses/A71EV2A-x4908a/A71EV2A-x4908a_lowest-energy.openstructure.json,a41bbff1576bd89741459a20631af4b83abcc0ae23d0ccbd5666bc6fc9392df7,poses/A71EV2A-x4908a/A71EV2A-x4908a_lowest-energy.posebusters.csv,dc946ad441756fffbd84f5de24a06e930a138624097ebc23694985d990b9cf19
A71EV2A-x4908_A_201_0_1_A71EV2A-x0526+A+147+0+1__LIG,NC(=O)[C@H]1CCCN(C(=O)Cc2cccc3ccoc23)C1,C001,4,best-RMSD,poses/A71EV2A-x4908a/A71EV2A-x4908a_best-RMSD.sdf,A71EV2A-x4908a,9,0.253,1.000,-88.914,-32.090,TRUE,a8e9faf380eaa952ba9fe86836bc866d3bdd4740da0103032c4c59e5e5402ed0,poses/A71EV2A-x4908a/A71EV2A-x4908a_best-RMSD.openstructure.json,a83e93272b019da51fd3ca26662d6e0268610dd6ad5826257517030ef07d1d20,poses/A71EV2A-x4908a/A71EV2A-x4908a_best-RMSD.posebusters.csv,d25aa8f1ef473812976209d5ac4de7b0b79796f55e1aa5d5f6a3e62b69f8fb86
A71EV2A-x3210_A_201_0_1_A71EV2A-x0526+A+147+0+1__LIG,NC(=O)[C@H]1CCCN(C(=O)Cc2cccc3cn[nH]c23)C1,C001,4,lowest-energy,poses/A71EV2A-x3210a/A71EV2A-x3210a_lowest-energy.sdf,A71EV2A-x3210a,4,0.404,1.000,-87.172,-33.220,TRUE,fe95877ca26a63921072a3307831f6ccfa3451dfd14d72310cf954afb269d95c,poses/A71EV2A-x3210a/A71EV2A-x3210a_lowest-energy.openstructure.json,baa0220ec2ddb1704bf86cfe8382c7d19cea30d24bcb1dba83d49e4f55eb8ecb,poses/A71EV2A-x3210a/A71EV2A-x3210a_lowest-energy.posebusters.csv,900eb281f7e1220b27be20eefb9ef200432b5c717bf9bf447d352105c5994564
A71EV2A-x3210_A_201_0_1_A71EV2A-x0526+A+147+0+1__LIG,NC(=O)[C@H]1CCCN(C(=O)Cc2cccc3cn[nH]c23)C1,C001,4,best-RMSD,poses/A71EV2A-x3210a/A71EV2A-x3210a_best-RMSD.sdf,A71EV2A-x3210a,3,0.318,1.000,-85.821,-31.290,TRUE,d63087b4220d0ba0325c8b2487de0e92a672d6094828406ce8f3bc2189aaa40c,poses/A71EV2A-x3210a/A71EV2A-x3210a_best-RMSD.openstructure.json,d185315fe61c7cc3a7814ef1cb2a05295f01b72642b2b6cd42082ef7b4b1ea26,poses/A71EV2A-x3210a/A71EV2A-x3210a_best-RMSD.posebusters.csv,4c4cf6cc80e8df6b9a17d7c7114712047eff41dd16a8ed7426de33b5f362f655
A71EV2A-x5221_A_201_0_1_A71EV2A-x0526+A+147+0+1__LIG,NC(=O)[C@H]1CCCN(C(=O)Cc2cccc3ncsc23)C1,C001,4,lowest-energy,poses/A71EV2A-x5221a/A71EV2A-x5221a_lowest-energy.sdf,A71EV2A-x5221a,9,0.335,0.996,-106.995,-36.590,TRUE,3ddc5e92aba3c9d983b1a88ebbf582f1e04a10409752127e0056f8cd76a3e36f,poses/A71EV2A-x5221a/A71EV2A-x5221a_lowest-energy.openstructure.json,81aee12d0806a7e09d42cbd11600836e858c2463f87640af1f47d663952c2a2a,poses/A71EV2A-x5221a/A71EV2A-x5221a_lowest-energy.posebusters.csv,62595b8aaf7fac26e8e873e0e161c4e41e6013d02d69b42aafee883b935ac9ca
A71EV2A-x5221_A_201_0_1_A71EV2A-x0526+A+147+0+1__LIG,NC(=O)[C@H]1CCCN(C(=O)Cc2cccc3ncsc23)C1,C001,4,best-RMSD,poses/A71EV2A-x5221a/A71EV2A-x5221a_best-RMSD.sdf,A71EV2A-x5221a,8,0.295,1.000,-105.412,-36.370,TRUE,46e76a4dcb11f57c7434b62b57da6797a50a7af53d987692f5a562450f465745,poses/A71EV2A-x5221a/A71EV2A-x5221a_best-RMSD.openstructure.json,5cfaa1f22ced4461e3ce0d73511cc8d89c03d19d330433eb7a27fd40622546cd,poses/A71EV2A-x5221a/A71EV2A-x5221a_best-RMSD.posebusters.csv,2b06e40f40cc2feb78e815adb5be0afd870126276c606f2db9a98191d57e9bb9
A71EV2A-x4346_A_201_0_1_A71EV2A-x0526+A+147+0+1__LIG,NC(=O)[C@H]1CCCN(C(=O)Cc2cccc3nonc23)C1,C001,4,lowest-energy,poses/A71EV2A-x4346a/A71EV2A-x4346a_lowest-energy.sdf,A71EV2A-x4346a,3,0.319,0.998,-94.716,-27.720,TRUE,bcf637e3c5625aee18b8b239a407fb4a6b827a8bbc3904516c2aea63b9f7ce00,poses/A71EV2A-x4346a/A71EV2A-x4346a_lowest-energy.openstructure.json,996461d642d7c94993d790047d7032ef762a09d096d1e4aa61b5d0e31c888a63,poses/A71EV2A-x4346a/A71EV2A-x4346a_lowest-energy.posebusters.csv,411f67449fae354cd4073fe4019feb38e793275079892c9b9b60b8ec9ece8f00
A71EV2A-x4346_A_201_0_1_A71EV2A-x0526+A+147+0+1__LIG,NC(=O)[C@H]1CCCN(C(=O)Cc2cccc3nonc23)C1,C001,4,best-RMSD,poses/A71EV2A-x4346a/A71EV2A-x4346a_best-RMSD.sdf,A71EV2A-x4346a,8,0.227,1.000,-92.861,-27.820,TRUE,50d2e48259c85e4212545588612ef564bc4e51dfecd8f28dabbb268fb06e7771,poses/A71EV2A-x4346a/A71EV2A-x4346a_best-RMSD.openstructure.json,01349e1370bc96f491cc868ffef1394a0568ca60d5544fc3a5f5c6a22bfcfb3d,poses/A71EV2A-x4346a/A71EV2A-x4346a_best-RMSD.posebusters.csv,4662172da48b8296ad62a6ef95f0f113a3833db2a3f68bf11d73df1e68988066
A71EV2A-x4463_A_201_0_1_A71EV2A-x0526+A+147+0+1__LIG,NC(=O)[C@H]1CCCN(C(=O)Cc2cccc3nsnc23)C1,C001,4,lowest-energy,poses/A71EV2A-x4463a/A71EV2A-x4463a_lowest-energy.sdf,A71EV2A-x4463a,1,0.288,0.997,-109.451,-32.010,TRUE,4184ffbb4329af84e8faaf9a24778928fd05d63a6ede6b0fc6bfd15906e10cfa,poses/A71EV2A-x4463a/A71EV2A-x4463a_lowest-energy.openstructure.json,49afd6d767f3447350b3d96ebda394747b05e6a1e98b8d546af4c0c36b9bbd5f,poses/A71EV2A-x4463a/A71EV2A-x4463a_lowest-energy.posebusters.csv,fea817581b815db44a4c0f1e0b2bb23537670bf3f9962ca4afae25f1ddcfd52a
A71EV2A-x4463_A_201_0_1_A71EV2A-x0526+A+147+0+1__LIG,NC(=O)[C@H]1CCCN(C(=O)Cc2cccc3nsnc23)C1,C001,4,best-RMSD,poses/A71EV2A-x4463a/A71EV2A-x4463a_best-RMSD.sdf,A71EV2A-x4463a,2,0.171,1.000,-108.073,-31.230,TRUE,930596da2a59fac0c5220bd905b8cd887d8bd44e142eb052b7c217ffb27d5a47,poses/A71EV2A-x4463a/A71EV2A-x4463a_best-RMSD.openstructure.json,71b2fef7b1a48341111bfe0d359d7506639b7608e10e77f2d5276d5096a88250,poses/A71EV2A-x4463a/A71EV2A-x4463a_best-RMSD.posebusters.csv,6bb6c4de664ffabb8b74d8a8a9e5ae93d5b72d2a2a0f03e374b22776d3e65237
A71EV2A-x3191_A_201_0_1_A71EV2A-x0526+A+147+0+1__LIG,NC(=O)[C@H]1CCCN(C(=O)Cc2cccc3occc23)C1,C001,4,lowest-energy,poses/A71EV2A-x3191a/A71EV2A-x3191a_lowest-energy.sdf,A71EV2A-x3191a,1,0.316,1.000,-93.766,-33.680,TRUE,e2064dd4ad61a1bce0f174b47c50a1bc2e3475f30b2b1e2e459ea2d1530f53a6,poses/A71EV2A-x3191a/A71EV2A-x3191a_lowest-energy.openstructure.json,4fc73cdd985ca2bf7a1e6facb94bfc3ac490a2fb08a8c864b8e720ec7cd4d5a7,poses/A71EV2A-x3191a/A71EV2A-x3191a_lowest-energy.posebusters.csv,db3a34693af3ece41abd34da178ab0c63292b5602548205db5a0e7eeabdf0530
A71EV2A-x3191_A_201_0_1_A71EV2A-x0526+A+147+0+1__LIG,NC(=O)[C@H]1CCCN(C(=O)Cc2cccc3occc23)C1,C001,4,best-RMSD,poses/A71EV2A-x3191a/A71EV2A-x3191a_best-RMSD.sdf,A71EV2A-x3191a,8,0.264,0.992,-92.040,-33.420,TRUE,1292a09215bc597dbe3a1d17842492af037630c728df0de9b3dd9f47f6b10b91,poses/A71EV2A-x3191a/A71EV2A-x3191a_best-RMSD.openstructure.json,7949c1c961fe890758cfbd6e0cb9d03ac092ac4ebf084f3ccfc75eba09a2340e,poses/A71EV2A-x3191a/A71EV2A-x3191a_best-RMSD.posebusters.csv,3050e713e114c19fe4a2012de3bb76e60844c9c17c599a4cc0143f8d05678233
A71EV2A-x4341_A_201_0_1_A71EV2A-x0526+A+147+0+1__LIG,NC(=O)[C@H]1CCCN(C(=O)Cc2cccc3sccc23)C1,C001,4,lowest-energy,poses/A71EV2A-x4341a/A71EV2A-x4341a_lowest-energy.sdf,A71EV2A-x4341a,5,2.917,0.609,-81.820,-29.440,TRUE,79d08fa782ed99516caa1e8ac85063c5843f4e69baa2cd04f0dca9f737c0a012,poses/A71EV2A-x4341a/A71EV2A-x4341a_lowest-energy.openstructure.json,aa25ab2917b037a22b5f9bdabba38f3ecda41bb84f9d7d2c5dca9fdb9eccf454,poses/A71EV2A-x4341a/A71EV2A-x4341a_lowest-energy.posebusters.csv,3ec02ad3bc13587b5dd8ff00e69482fbca468421c14cda20c211465d10103a4a
A71EV2A-x4341_A_201_0_1_A71EV2A-x0526+A+147+0+1__LIG,NC(=O)[C@H]1CCCN(C(=O)Cc2cccc3sccc23)C1,C001,4,best-RMSD,poses/A71EV2A-x4341a/A71EV2A-x4341a_best-RMSD.sdf,A71EV2A-x4341a,6,1.611,0.779,-81.342,-28.160,TRUE,dca2dfb2508f8a5252bef7dd215a927017c62e0073d2734023aea7dff13bb517,poses/A71EV2A-x4341a/A71EV2A-x4341a_best-RMSD.openstructure.json,d6ccafaf41905b0a8f2ede4803dca8560c813c253d770abd3e24fedb49eeceb3,poses/A71EV2A-x4341a/A71EV2A-x4341a_best-RMSD.posebusters.csv,58f5d125690d53aa3c67fdb213a9a9390565937fcc0f24ac1ae81a4700941d3e
A71EV2A-x4650_A_201_0_1_A71EV2A-x0526+A+147+0+1__LIG,NC(=O)[C@H]1CCCN(C(=O)Cc2ccccc2C(F)(F)F)C1,C001,5,lowest-energy,poses/A71EV2A-x4650a/A71EV2A-x4650a_lowest-energy.sdf,A71EV2A-x4650a,9,0.338,0.994,-92.626,-35.280,TRUE,7513ce026ff56f0f8c04efd0302c19872e96b3e1703a6f8883507fd894b99cca,poses/A71EV2A-x4650a/A71EV2A-x4650a_lowest-energy.openstructure.json,f7daf58ec0f08c3fc097f2b7a0f288f735a9da8a84aa9d53ed434650b1b630eb,poses/A71EV2A-x4650a/A71EV2A-x4650a_lowest-energy.posebusters.csv,2d047012ee3c579811502cde2f6bf519aa0e8d1fa745760f0f1fc1e0cabcd57f
A71EV2A-x4650_A_201_0_1_A71EV2A-x0526+A+147+0+1__LIG,NC(=O)[C@H]1CCCN(C(=O)Cc2ccccc2C(F)(F)F)C1,C001,5,best-RMSD,poses/A71EV2A-x4650a/A71EV2A-x4650a_best-RMSD.sdf,A71EV2A-x4650a,9,0.338,0.994,-92.626,-35.280,TRUE,e4f1e9862ccc28da73435a9f14b997d2f3cf7d2c91cd896e14af7613aebc6fad,poses/A71EV2A-x4650a/A71EV2A-x4650a_best-RMSD.openstructure.json,f7daf58ec0f08c3fc097f2b7a0f288f735a9da8a84aa9d53ed434650b1b630eb,poses/A71EV2A-x4650a/A71EV2A-x4650a_best-RMSD.posebusters.csv,2d047012ee3c579811502cde2f6bf519aa0e8d1fa745760f0f1fc1e0cabcd57f
A71EV2A-x4374_A_201_0_1_A71EV2A-x0526+A+147+0+1__LIG,NC(=O)[C@H]1CCCN(C(=O)Cc2ccccc2CO)C1,C001,5,lowest-energy,poses/A71EV2A-x4374a/A71EV2A-x4374a_lowest-energy.sdf,A71EV2A-x4374a,2,0.334,0.998,-111.760,-34.940,TRUE,f3c9da6a39a67d9ea2ca20606ea3918502e2ce43e578d98b584071882865d9e0,poses/A71EV2A-x4374a/A71EV2A-x4374a_lowest-energy.openstructure.json,33a071f203ddba2ed39a4169e4206709d9235db05424662723cebf3fe7737adb,poses/A71EV2A-x4374a/A71EV2A-x4374a_lowest-energy.posebusters.csv,f7dd1912526ff2b67d11a0f19efd89f6eeb8d96307d6ac33aaa1d7b84a3e3df8
A71EV2A-x4374_A_201_0_1_A71EV2A-x0526+A+147+0+1__LIG,NC(=O)[C@H]1CCCN(C(=O)Cc2ccccc2CO)C1,C001,5,best-RMSD,poses/A71EV2A-x4374a/A71EV2A-x4374a_best-RMSD.sdf,A71EV2A-x4374a,7,0.268,1.000,-111.644,-34.650,TRUE,04c8ccbdb457d838c12fb4115c1a98b928061089ae0c922b1178f31d42b1ddeb,poses/A71EV2A-x4374a/A71EV2A-x4374a_best-RMSD.openstructure.json,ca8f558959c62fd23d02783acfd11cc2867940611c6b1c2d62ae7fa842f0b0d7,poses/A71EV2A-x4374a/A71EV2A-x4374a_best-RMSD.posebusters.csv,a8b21a8aa098f26647d2241050157c937c758a16206e4705f456287a5741121f
A71EV2A-x4403_A_201_0_1_A71EV2A-x0526+A+147+0+1__LIG,NC(=O)[C@H]1CCCN(C(=O)Cc2ccccc2CS(N)(=O)=O)C1,C001,6,lowest-energy,poses/A71EV2A-x4403a/A71EV2A-x4403a_lowest-energy.sdf,A71EV2A-x4403a,8,0.279,0.996,-101.480,-32.460,TRUE,590e6e86e16e06c9b9132d2a43a9d463b47c28d779b04f3cda4bcb14d5eaef63,poses/A71EV2A-x4403a/A71EV2A-x4403a_lowest-energy.openstructure.json,30066068627ada1077250b3812e3b5509951136d9e40bd045b66140b1f27be76,poses/A71EV2A-x4403a/A71EV2A-x4403a_lowest-energy.posebusters.csv,6ae130878416906dcc17fb093a572022a42801dab7b3214b89c869b498522e7f
A71EV2A-x4403_A_201_0_1_A71EV2A-x0526+A+147+0+1__LIG,NC(=O)[C@H]1CCCN(C(=O)Cc2ccccc2CS(N)(=O)=O)C1,C001,6,best-RMSD,poses/A71EV2A-x4403a/A71EV2A-x4403a_best-RMSD.sdf,A71EV2A-x4403a,8,0.279,0.996,-101.480,-32.460,TRUE,04878200603015dfdd9ad9165e964429a1b2d77bb3c8fdbe1c0c4411b54f6778,poses/A71EV2A-x4403a/A71EV2A-x4403a_best-RMSD.openstructure.json,30066068627ada1077250b3812e3b5509951136d9e40bd045b66140b1f27be76,poses/A71EV2A-x4403a/A71EV2A-x4403a_best-RMSD.posebusters.csv,6ae130878416906dcc17fb093a572022a42801dab7b3214b89c869b498522e7f
A71EV2A-x5394_A_201_0_1_A71EV2A-x0526+A+147+0+1__LIG,NC(=O)[C@H]1CCCN(C(=O)Cc2ccccc2Cl)C1,C001,4,lowest-energy,poses/A71EV2A-x5394a/A71EV2A-x5394a_lowest-energy.sdf,A71EV2A-x5394a,7,0.251,0.998,-108.466,-33.870,TRUE,d911fb472325c61ddc2b0184fddaff6cc28879f4f49671352b6af4825daecf1f,poses/A71EV2A-x5394a/A71EV2A-x5394a_lowest-energy.openstructure.json,e0de53b2d0b634607c923450e06107c9a10bfee728b39b86ea6b80300fb9577a,poses/A71EV2A-x5394a/A71EV2A-x5394a_lowest-energy.posebusters.csv,71509dd5147ce6baa7e5596846f824d47b234c041eb3fd37a5f5f85987d0832d
A71EV2A-x5394_A_201_0_1_A71EV2A-x0526+A+147+0+1__LIG,NC(=O)[C@H]1CCCN(C(=O)Cc2ccccc2Cl)C1,C001,4,best-RMSD,poses/A71EV2A-x5394b/A71EV2A-x5394b_best-RMSD.sdf,A71EV2A-x5394b,4,0.237,1.000,-104.149,-35.120,TRUE,553297b5a5f19be7d806625303cd8c5b15224bff50a12db1abfcf3d3ace247f0,poses/A71EV2A-x5394b/A71EV2A-x5394b_best-RMSD.openstructure.json,0d85be02433abc5e1967d4355c0f9ccebbf16620615191ccd162db424c575229,poses/A71EV2A-x5394b/A71EV2A-x5394b_best-RMSD.posebusters.csv,d0446af43232ff141140b1ad961774142301daf9f2d487a6f98972fae08e93ed
A71EV2A-x4319_A_201_0_1_A71EV2A-x0526+A+147+0+1__LIG,NC(=O)[C@H]1CCCN(C(=O)Cc2ccccc2OC(F)F)C1,C001,6,lowest-energy,poses/A71EV2A-x4319a/A71EV2A-x4319a_lowest-energy.sdf,A71EV2A-x4319a,9,2.579,0.655,-95.305,-34.600,TRUE,c2b8b2eb35bd47ca05a49dd30632b63baae175b5a1fe3cd7a7f5747ec0599cc9,poses/A71EV2A-x4319a/A71EV2A-x4319a_lowest-energy.openstructure.json,e10ae7cd002f586ab580779a3afe8d85889c234a026fad89b51876d32e2a6f08,poses/A71EV2A-x4319a/A71EV2A-x4319a_lowest-energy.posebusters.csv,92af890621ca58e18db16bd3f4bde3415f2ec4a3bcc78fdc6080a7bd9699c51a
A71EV2A-x4319_A_201_0_1_A71EV2A-x0526+A+147+0+1__LIG,NC(=O)[C@H]1CCCN(C(=O)Cc2ccccc2OC(F)F)C1,C001,6,best-RMSD,poses/A71EV2A-x4319a/A71EV2A-x4319a_best-RMSD.sdf,A71EV2A-x4319a,9,2.579,0.655,-95.305,-34.600,TRUE,891667c9a0bc9302ca8cece7163f10b99d77c2cf98a03780bb897a5e1e4ba162,poses/A71EV2A-x4319a/A71EV2A-x4319a_best-RMSD.openstructure.json,e10ae7cd002f586ab580779a3afe8d85889c234a026fad89b51876d32e2a6f08,poses/A71EV2A-x4319a/A71EV2A-x4319a_best-RMSD.posebusters.csv,92af890621ca58e18db16bd3f4bde3415f2ec4a3bcc78fdc6080a7bd9699c51a
A71EV2A-x4342_A_201_0_1_A71EV2A-x0526+A+147+0+1__LIG,NC(=O)[C@H]1CCCN(C(=O)Cc2cccnc2C(F)(F)F)C1,C001,5,lowest-energy,poses/A71EV2A-x4342a/A71EV2A-x4342a_lowest-energy.sdf,A71EV2A-x4342a,6,2.831,0.697,-86.717,-30.120,TRUE,5e15e09c69601161bfc1edf195821a211f7702d787910760e5e786c07438a40a,poses/A71EV2A-x4342a/A71EV2A-x4342a_lowest-energy.openstructure.json,800b95e71c93d661a1451e17a0e06cff7ab7231683c480af214518a67ff43885,poses/A71EV2A-x4342a/A71EV2A-x4342a_lowest-energy.posebusters.csv,1b8ac2e054880155c2bf2f0ab131e2d9d07bf5a5033d9ceb366b40ea68f8e923
A71EV2A-x4342_A_201_0_1_A71EV2A-x0526+A+147+0+1__LIG,NC(=O)[C@H]1CCCN(C(=O)Cc2cccnc2C(F)(F)F)C1,C001,5,best-RMSD,poses/A71EV2A-x4342a/A71EV2A-x4342a_best-RMSD.sdf,A71EV2A-x4342a,2,1.072,0.898,-85.943,-31.320,TRUE,bf9911079a306266641917b622d64295b2eb5bb496ee2173e6170c69e04b6742,poses/A71EV2A-x4342a/A71EV2A-x4342a_best-RMSD.openstructure.json,5ed9c0e73d4a78cbfac4f696b21907342aab8b01e2c8ccc21c45f365678b73d1,poses/A71EV2A-x4342a/A71EV2A-x4342a_best-RMSD.posebusters.csv,4cb707ff77a4299c69814548bbf85fcc2bc87adb3a23739df8b7e28a6189e4f7
A71EV2A-x5079_A_201_0_1_A71EV2A-x0526+A+147+0+1__LIG,NC(=O)[C@H]1CCCN(C(=O)Cc2cccnc2Cl)C1,C001,4,lowest-energy,poses/A71EV2A-x5079a/A71EV2A-x5079a_lowest-energy.sdf,A71EV2A-x5079a,6,0.214,1.000,-110.575,-32.810,TRUE,e0d06d9588ed89a529c1c839ffb86cb42782fafc2a9e0027c59c52b1619809c4,poses/A71EV2A-x5079a/A71EV2A-x5079a_lowest-energy.openstructure.json,a46d81738cb4c19fc270198c2bd8533bcc813587cff56b9878a867448751deac,poses/A71EV2A-x5079a/A71EV2A-x5079a_lowest-energy.posebusters.csv,7b4a9a0eae83e673a0ae51d974cfe9c36922ae64669cda42612fb97a10b51e61
A71EV2A-x5079_A_201_0_1_A71EV2A-x0526+A+147+0+1__LIG,NC(=O)[C@H]1CCCN(C(=O)Cc2cccnc2Cl)C1,C001,4,best-RMSD,poses/A71EV2A-x5079a/A71EV2A-x5079a_best-RMSD.sdf,A71EV2A-x5079a,5,0.190,1.000,-109.953,-32.590,TRUE,b23e51230e64fe4bd97224cee1da81194073f76fe0cb2a2b2c2dc8a7570fd218,poses/A71EV2A-x5079a/A71EV2A-x5079a_best-RMSD.openstructure.json,63d47add85fc5a452e5ff4cf2ea13884fa511328337eacbdd7099f6f74610dc5,poses/A71EV2A-x5079a/A71EV2A-x5079a_best-RMSD.posebusters.csv,481e67f4c0056be18be78dab2cec790d8017a5fc21a996ee8bc50899b1504e66
A71EV2A-x3963_A_201_0_1_A71EV2A-x0526+A+147+0+1__LIG,NC(=O)[C@H]1CCCN(C(=O)Cc2cccnc2N)C1,C001,4,lowest-energy,poses/A71EV2A-x4489b/A71EV2A-x4489b_lowest-energy.sdf,A71EV2A-x4489b,3,0.199,1.000,-109.419,-35.420,TRUE,3dbd8086c40688efc1d74f074eff53a1dd8250fe20dff7f32d1ed7fc3cced17f,poses/A71EV2A-x4489b/A71EV2A-x4489b_lowest-energy.openstructure.json,58383d375a12f5327e65205dc27c209e5b16f132202c7ca30bc3ebc27c71ba49,poses/A71EV2A-x4489b/A71EV2A-x4489b_lowest-energy.posebusters.csv,c0d27d89f1af56b7484d71083a4adac248226318b7640d5a79e14130be03479d
A71EV2A-x3963_A_201_0_1_A71EV2A-x0526+A+147+0+1__LIG,NC(=O)[C@H]1CCCN(C(=O)Cc2cccnc2N)C1,C001,4,best-RMSD,poses/A71EV2A-x4489b/A71EV2A-x4489b_best-RMSD.sdf,A71EV2A-x4489b,3,0.199,1.000,-109.419,-35.420,TRUE,8491db277e7de07c975921e52794bd20047a57aae1735883f1caeb459d6c929d,poses/A71EV2A-x4489b/A71EV2A-x4489b_best-RMSD.openstructure.json,58383d375a12f5327e65205dc27c209e5b16f132202c7ca30bc3ebc27c71ba49,poses/A71EV2A-x4489b/A71EV2A-x4489b_best-RMSD.posebusters.csv,c0d27d89f1af56b7484d71083a4adac248226318b7640d5a79e14130be03479d
A71EV2A-x4372_A_201_0_1_A71EV2A-x0526+A+147+0+1__LIG,NC(=O)[C@H]1CCCN(C(=O)Cc2cccnc2O)C1,C001,4,lowest-energy,poses/A71EV2A-x4372a/A71EV2A-x4372a_lowest-energy.sdf,A71EV2A-x4372a,5,1.680,0.842,-104.137,-29.820,TRUE,0d5e2a270824ac13a456a267025f22fa47dcf5a43b118c7ae12bd2168efaf1b8,poses/A71EV2A-x4372a/A71EV2A-x4372a_lowest-energy.openstructure.json,710d375633462832fa0c6872203afbf90b7a0578ef2f2df8406ea32ac4c909e0,poses/A71EV2A-x4372a/A71EV2A-x4372a_lowest-energy.posebusters.csv,2be4efd303cd7fbb9d88e4d16f7688f94c4fbcc28d3aa24ba2bac52fa8eef9e0
A71EV2A-x4372_A_201_0_1_A71EV2A-x0526+A+147+0+1__LIG,NC(=O)[C@H]1CCCN(C(=O)Cc2cccnc2O)C1,C001,4,best-RMSD,poses/A71EV2A-x4372a/A71EV2A-x4372a_best-RMSD.sdf,A71EV2A-x4372a,4,0.610,0.958,-95.079,-29.410,TRUE,275b38928c46dbccaee9b674e6d78524275463cfa742ee2cb1b10a99236fab77,poses/A71EV2A-x4372a/A71EV2A-x4372a_best-RMSD.openstructure.json,48f7e6737a70a642d14ae396161deca187f78f2cf55548f2f8e0ec4888873d4e,poses/A71EV2A-x4372a/A71EV2A-x4372a_best-RMSD.posebusters.csv,3b65006828fb8c3d637b558a845163cf7405bcfb8e5df5a89b09cbf7f53b8a99
A71EV2A-x3193_A_201_0_1_A71EV2A-x0526+A+147+0+1__LIG,NC(=O)[C@H]1CCCN(C(=O)Cc2ccnc(Cl)c2Br)C1,C001,4,lowest-energy,poses/A71EV2A-x3193a/A71EV2A-x3193a_lowest-energy.sdf,A71EV2A-x3193a,5,0.417,0.990,-104.966,-31.120,TRUE,37b1fa0e1fdc0e0e708cee8062951f06a886cb390766b861a4844854a0099aa8,poses/A71EV2A-x3193a/A71EV2A-x3193a_lowest-energy.openstructure.json,d70636850eafcd8a685ca6eb917f253f1827e8514aa96329979b8d6252c0a537,poses/A71EV2A-x3193a/A71EV2A-x3193a_lowest-energy.posebusters.csv,c852e385d855c49bb61bd8b7bd2984fbdd2578fb0d87c9d7f27c876239dcba04
A71EV2A-x3193_A_201_0_1_A71EV2A-x0526+A+147+0+1__LIG,NC(=O)[C@H]1CCCN(C(=O)Cc2ccnc(Cl)c2Br)C1,C001,4,best-RMSD,poses/A71EV2A-x3193a/A71EV2A-x3193a_best-RMSD.sdf,A71EV2A-x3193a,7,0.334,1.000,-103.967,-30.970,TRUE,4ee9f02d902777dee930ac64edd2e2d08a64beccf225cb2b644b0e58673126e2,poses/A71EV2A-x3193a/A71EV2A-x3193a_best-RMSD.openstructure.json,4545a78479d38881ec64fa941b3dfc2acdcb9a2f0c6fdd1e5c9f6d00440fd081,poses/A71EV2A-x3193a/A71EV2A-x3193a_best-RMSD.posebusters.csv,fe0c93439c69565765ee978614f325a03959aa566d00f66280532e99c0fddb08
A71EV2A-x5213_A_201_0_1_A71EV2A-x0526+A+147+0+1__LIG,NC(=O)[C@H]1CCCN(C(=O)Cc2ccnc(Cl)n2)C1,C001,4,lowest-energy,poses/A71EV2A-x5213b/A71EV2A-x5213b_lowest-energy.sdf,A71EV2A-x5213b,6,0.225,1.000,-114.455,-34.440,TRUE,9709c0449030856da60d7f7777bd1e7f27c967fc18a75fe45ad266b88a5fe313,poses/A71EV2A-x5213b/A71EV2A-x5213b_lowest-energy.openstructure.json,8f08a7e1c092440940b1eb2961733d2e0d1bb5cf293765243d8ea46893cfdb5e,poses/A71EV2A-x5213b/A71EV2A-x5213b_lowest-energy.posebusters.csv,adea36db52af3b4bc431000a5ea65c9f6300042c3ad44b62740d681a9bc47ed7
A71EV2A-x5213_A_201_0_1_A71EV2A-x0526+A+147+0+1__LIG,NC(=O)[C@H]1CCCN(C(=O)Cc2ccnc(Cl)n2)C1,C001,4,best-RMSD,poses/A71EV2A-x5213b/A71EV2A-x5213b_best-RMSD.sdf,A71EV2A-x5213b,7,0.198,1.000,-113.062,-33.360,TRUE,f86edecbd4e1daaae35b0341d6d5afb5fe34f1308ce0d3d833d4283ef71aeb90,poses/A71EV2A-x5213b/A71EV2A-x5213b_best-RMSD.openstructure.json,96548ca53092336637837bf6bbf69a5240bed0dbcdb58dc44093f9ef705217b4,poses/A71EV2A-x5213b/A71EV2A-x5213b_best-RMSD.posebusters.csv,3f080c8783aefb2f3e2a63a96b5b84eaf7eeb2f594a074fed036a99ea6f74464
A71EV2A-x3207_A_201_0_1_A71EV2A-x0526+A+147+0+1__LIG,NC(=O)[C@H]1CCCN(C(=O)Cc2ccnc(N)c2)C1,C001,4,lowest-energy,poses/A71EV2A-x3207a/A71EV2A-x3207a_lowest-energy.sdf,A71EV2A-x3207a,9,0.307,1.000,-108.828,-33.730,TRUE,2bb3cd1a832134c85b72b4a849e8739f9262e4430049e84a5d3ba2992f76e85c,poses/A71EV2A-x3207a/A71EV2A-x3207a_lowest-energy.openstructure.json,63fb6ebe8b2a5e574e266ce9305633f2a4953ced04d53d9d333fbc31b9d2aa30,poses/A71EV2A-x3207a/A71EV2A-x3207a_lowest-energy.posebusters.csv,2f49f91a38387741444799603a063b1b5b359080a998412eec0e195873e3391a
A71EV2A-x3207_A_201_0_1_A71EV2A-x0526+A+147+0+1__LIG,NC(=O)[C@H]1CCCN(C(=O)Cc2ccnc(N)c2)C1,C001,4,best-RMSD,poses/A71EV2A-x3207a/A71EV2A-x3207a_best-RMSD.sdf,A71EV2A-x3207a,1,0.255,1.000,-108.261,-33.450,TRUE,f51e3aec5888885af6e357217ac646fbe9a8ad60017958304a66e559811b828b,poses/A71EV2A-x3207a/A71EV2A-x3207a_best-RMSD.openstructure.json,5500ae404e3295692fdf175335e52854cbc317410e427ead29fdb544414cc2b7,poses/A71EV2A-x3207a/A71EV2A-x3207a_best-RMSD.posebusters.csv,eb0cc2d6e5aacba7080d02bba995a07247047f585a2eba0b4d7742818293d2b2
A71EV2A-x4343_A_201_0_1_A71EV2A-x0526+A+147+0+1__LIG,NC(=O)[C@H]1CCCN(C(=O)Cc2ccnc(O)c2Br)C1,C001,4,lowest-energy,poses/A71EV2A-x4343b/A71EV2A-x4343b_lowest-energy.sdf,A71EV2A-x4343b,8,0.327,0.995,-108.396,-34.870,TRUE,76dc5fdb4a30242e07d5727e0a3811ceab16ececfc38142517332bb749361351,poses/A71EV2A-x4343b/A71EV2A-x4343b_lowest-energy.openstructure.json,0ce710710b0832d7c2401672cb02f7a30f02d18ad677b34c88b525330160dc05,poses/A71EV2A-x4343b/A71EV2A-x4343b_lowest-energy.posebusters.csv,66065032eaaa9f46b23113337d61efffb53fe018eb916cd1c6e3ef7030a07c75
A71EV2A-x4343_A_201_0_1_A71EV2A-x0526+A+147+0+1__LIG,NC(=O)[C@H]1CCCN(C(=O)Cc2ccnc(O)c2Br)C1,C001,4,best-RMSD,poses/A71EV2A-x4343b/A71EV2A-x4343b_best-RMSD.sdf,A71EV2A-x4343b,8,0.327,0.995,-108.396,-34.870,TRUE,a898171470a4b215109d5a9720f9310bac6bd86d021515489d524f046539d738,poses/A71EV2A-x4343b/A71EV2A-x4343b_best-RMSD.openstructure.json,0ce710710b0832d7c2401672cb02f7a30f02d18ad677b34c88b525330160dc05,poses/A71EV2A-x4343b/A71EV2A-x4343b_best-RMSD.posebusters.csv,66065032eaaa9f46b23113337d61efffb53fe018eb916cd1c6e3ef7030a07c75
A71EV2A-x4461_A_201_0_1_A71EV2A-x0526+A+147+0+1__LIG,NC(=O)[C@H]1CCCN(C(=O)Cc2ccncc2Cl)C1,C001,4,lowest-energy,poses/A71EV2A-x4461a/A71EV2A-x4461a_lowest-energy.sdf,A71EV2A-x4461a,3,0.292,0.998,-99.831,-31.160,TRUE,6ca6f49812264f06fd77f0e4d25ab85b45b5f498b09b989124a8db749588542b,poses/A71EV2A-x4461a/A71EV2A-x4461a_lowest-energy.openstructure.json,e89037727bcfbbabbc25de4ffad38aedad5ca66592eb3399fdd51ebdf7993f54,poses/A71EV2A-x4461a/A71EV2A-x4461a_lowest-energy.posebusters.csv,28a60d7ee9f07e156f90ff1106f29879543c80f0afd354ba4f33ec3c156342ab
A71EV2A-x4461_A_201_0_1_A71EV2A-x0526+A+147+0+1__LIG,NC(=O)[C@H]1CCCN(C(=O)Cc2ccncc2Cl)C1,C001,4,best-RMSD,poses/A71EV2A-x4461a/A71EV2A-x4461a_best-RMSD.sdf,A71EV2A-x4461a,9,0.206,1.000,-99.118,-31.010,TRUE,fb943dbc83033ab963e56b6bc906c91f72cbe06803882d9b36728423be4e7fd0,poses/A71EV2A-x4461a/A71EV2A-x4461a_best-RMSD.openstructure.json,ba4e454e3d4a85c00a12f45e022949cdcc14eae84954aaf76255f52c7bfe3185,poses/A71EV2A-x4461a/A71EV2A-x4461a_best-RMSD.posebusters.csv,86a635461e5db52c31a70ab4aaf7b719026a0af2571a0a40e88caa2087636294
A71EV2A-x5425_A_201_0_1_A71EV2A-x0526+A+147+0+1__LIG,NC(=O)[C@H]1CCCN(C(=O)Cc2ccsc2)C1,C001,4,lowest-energy,poses/A71EV2A-x5425a/A71EV2A-x5425a_lowest-energy.sdf,A71EV2A-x5425a,9,0.296,0.996,-100.457,-32.750,TRUE,c64809934833771ef597a4d375cdb9bd2e340f789a1022a244cc24edf3cb6c2b,poses/A71EV2A-x5425a/A71EV2A-x5425a_lowest-energy.openstructure.json,9bb9e759558ed87bd204ecc0908718d3d6094f497d0cbbdd1bdec86d544ddfef,poses/A71EV2A-x5425a/A71EV2A-x5425a_lowest-energy.posebusters.csv,0ce7e51f527fd0a5f4dff075291f84d0e6c0c1af89c1a3793cd15e59fcd2c97b
A71EV2A-x5425_A_201_0_1_A71EV2A-x0526+A+147+0+1__LIG,NC(=O)[C@H]1CCCN(C(=O)Cc2ccsc2)C1,C001,4,best-RMSD,poses/A71EV2A-x5425a/A71EV2A-x5425a_best-RMSD.sdf,A71EV2A-x5425a,8,0.248,1.000,-99.214,-32.040,TRUE,bba4ab8c5db317978e0876f2302c952e180b7701aaa7344a61ca0a97c29d2b38,poses/A71EV2A-x5425a/A71EV2A-x5425a_best-RMSD.openstructure.json,df5f3e9c28b778d49d3d2c6a364a98dbeb99ba55c2a1b5b6807bca76af8110a4,poses/A71EV2A-x5425a/A71EV2A-x5425a_best-RMSD.posebusters.csv,662430b88e58ca039ecff6784436fbfc6c0722e39b22f6283ce23cfa95970782
A71EV2A-x4292_A_201_0_1_A71EV2A-x0526+A+147+0+1__LIG,NC(=O)[C@H]1CCCN(C(=O)Cc2cnccc2C(F)(F)F)C1,C001,5,lowest-energy,poses/A71EV2A-x4292a/A71EV2A-x4292a_lowest-energy.sdf,A71EV2A-x4292a,7,0.266,1.000,-110.201,-35.980,TRUE,6dbab322c3a2b82a28de4443a4c09c550f3862d6d08eb422c5ccf63e3fc6c941,poses/A71EV2A-x4292a/A71EV2A-x4292a_lowest-energy.openstructure.json,aa62d160be3828651a9e274909cce6ac46a607b9668f85001d6ea4ec291aa36d,poses/A71EV2A-x4292a/A71EV2A-x4292a_lowest-energy.posebusters.csv,d05cbcf514a971453526b49d502a9384f6592c0a451c96356b987bb494cc3eee
A71EV2A-x4292_A_201_0_1_A71EV2A-x0526+A+147+0+1__LIG,NC(=O)[C@H]1CCCN(C(=O)Cc2cnccc2C(F)(F)F)C1,C001,5,best-RMSD,poses/A71EV2A-x4292a/A71EV2A-x4292a_best-RMSD.sdf,A71EV2A-x4292a,6,0.223,1.000,-110.169,-35.510,TRUE,fa5009a817bdfe4473f9d6bf0c18ad2e2c22dbe947b6c6b0823b5cb378515768,poses/A71EV2A-x4292a/A71EV2A-x4292a_best-RMSD.openstructure.json,9803d96bbb618cb6db190976c4fc021374aa8395496dd95de268848517bf2490,poses/A71EV2A-x4292a/A71EV2A-x4292a_best-RMSD.posebusters.csv,45efa474fda8136cdb30e08f31ee42c6a201fc1689fa25c06f1cf5b7a8fdeae5
A71EV2A-x5081_A_201_0_1_A71EV2A-x0526+A+147+0+1__LIG,NC(=O)[C@H]1CCCN(C(=O)Cc2cncnc2Cl)C1,C001,4,lowest-energy,poses/A71EV2A-x5081a/A71EV2A-x5081a_lowest-energy.sdf,A71EV2A-x5081a,8,0.222,1.000,-110.430,-31.970,TRUE,45052d40508d2e202d496e8f00d5d8fad1d42c891f89b7ff7f97d38c393b7c18,poses/A71EV2A-x5081a/A71EV2A-x5081a_lowest-energy.openstructure.json,3a0eea660319e6e7526811d6c384a4b6a31963bb05e075113db1959c5be20aee,poses/A71EV2A-x5081a/A71EV2A-x5081a_lowest-energy.posebusters.csv,c5b7bacbf488501f22326dc9c4a23826ac1ba00b6d13f1930597572d3b3f4ae0
A71EV2A-x5081_A_201_0_1_A71EV2A-x0526+A+147+0+1__LIG,NC(=O)[C@H]1CCCN(C(=O)Cc2cncnc2Cl)C1,C001,4,best-RMSD,poses/A71EV2A-x5081a/A71EV2A-x5081a_best-RMSD.sdf,A71EV2A-x5081a,9,0.184,1.000,-109.871,-31.660,TRUE,2b3416a7352285e6c89a2e120d668782f8dbc04bc1a62315acf847ead9ca3fac,poses/A71EV2A-x5081a/A71EV2A-x5081a_best-RMSD.openstructure.json,3e6e1184d376e0d1462fa1b53e3396113f53435313474842e3e5c8bfe5dcbaa0,poses/A71EV2A-x5081a/A71EV2A-x5081a_best-RMSD.posebusters.csv,995b478038ba067c3c56a3450e925b85bc102e293cfde954dd240530db004d32
A71EV2A-x4519_A_201_0_1_A71EV2A-x0526+A+147+0+1__LIG,NC(=O)[C@H]1CCCN(C(=O)Cc2ncc3ccc(Br)cn23)C1,C086,4,lowest-energy,poses/A71EV2A-x4580a/A71EV2A-x4580a_lowest-energy.sdf,A71EV2A-x4580a,2,0.221,1.000,-91.755,-33.010,TRUE,103e6292c77587fc8911d9f6d77d3cae7c9a38d55b21d8912baf8db811a7db97,poses/A71EV2A-x4580a/A71EV2A-x4580a_lowest-energy.openstructure.json,2856045f09fbfff5e1b561cac0d8f243f9937c5f326df86bba3fdf15b0229acb,poses/A71EV2A-x4580a/A71EV2A-x4580a_lowest-energy.posebusters.csv,79a5115fc0834fd8b350c8a96526e9c3104cb0535161c6ffb7f42953bd669232
A71EV2A-x4519_A_201_0_1_A71EV2A-x0526+A+147+0+1__LIG,NC(=O)[C@H]1CCCN(C(=O)Cc2ncc3ccc(Br)cn23)C1,C086,4,best-RMSD,poses/A71EV2A-x4580a/A71EV2A-x4580a_best-RMSD.sdf,A71EV2A-x4580a,2,0.221,1.000,-91.755,-33.010,TRUE,ad1f12391487800e1f9f2744e540aad24c7b70c471c7603012ce56495d8d3520,poses/A71EV2A-x4580a/A71EV2A-x4580a_best-RMSD.openstructure.json,2856045f09fbfff5e1b561cac0d8f243f9937c5f326df86bba3fdf15b0229acb,poses/A71EV2A-x4580a/A71EV2A-x4580a_best-RMSD.posebusters.csv,79a5115fc0834fd8b350c8a96526e9c3104cb0535161c6ffb7f42953bd669232
A71EV2A-x4979_A_201_0_1_A71EV2A-x0526+A+147+0+1__LIG,NC(=O)[C@H]1CCCN(C(=O)Cc2ncncc2Cl)C1,C017,4,lowest-energy,poses/A71EV2A-x4979b/A71EV2A-x4979b_lowest-energy.sdf,A71EV2A-x4979b,10,0.197,1.000,-108.981,-31.500,TRUE,56e5b218372b24bdf0feefc579dd4a2ef7265f628ae4e8f982348883016c6d36,poses/A71EV2A-x4979b/A71EV2A-x4979b_lowest-energy.openstructure.json,5ffa3fa36ae8a57c16753471999ab3dedddd7946e9e854992dc15e254214605f,poses/A71EV2A-x4979b/A71EV2A-x4979b_lowest-energy.posebusters.csv,14e1839ff0ac64a53b38cf542388e07c24cd773274eda00e46e317bf8aa7d147
A71EV2A-x4979_A_201_0_1_A71EV2A-x0526+A+147+0+1__LIG,NC(=O)[C@H]1CCCN(C(=O)Cc2ncncc2Cl)C1,C017,4,best-RMSD,poses/A71EV2A-x4979a/A71EV2A-x4979a_best-RMSD.sdf,A71EV2A-x4979a,5,0.176,1.000,-102.657,-28.540,TRUE,17bbc6df5e18d176be9c5ddaa78cd9e29a42319b6ddbbba07be1fa1480892e3f,poses/A71EV2A-x4979a/A71EV2A-x4979a_best-RMSD.openstructure.json,aaa23ac51b1df2562e86d4db6ca5d59a5a99aace5013f179625c3afa1f4754b6,poses/A71EV2A-x4979a/A71EV2A-x4979a_best-RMSD.posebusters.csv,d300c3701520ebd3215d0856911993d7193c888f42e328f88eac2224fb91c2ff
A71EV2A-x4540_A_201_0_1_A71EV2A-x0526+A+147+0+1__LIG,NC(=O)[C@H]1CCCN(C(=O)Cn2cc(Br)cc(Cl)c2=O)C1,C031,4,lowest-energy,poses/A71EV2A-x4540a/A71EV2A-x4540a_lowest-energy.sdf,A71EV2A-x4540a,7,2.322,0.734,-115.373,-25.780,TRUE,47490dc5216ad819d05ef98d58d5920ce2d971ded6b6dce2490a3cc1786f1d45,poses/A71EV2A-x4540a/A71EV2A-x4540a_lowest-energy.openstructure.json,bdfd237144807c3782e6c8fd58e3956d2486042778be2bb0dac33440b1202657,poses/A71EV2A-x4540a/A71EV2A-x4540a_lowest-energy.posebusters.csv,6b506d25ae3a543eb2d01511155a44093ecdd2abed030f7db69cdf88b10bc3c3
A71EV2A-x4540_A_201_0_1_A71EV2A-x0526+A+147+0+1__LIG,NC(=O)[C@H]1CCCN(C(=O)Cn2cc(Br)cc(Cl)c2=O)C1,C031,4,best-RMSD,poses/A71EV2A-x4540a/A71EV2A-x4540a_best-RMSD.sdf,A71EV2A-x4540a,4,0.280,1.000,-114.855,-25.030,TRUE,1d63d89bb5e748d8a058422d3040b5207ec1d8544b4f82379c1eb5da23989f13,poses/A71EV2A-x4540a/A71EV2A-x4540a_best-RMSD.openstructure.json,cdc1242dcaad324d953f93a8cef91ef569d51a91389fbd758f18721964849567,poses/A71EV2A-x4540a/A71EV2A-x4540a_best-RMSD.posebusters.csv,3bc1db805bc28afb7b99132ed9f196c992bc0e1dde7f7f87a186326d4189d55e
A71EV2A-x3417_A_201_0_1_A71EV2A-x0526+A+147+0+1__LIG,NC(=O)[C@H]1CCCN(C(=O)NCC2CC2)C1,C020,5,lowest-energy,poses/A71EV2A-x3417a/A71EV2A-x3417a_lowest-energy.sdf,A71EV2A-x3417a,8,0.229,1.000,-118.225,-28.700,TRUE,135c884f7570324db9e56c4166b1f59bee6a774d85eb2719ce867ef17b5e8a6b,poses/A71EV2A-x3417a/A71EV2A-x3417a_lowest-energy.openstructure.json,b7ae1d00d79a10bc0e5796c01ba3e0a5613c3a37202e7f83fe6fc9e659a8bdda,poses/A71EV2A-x3417a/A71EV2A-x3417a_lowest-energy.posebusters.csv,1f65e9b4846e8dca559956eb0939d3610e589bc9ad90c4396e12004f3f16b132
A71EV2A-x3417_A_201_0_1_A71EV2A-x0526+A+147+0+1__LIG,NC(=O)[C@H]1CCCN(C(=O)NCC2CC2)C1,C020,5,best-RMSD,poses/A71EV2A-x3417a/A71EV2A-x3417a_best-RMSD.sdf,A71EV2A-x3417a,7,0.194,1.000,-117.689,-29.000,TRUE,412bd91cf56cdb831b99a3522b70a1960ca6a0a88651d8f4bb9c2a3acec544e8,poses/A71EV2A-x3417a/A71EV2A-x3417a_best-RMSD.openstructure.json,97a569430c933ec4330f2f40234f2fd1c5fc2f502ca25e2c59c38a959eaac24e,poses/A71EV2A-x3417a/A71EV2A-x3417a_best-RMSD.posebusters.csv,a0fd3f6b2bc62fbf920be88d8fc4243a0d7913551f94e0be869f4cba3525c801
A71EV2A-x4308_A_201_0_1_A71EV2A-x0526+A+147+0+1__LIG,NC(=O)[C@H]1CCCN(C(=O)Nc2cc3c(cc2Cl)OCO3)C1,C003,4,lowest-energy,poses/A71EV2A-x4308a/A71EV2A-x4308a_lowest-energy.sdf,A71EV2A-x4308a,5,0.356,1.000,-112.090,-36.300,TRUE,faf7bc6c1e6f2146844d1fbbab8599915f2ec37e8aacd5c3556a5db757896a2b,poses/A71EV2A-x4308a/A71EV2A-x4308a_lowest-energy.openstructure.json,193ad8897850e7b4cd90551f9d9658353c0bff57de2e933f44ea8ecbe7499581,poses/A71EV2A-x4308a/A71EV2A-x4308a_lowest-energy.posebusters.csv,739fb59e502d0bd818dfbd409a600abe7a230f92ddd4925865bd87ff22670214
A71EV2A-x4308_A_201_0_1_A71EV2A-x0526+A+147+0+1__LIG,NC(=O)[C@H]1CCCN(C(=O)Nc2cc3c(cc2Cl)OCO3)C1,C003,4,best-RMSD,poses/A71EV2A-x4308a/A71EV2A-x4308a_best-RMSD.sdf,A71EV2A-x4308a,3,0.245,0.998,-110.575,-36.460,TRUE,c30422a020802283aacb6d3c3f6048fe0e30496cd7637b28bdd1fc738c72294c,poses/A71EV2A-x4308a/A71EV2A-x4308a_best-RMSD.openstructure.json,067d9b1dffb763b7779cdc8b697696bb1b2b9e890589bc41b5727bcc8c49cce7,poses/A71EV2A-x4308a/A71EV2A-x4308a_best-RMSD.posebusters.csv,3302f6641169e9d7cd4569a0e798027c2c44b8c7132c50940a08a531af654b41
A71EV2A-x4654_A_201_0_1_A71EV2A-x0526+A+147+0+1__LIG,NC(=O)[C@H]1CCCN(C(=O)Nc2cccc3c2S(=O)(=O)CCC3)C1,C003,4,lowest-energy,poses/A71EV2A-x4654a/A71EV2A-x4654a_lowest-energy.sdf,A71EV2A-x4654a,5,0.632,0.957,-114.672,-36.090,TRUE,d88f87ae36958fb07dfc19a586c6fb9494b02a17de815d80130c404c68dc511c,poses/A71EV2A-x4654a/A71EV2A-x4654a_lowest-energy.openstructure.json,1a3554ad11502709ae92a51e45ff84174b4733d36b623834083d34ef5f572089,poses/A71EV2A-x4654a/A71EV2A-x4654a_lowest-energy.posebusters.csv,05a463469e37822bbc2fa45224498b39aedf35712a6b48da2e847bc159a709a8
A71EV2A-x4654_A_201_0_1_A71EV2A-x0526+A+147+0+1__LIG,NC(=O)[C@H]1CCCN(C(=O)Nc2cccc3c2S(=O)(=O)CCC3)C1,C003,4,best-RMSD,poses/A71EV2A-x4654a/A71EV2A-x4654a_best-RMSD.sdf,A71EV2A-x4654a,8,0.360,1.000,-112.103,-35.230,TRUE,f765e4d878a06ce46cf9449a2d4e06f524ccfe3846acd52b3fa88ec3af751d80,poses/A71EV2A-x4654a/A71EV2A-x4654a_best-RMSD.openstructure.json,905e33a72edc4307838d86c242e2f377ce6027bed9f6ae34ddc783d7b794e70b,poses/A71EV2A-x4654a/A71EV2A-x4654a_best-RMSD.posebusters.csv,a887fd5cd6876ea02e2b8f0d78cbcdb63f4354192948175c3b0aac609898cfbc
A71EV2A-x4674_A_201_0_1_A71EV2A-x0526+A+147+0+1__LIG,NC(=O)[C@H]1CCCN(C(=O)Nc2cccc3c2SCCC3)C1,C003,4,lowest-energy,poses/A71EV2A-x4674c/A71EV2A-x4674c_lowest-energy.sdf,A71EV2A-x4674c,7,0.817,0.928,-122.328,-34.680,TRUE,604eaa11b4bed2a98ceac740f89cce32ebc7e0adac3be8eda506e0cc47c5664f,poses/A71EV2A-x4674c/A71EV2A-x4674c_lowest-energy.openstructure.json,f39c91a0b8b363aaafa8644d87c469861368dd5181034bb149a63d60d1bb22ef,poses/A71EV2A-x4674c/A71EV2A-x4674c_lowest-energy.posebusters.csv,9a267117687a588ff6daabecb63599e498322b0a5bc3da54237fa7fb430b7ba2
A71EV2A-x4674_A_201_0_1_A71EV2A-x0526+A+147+0+1__LIG,NC(=O)[C@H]1CCCN(C(=O)Nc2cccc3c2SCCC3)C1,C003,4,best-RMSD,poses/A71EV2A-x4674a/A71EV2A-x4674a_best-RMSD.sdf,A71EV2A-x4674a,5,0.587,0.970,-120.191,-32.670,TRUE,c90f680c19694253051dd73eac6fe9a33c0eae91fa1288835eec150966f1c082,poses/A71EV2A-x4674a/A71EV2A-x4674a_best-RMSD.openstructure.json,301560eec8a14eaa4ab01025290c7c33682b3a5505edfd63b31c8407cd5980ac,poses/A71EV2A-x4674a/A71EV2A-x4674a_best-RMSD.posebusters.csv,7e7b7035d988636a58ef76e35bce3c1fc14c43526f111332708695cf052d2ae4
A71EV2A-x5793_A_4000_0_1_A71EV2A-x0526+A+147+0+1__LIG,NC(=O)[C@H]1CCCN(C(=O)Nc2ccccc2Cl)C1,C003,4,lowest-energy,poses/A71EV2A-x5793b/A71EV2A-x5793b_lowest-energy.sdf,A71EV2A-x5793b,8,0.367,0.997,-126.542,-34.200,TRUE,6a3983562e7383d20c92638db85a64c1775f86c4b28ef19d9560f4e9bf7c451c,poses/A71EV2A-x5793b/A71EV2A-x5793b_lowest-energy.openstructure.json,7fa7fd782c417df6167a9e6747ce2986aa5ccaf9f8358893e9d43594b93fcd62,poses/A71EV2A-x5793b/A71EV2A-x5793b_lowest-energy.posebusters.csv,858c63f100c9a2c183248142c6c5e218e0f9dcb31a4512c3f2612153dde9e209
A71EV2A-x5793_A_4000_0_1_A71EV2A-x0526+A+147+0+1__LIG,NC(=O)[C@H]1CCCN(C(=O)Nc2ccccc2Cl)C1,C003,4,best-RMSD,poses/A71EV2A-x5793b/A71EV2A-x5793b_best-RMSD.sdf,A71EV2A-x5793b,4,0.205,1.000,-125.670,-34.170,TRUE,7f4b2dd94f0f5f06a1bc71e71a3cf54190da4540486eb17d402bbd601f51b8ee,poses/A71EV2A-x5793b/A71EV2A-x5793b_best-RMSD.openstructure.json,4ff176a5f35488136044df1d504461546ca56074fceab9c3aaa92871749ef7c8,poses/A71EV2A-x5793b/A71EV2A-x5793b_best-RMSD.posebusters.csv,2305d0c17db2dfcedef820f4456cf15fa74543538497ac9790248485f80cf2db
A71EV2A-x3612_A_201_0_1_A71EV2A-x0526+A+147+0+1__LIG,NC(=O)[C@H]1CCCN(C(=O)Nc2ccccc2F)C1,C003,4,lowest-energy,poses/A71EV2A-x3612a/A71EV2A-x3612a_lowest-energy.sdf,A71EV2A-x3612a,4,0.178,1.000,-122.100,-37.320,TRUE,c2183c040a8940a8ae040a01b18ab43038064e0644ddf9d6f246d1d61bd0ae26,poses/A71EV2A-x3612a/A71EV2A-x3612a_lowest-energy.openstructure.json,18f2b5d4da0bf2bafe64cc7fe3bfeb230770ebb9005693b9d2f523f9eae3d00f,poses/A71EV2A-x3612a/A71EV2A-x3612a_lowest-energy.posebusters.csv,86d17b66bae8cd9220f128852465e61275e41f1bab902ec89395fb26cbd9d151
A71EV2A-x3612_A_201_0_1_A71EV2A-x0526+A+147+0+1__LIG,NC(=O)[C@H]1CCCN(C(=O)Nc2ccccc2F)C1,C003,4,best-RMSD,poses/A71EV2A-x3612a/A71EV2A-x3612a_best-RMSD.sdf,A71EV2A-x3612a,4,0.178,1.000,-122.100,-37.320,TRUE,979eceeab634ec744f8f506d6be9f89d6e516bdc6b8973d1ec14d76b7cda45cd,poses/A71EV2A-x3612a/A71EV2A-x3612a_best-RMSD.openstructure.json,18f2b5d4da0bf2bafe64cc7fe3bfeb230770ebb9005693b9d2f523f9eae3d00f,poses/A71EV2A-x3612a/A71EV2A-x3612a_best-RMSD.posebusters.csv,86d17b66bae8cd9220f128852465e61275e41f1bab902ec89395fb26cbd9d151
A71EV2A-x4306_A_201_0_1_A71EV2A-x0526+A+147+0+1__LIG,NC(=O)[C@H]1CCCN(C(=O)Nc2ccccc2OCC(F)(F)F)C1,C003,7,lowest-energy,poses/A71EV2A-x4306a/A71EV2A-x4306a_lowest-energy.sdf,A71EV2A-x4306a,8,0.261,0.998,-131.898,-37.850,TRUE,4dac28752f26f0d03436b1813d7cb126319bfb199d6a2fcaf4ec8bc47dac398a,poses/A71EV2A-x4306a/A71EV2A-x4306a_lowest-energy.openstructure.json,5da0fc76781f3f748dfaa8e45a857d2778aab898dc349bf9203901aaf3a00c33,poses/A71EV2A-x4306a/A71EV2A-x4306a_lowest-energy.posebusters.csv,cdebb7486b463a7c11511d3897574821590b8ccffc0edb72c3c59611efd67894
A71EV2A-x4306_A_201_0_1_A71EV2A-x0526+A+147+0+1__LIG,NC(=O)[C@H]1CCCN(C(=O)Nc2ccccc2OCC(F)(F)F)C1,C003,7,best-RMSD,poses/A71EV2A-x4306a/A71EV2A-x4306a_best-RMSD.sdf,A71EV2A-x4306a,8,0.261,0.998,-131.898,-37.850,TRUE,decff6996787064facb6a6e33ffad12785c676b8d3d3f1d199199a2ec35a79f8,poses/A71EV2A-x4306a/A71EV2A-x4306a_best-RMSD.openstructure.json,5da0fc76781f3f748dfaa8e45a857d2778aab898dc349bf9203901aaf3a00c33,poses/A71EV2A-x4306a/A71EV2A-x4306a_best-RMSD.posebusters.csv,cdebb7486b463a7c11511d3897574821590b8ccffc0edb72c3c59611efd67894
A71EV2A-x4656_A_201_0_1_A71EV2A-x0526+A+147+0+1__LIG,NC(=O)[C@H]1CCCN(C(=O)Nc2ccccc2SC(F)F)C1,C003,6,lowest-energy,poses/A71EV2A-x4656a/A71EV2A-x4656a_lowest-energy.sdf,A71EV2A-x4656a,5,0.233,1.000,-111.496,-30.710,TRUE,f7ef461bc2fc53479fec759bde3380339dac0b19944e6f1c5335446f272c7f16,poses/A71EV2A-x4656a/A71EV2A-x4656a_lowest-energy.openstructure.json,a8251d3f826b1ca90f3bc631bef693f56aa371b393cf9970816209deccaa984b,poses/A71EV2A-x4656a/A71EV2A-x4656a_lowest-energy.posebusters.csv,c316facffb3ddd26a2f440825e6028547a90bb1cb38f5e03acb7e00a0fcf0a46
A71EV2A-x4656_A_201_0_1_A71EV2A-x0526+A+147+0+1__LIG,NC(=O)[C@H]1CCCN(C(=O)Nc2ccccc2SC(F)F)C1,C003,6,best-RMSD,poses/A71EV2A-x4656a/A71EV2A-x4656a_best-RMSD.sdf,A71EV2A-x4656a,2,0.201,1.000,-111.297,-30.170,TRUE,1e6a929a9cad67719179e0e54f255178873ff73076705696ee31e3eae60d946f,poses/A71EV2A-x4656a/A71EV2A-x4656a_best-RMSD.openstructure.json,f744fc00ebda3bea136d34cd1c1e7778a7890d0eeea12cb8b6166ad215dc0a44,poses/A71EV2A-x4656a/A71EV2A-x4656a_best-RMSD.posebusters.csv,3d318aba7f1b0afcd195f06852cd854e2b8ad1ce8a8f9c4aac4a185e93f58f3b
A71EV2A-x4959_A_201_0_1_A71EV2A-x0526+A+147+0+1__LIG,NC(=O)[C@H]1CCCN(C(=O)Nc2ccccc2SC2CC2)C1,C001,6,lowest-energy,poses/A71EV2A-x4959b/A71EV2A-x4959b_lowest-energy.sdf,A71EV2A-x4959b,2,1.069,0.907,-116.532,-36.680,TRUE,b8feb5a12d4622c3fd4dfa34a937f2aeced14bf5268ce8603817c578b89be600,poses/A71EV2A-x4959b/A71EV2A-x4959b_lowest-energy.openstructure.json,6558ffbaade8b75b789ce44250d0d023e02ea8998ab2087c353ec5a03ed5e5b4,poses/A71EV2A-x4959b/A71EV2A-x4959b_lowest-energy.posebusters.csv,a50ba1e2f95dea8277e53c48146f0da1c304e0021f056e9f48eb2896efa14650
A71EV2A-x4959_A_201_0_1_A71EV2A-x0526+A+147+0+1__LIG,NC(=O)[C@H]1CCCN(C(=O)Nc2ccccc2SC2CC2)C1,C001,6,best-RMSD,poses/A71EV2A-x4959a/A71EV2A-x4959a_best-RMSD.sdf,A71EV2A-x4959a,6,0.745,0.937,-113.818,-34.080,TRUE,6e2e4c9e2c8360452e90f2394c4d293b0b4391b8a1f8f41480de4086772a2bee,poses/A71EV2A-x4959a/A71EV2A-x4959a_best-RMSD.openstructure.json,53d46877007f7ba6815e09c76e48769bcb027a7e839945d3159fb1886dce65cf,poses/A71EV2A-x4959a/A71EV2A-x4959a_best-RMSD.posebusters.csv,b52da1df3dbaa5d98888b1c55507eeaeaaa1e7eeeb798a8fc8d1bde138dc0c97
A71EV2A-x5351_A_201_0_1_A71EV2A-x0526+A+147+0+1__LIG,NC(=O)[C@H]1CCCN(C(=O)OC2CCCCC2)C1,C014,4,lowest-energy,poses/A71EV2A-x5351a/A71EV2A-x5351a_lowest-energy.sdf,A71EV2A-x5351a,6,0.224,1.000,-96.336,-27.020,TRUE,0e98f94b7fb360e57e1ab4a07836b39a648ea97c792c0c7c80263804bb30e1df,poses/A71EV2A-x5351a/A71EV2A-x5351a_lowest-energy.openstructure.json,51a0b5acc5abbd202b30d5a2a0eda30611931ebf41ed76c36c57f95b975cb684,poses/A71EV2A-x5351a/A71EV2A-x5351a_lowest-energy.posebusters.csv,90fa8f02cb8c4b07fcb74ab5dab50a2480620ada70b0899cd875895eea3da95b
A71EV2A-x5351_A_201_0_1_A71EV2A-x0526+A+147+0+1__LIG,NC(=O)[C@H]1CCCN(C(=O)OC2CCCCC2)C1,C014,4,best-RMSD,poses/A71EV2A-x5351a/A71EV2A-x5351a_best-RMSD.sdf,A71EV2A-x5351a,6,0.224,1.000,-96.336,-27.020,TRUE,ac3ab9ed6fb88da12601faa0e96e2b46eb48bb098bb2e9611f983c8bad1282b5,poses/A71EV2A-x5351a/A71EV2A-x5351a_best-RMSD.openstructure.json,51a0b5acc5abbd202b30d5a2a0eda30611931ebf41ed76c36c57f95b975cb684,poses/A71EV2A-x5351a/A71EV2A-x5351a_best-RMSD.posebusters.csv,90fa8f02cb8c4b07fcb74ab5dab50a2480620ada70b0899cd875895eea3da95b
A71EV2A-x5401_A_4000_0_1_A71EV2A-x0526+A+147+0+1__LIG,NC(=O)[C@H]1CCCN(C(=O)Oc2ccccc2)C1,C003,4,lowest-energy,poses/A71EV2A-x5401a/A71EV2A-x5401a_lowest-energy.sdf,A71EV2A-x5401a,6,0.394,0.996,-95.620,-33.670,TRUE,7a732f89002a67d9d288e32206eb86ecd310c2bb2503196d8f4d66da7ae9571e,poses/A71EV2A-x5401a/A71EV2A-x5401a_lowest-energy.openstructure.json,77a1860d388fbb34bded8d0d25b0a17ac558d1d45496263ed52471dc853e382a,poses/A71EV2A-x5401a/A71EV2A-x5401a_lowest-energy.posebusters.csv,edd872a9116167dc82683a8f2431b65e1da005b175f598da5be16eaee08967fd
A71EV2A-x5401_A_4000_0_1_A71EV2A-x0526+A+147+0+1__LIG,NC(=O)[C@H]1CCCN(C(=O)Oc2ccccc2)C1,C003,4,best-RMSD,poses/A71EV2A-x5401a/A71EV2A-x5401a_best-RMSD.sdf,A71EV2A-x5401a,5,0.346,0.998,-95.016,-33.050,TRUE,3887b7025ee8af773964b3b05a830ce27410ec28df602d0dce1562e9d86b7b79,poses/A71EV2A-x5401a/A71EV2A-x5401a_best-RMSD.openstructure.json,dd413d0cab2869c148f2c766fe7b5b7f639654ae23b8cb6886dd250bf13a0190,poses/A71EV2A-x5401a/A71EV2A-x5401a_best-RMSD.posebusters.csv,a951dae12748436b047b5b42a68052d29aff9ceb7e948ceea6e5e1a9cbfa1af2
A71EV2A-x5402_A_201_0_1_A71EV2A-x0526+A+147+0+1__LIG,NC(=O)[C@H]1CCCN(C(=O)Oc2ccccc2F)C1,C003,4,lowest-energy,poses/A71EV2A-x5402a/A71EV2A-x5402a_lowest-energy.sdf,A71EV2A-x5402a,3,0.328,0.999,-98.974,-35.880,TRUE,285b8637ef3739ca8b4101af6db1ca89abb14831c904ac6d22d754b41af3d73f,poses/A71EV2A-x5402a/A71EV2A-x5402a_lowest-energy.openstructure.json,c49acf8cd13d034a48f6c86acf0599699b0a63c367539d2d7291988e82cc8a24,poses/A71EV2A-x5402a/A71EV2A-x5402a_lowest-energy.posebusters.csv,eb4ffe0026ef28f729072ed7a776e1d27583cc25379288bc1c0793b2b922367b
A71EV2A-x5402_A_201_0_1_A71EV2A-x0526+A+147+0+1__LIG,NC(=O)[C@H]1CCCN(C(=O)Oc2ccccc2F)C1,C003,4,best-RMSD,poses/A71EV2A-x5402a/A71EV2A-x5402a_best-RMSD.sdf,A71EV2A-x5402a,10,0.320,1.000,-98.311,-36.190,TRUE,4b4efcede07e29bf4b6b2cf58e72957f7d2c1f8ee25800cba4ad9534735da042,poses/A71EV2A-x5402a/A71EV2A-x5402a_best-RMSD.openstructure.json,9c3c44c0e544df46b0a74a364ab34ba0a0de2c993d25b55f455c10aeffdc4c3d,poses/A71EV2A-x5402a/A71EV2A-x5402a_best-RMSD.posebusters.csv,486fcd8ca32bfd5b85e12fa58be39145655ff33fa2e8b9284be18e5e8237f5d7
A71EV2A-x5576_A_4000_0_1_A71EV2A-x0526+A+147+0+1__LIG,NC(=O)[C@H]1CCCN(C(=O)Oc2ccccc2N2CCCCC2)C1,C003,5,lowest-energy,poses/A71EV2A-x5576b/A71EV2A-x5576b_lowest-energy.sdf,A71EV2A-x5576b,6,1.186,0.904,-100.104,-35.350,TRUE,684c978babbb6823f01e40a945ebb36cdb5e19dd7e0fd48f62547299e915e330,poses/A71EV2A-x5576b/A71EV2A-x5576b_lowest-energy.openstructure.json,9db75bce249df04639dc3f0ca146f0b0044b06fc69bcf9757a64b04edfa38bd0,poses/A71EV2A-x5576b/A71EV2A-x5576b_lowest-energy.posebusters.csv,7877095220a5841c04e67cdf8c434fa2386d6325e0e79db1fead6d909d77a86b
A71EV2A-x5576_A_4000_0_1_A71EV2A-x0526+A+147+0+1__LIG,NC(=O)[C@H]1CCCN(C(=O)Oc2ccccc2N2CCCCC2)C1,C003,5,best-RMSD,poses/A71EV2A-x5576a/A71EV2A-x5576a_best-RMSD.sdf,A71EV2A-x5576a,6,0.348,0.999,-99.751,-37.290,TRUE,431a58583a6a28f41efbbe97203769bff3dc4c56840e0899d5e87eb321810b03,poses/A71EV2A-x5576a/A71EV2A-x5576a_best-RMSD.openstructure.json,10c92c2d7de65e98e649dcc8087b412f721c48a0998cf6f115c0e8f3706f7b42,poses/A71EV2A-x5576a/A71EV2A-x5576a_best-RMSD.posebusters.csv,20dad0610334f097a0f27e203eee7b52ae4ef9b3cab950cbbcdd20a1b22a6a03
A71EV2A-x3981_A_201_0_1_A71EV2A-x0526+A+147+0+1__LIG,NC(=O)[C@H]1CCCN(C(=O)[C@@H](CCc2ccccc2)c2ccccc2)C1,C008,7,lowest-energy,poses/A71EV2A-x3981a/A71EV2A-x3981a_lowest-energy.sdf,A71EV2A-x3981a,2,1.965,0.891,-105.652,-37.100,TRUE,c1055a1d4423e05af7f4445de0f225c253acd6975b425a6ee811b53e4196d582,poses/A71EV2A-x3981a/A71EV2A-x3981a_lowest-energy.openstructure.json,6e6f6dd09c23e9367ece06f5d63df28c620bf61bda916229d24656def30852bd,poses/A71EV2A-x3981a/A71EV2A-x3981a_lowest-energy.posebusters.csv,af6ad8c033dd02d25387c399858eda138b81b6c74c27a71afc5ff32d128b5536
A71EV2A-x3981_A_201_0_1_A71EV2A-x0526+A+147+0+1__LIG,NC(=O)[C@H]1CCCN(C(=O)[C@@H](CCc2ccccc2)c2ccccc2)C1,C008,7,best-RMSD,poses/A71EV2A-x3981a/A71EV2A-x3981a_best-RMSD.sdf,A71EV2A-x3981a,6,1.565,0.930,-96.306,-33.020,TRUE,2b0cfde58edaf90a828a58f015c21d26e0bd6c6abab45bba01c41ec66ed26233,poses/A71EV2A-x3981a/A71EV2A-x3981a_best-RMSD.openstructure.json,c5c07e91c0f11c0ee8e6d14d70269dab995a94bc49dc7d79518fc7a940fe6fa4,poses/A71EV2A-x3981a/A71EV2A-x3981a_best-RMSD.posebusters.csv,6c966a3a3cff5fc7b9862f9338389e3e3d7e40b947dad6f1fe0b6351a4ac30ca
A71EV2A-x3975_A_201_0_1_A71EV2A-x0526+A+147+0+1__LIG,NC(=O)[C@H]1CCCN(C(=O)[C@@H](CN2CCCC2)c2ccccc2)C1,C008,6,lowest-energy,poses/A71EV2A-x3975a/A71EV2A-x3975a_lowest-energy.sdf,A71EV2A-x3975a,6,0.320,0.999,-102.544,-36.070,TRUE,d0a5ab2c43031e0852479b95f832af5878763663ada5ddef4ca8fdae2e27003c,poses/A71EV2A-x3975a/A71EV2A-x3975a_lowest-energy.openstructure.json,513a36afcbf411f2469feeae4f05f91434d15c567d5a3e2aeb163607132a4b23,poses/A71EV2A-x3975a/A71EV2A-x3975a_lowest-energy.posebusters.csv,4c83499da8b519e3db1783eaff50d2345e1bfc3f454ac4b1dcb383bb06a2d6df
A71EV2A-x3975_A_201_0_1_A71EV2A-x0526+A+147+0+1__LIG,NC(=O)[C@H]1CCCN(C(=O)[C@@H](CN2CCCC2)c2ccccc2)C1,C008,6,best-RMSD,poses/A71EV2A-x3975a/A71EV2A-x3975a_best-RMSD.sdf,A71EV2A-x3975a,3,0.277,0.999,-102.541,-35.810,TRUE,6bfa0e6a6ab044b7dae22b8203cd6a6af417d3518d604bd8abfb9ecc7ced8bd2,poses/A71EV2A-x3975a/A71EV2A-x3975a_best-RMSD.openstructure.json,f7faa8c9729385962c6ef82957aac2932c2c442f3e415ec100b7c6cd6380e953,poses/A71EV2A-x3975a/A71EV2A-x3975a_best-RMSD.posebusters.csv,851ad55c07a1e551c33701a2f1fc422042b90ea1a69d82597fd74ec0922b5c4f
A71EV2A-x4237_A_201_A_1_A71EV2A-x0526+A+147+0+1_ALIG,NC(=O)[C@H]1CCCN(C(=O)[C@@H](Cc2ccc(F)cc2)c2ccccc2)C1,C008,6,lowest-energy,poses/A71EV2A-x4237b/A71EV2A-x4237b_lowest-energy.sdf,A71EV2A-x4237b,3,0.819,0.949,-103.430,-40.380,TRUE,c22097e65ad81199817bf4219dc6ee112ca4e652c1a68ab64d70f81ad8c926f8,poses/A71EV2A-x4237b/A71EV2A-x4237b_lowest-energy.openstructure.json,ec7383c61e65f87522308d27ddc511c560f16ca65d0064febc85a1019af71dee,poses/A71EV2A-x4237b/A71EV2A-x4237b_lowest-energy.posebusters.csv,5dcb6343635e442252d4367c9a5a0b519a2e7224de40f439b00a89a27a100f80
A71EV2A-x4237_A_201_A_1_A71EV2A-x0526+A+147+0+1_ALIG,NC(=O)[C@H]1CCCN(C(=O)[C@@H](Cc2ccc(F)cc2)c2ccccc2)C1,C008,6,best-RMSD,poses/A71EV2A-x4237b/A71EV2A-x4237b_best-RMSD.sdf,A71EV2A-x4237b,9,0.402,0.997,-101.266,-39.240,TRUE,a5515495d3b57a32a3d8238dc47fd5d27392a2d42875738f1cff742c81e1ea56,poses/A71EV2A-x4237b/A71EV2A-x4237b_best-RMSD.openstructure.json,cdcfc02804f3a9f062dfc50ca98df4de6a2526934ba38c9eabaa7051cbd07a83,poses/A71EV2A-x4237b/A71EV2A-x4237b_best-RMSD.posebusters.csv,ed45b42cba3bd852de021abafe0c750a9c2151556af851e7155ab320d1f9dad2
A71EV2A-x3986_A_201_0_1_A71EV2A-x0526+A+147+0+1__LIG,NC(=O)[C@H]1CCCN(C(=O)[C@@H](Sc2ccccc2)c2ccccc2)C1,C008,6,lowest-energy,poses/A71EV2A-x3986a/A71EV2A-x3986a_lowest-energy.sdf,A71EV2A-x3986a,9,1.526,0.776,-94.415,-31.450,TRUE,70da455b9802f362232e49aae6ffae2d69f7d69f88c8b66930ab5fe6167587a3,poses/A71EV2A-x3986a/A71EV2A-x3986a_lowest-energy.openstructure.json,c9592e5c91013e1bf488a4aa285b2f250134d09d4abdaf8a50f57cedc7a75997,poses/A71EV2A-x3986a/A71EV2A-x3986a_lowest-energy.posebusters.csv,99ed8bf6a73a82b4d0f4151453f054b06ed795da5a3a593bc577c9c5d8dfc107
A71EV2A-x3986_A_201_0_1_A71EV2A-x0526+A+147+0+1__LIG,NC(=O)[C@H]1CCCN(C(=O)[C@@H](Sc2ccccc2)c2ccccc2)C1,C008,6,best-RMSD,poses/A71EV2A-x3986b/A71EV2A-x3986b_best-RMSD.sdf,A71EV2A-x3986b,9,0.742,0.948,-92.074,-28.260,TRUE,ced554c6bfe4ab9bb41ea1abfe042c1d297039e6b7b57cbc60ed47e3c2165c30,poses/A71EV2A-x3986b/A71EV2A-x3986b_best-RMSD.openstructure.json,e29f0ebb038044bfd379f52505b5fcf6d0a3c510d5c766954df8d4347731bf97,poses/A71EV2A-x3986b/A71EV2A-x3986b_best-RMSD.posebusters.csv,8ed5e8bb54921aa3a896c039da7573deeb96e4e6c571d318422c7b29f58c80e6
A71EV2A-x3218_A_201_0_1_A71EV2A-x0526+A+147+0+1__LIG,NC(=O)[C@H]1CCCN(C(=O)[C@@H]2CCNc3[nH]ncc32)C1,C022,3,lowest-energy,poses/A71EV2A-x3218a/A71EV2A-x3218a_lowest-energy.sdf,A71EV2A-x3218a,8,0.296,0.991,-101.194,-36.750,TRUE,34dbaf423d1bf3aa34e0e7f41b795c5487edd2f22ea5de11aafb27aae7bb5eb0,poses/A71EV2A-x3218a/A71EV2A-x3218a_lowest-energy.openstructure.json,0b17bc8a2242ea1fbcf6ac9053799d089821883a8ad08b565c08f1ee52a453ad,poses/A71EV2A-x3218a/A71EV2A-x3218a_lowest-energy.posebusters.csv,aff22c742caa794558fa2f3145d9d3236a202facce74ba322080f0d591c24ffd
A71EV2A-x3218_A_201_0_1_A71EV2A-x0526+A+147+0+1__LIG,NC(=O)[C@H]1CCCN(C(=O)[C@@H]2CCNc3[nH]ncc32)C1,C022,3,best-RMSD,poses/A71EV2A-x3218a/A71EV2A-x3218a_best-RMSD.sdf,A71EV2A-x3218a,1,0.276,0.991,-100.520,-36.150,TRUE,1eded784c9a98d8d8db80a7f0300d95740f75af0aa21d22e5407a8730e7b2a1c,poses/A71EV2A-x3218a/A71EV2A-x3218a_best-RMSD.openstructure.json,ce214c91904fef3b7ef588579f610651a0bf5930ef4bb927e754f4d8646fa99c,poses/A71EV2A-x3218a/A71EV2A-x3218a_best-RMSD.posebusters.csv,fd4945858ebf24b571457a461c836bc2922f94dcb6c37476e5bc06ce9af236c0
A71EV2A-x4786_A_201_0_1_A71EV2A-x0526+A+147+0+1__LIG,NC(=O)[C@H]1CCCN(C(=O)[C@@H]2CCSC2)C1,C014,3,lowest-energy,poses/A71EV2A-x4786a/A71EV2A-x4786a_lowest-energy.sdf,A71EV2A-x4786a,5,0.430,0.989,-95.836,-29.810,TRUE,5601331202045c4d6b9305c906725380dc73393effef75bf0496d15ec67983ae,poses/A71EV2A-x4786a/A71EV2A-x4786a_lowest-energy.openstructure.json,b7e85ff2670e7c3a09698492c86dc2bcd27e1956fdf3d91fecfd25077f70c191,poses/A71EV2A-x4786a/A71EV2A-x4786a_lowest-energy.posebusters.csv,5553009fdfed9e0ed8f7a280286036f308156b73c289eaaed839b649df058260
A71EV2A-x4786_A_201_0_1_A71EV2A-x0526+A+147+0+1__LIG,NC(=O)[C@H]1CCCN(C(=O)[C@@H]2CCSC2)C1,C014,3,best-RMSD,poses/A71EV2A-x4786a/A71EV2A-x4786a_best-RMSD.sdf,A71EV2A-x4786a,1,0.319,0.997,-95.219,-29.660,TRUE,9121589cd5db715cb19efb22f2a75132973601306a4e456fed7d7ccdfc722b4e,poses/A71EV2A-x4786a/A71EV2A-x4786a_best-RMSD.openstructure.json,fb30a14ce121e888eafa1f2a7ab08deca69c52f394f7f6e24ccac74e474e554f,poses/A71EV2A-x4786a/A71EV2A-x4786a_best-RMSD.posebusters.csv,e4e288e496115f55cefa25a572b866742c9052d05bdb04fe5db0d68f57ab1351
A71EV2A-x4742_A_201_0_1_A71EV2A-x0526+A+147+0+1__LIG,NC(=O)[C@H]1CCCN(C(=O)[C@@H]2CCSc3ccccc32)C1,C009,3,lowest-energy,poses/A71EV2A-x4742b/A71EV2A-x4742b_lowest-energy.sdf,A71EV2A-x4742b,7,0.262,1.000,-106.573,-35.480,TRUE,7d578b6ac51b21c3855bc169362d1e52212dbdd26844c6cdf7345b9f4845699b,poses/A71EV2A-x4742b/A71EV2A-x4742b_lowest-energy.openstructure.json,599932641a66d5fcdbb8a6ba6cec655d04fae3b6621895a834a0f87fc0a2ba0b,poses/A71EV2A-x4742b/A71EV2A-x4742b_lowest-energy.posebusters.csv,c0231e8c7a654a764f2413a766c179e46b47f76c6bc942e714f25b57768edb1c
A71EV2A-x4742_A_201_0_1_A71EV2A-x0526+A+147+0+1__LIG,NC(=O)[C@H]1CCCN(C(=O)[C@@H]2CCSc3ccccc32)C1,C009,3,best-RMSD,poses/A71EV2A-x4742b/A71EV2A-x4742b_best-RMSD.sdf,A71EV2A-x4742b,3,0.250,1.000,-105.374,-35.110,TRUE,2e39a623f4a572238aae0e90f9ebd0e7442c5c6877d228ee12877d577e3f30a2,poses/A71EV2A-x4742b/A71EV2A-x4742b_best-RMSD.openstructure.json,f7928c23a37523eaacf8402582a4d49086cec9eeedf2d1396582b0b26ea93fae,poses/A71EV2A-x4742b/A71EV2A-x4742b_best-RMSD.posebusters.csv,ccc432ffa5ab7ffedd7ebf3f2ccc7020e1af2bd7e9b1bc830ba8147496c30f41
A71EV2A-x4456_A_201_0_1_A71EV2A-x0526+A+147+0+1__LIG,NC(=O)[C@H]1CCCN(C(=O)[C@@H]2CCc3cccc(O)c32)C1,C009,3,lowest-energy,poses/A71EV2A-x4456a/A71EV2A-x4456a_lowest-energy.sdf,A71EV2A-x4456a,4,0.204,1.000,-98.699,-35.360,TRUE,c27afd760a37dec9a80e09b52dfd5902a0bf58e131be674acb1bec692689488e,poses/A71EV2A-x4456a/A71EV2A-x4456a_lowest-energy.openstructure.json,9e888595be38aeab8947ea3037fac19eb2f122dcddb9068a4e4daf789517af0d,poses/A71EV2A-x4456a/A71EV2A-x4456a_lowest-energy.posebusters.csv,216ffcb9966c743ea665a84bf4232f6e14911fd2c880ca4b015e432c38fd9294
A71EV2A-x4456_A_201_0_1_A71EV2A-x0526+A+147+0+1__LIG,NC(=O)[C@H]1CCCN(C(=O)[C@@H]2CCc3cccc(O)c32)C1,C009,3,best-RMSD,poses/A71EV2A-x4456a/A71EV2A-x4456a_best-RMSD.sdf,A71EV2A-x4456a,1,0.189,1.000,-97.655,-34.160,TRUE,490b8927af8baafd5a9a76eb83c2506bd8e8ee8d95de828ffab02fb777f823da,poses/A71EV2A-x4456a/A71EV2A-x4456a_best-RMSD.openstructure.json,3d0dd9fada0269f27ae71692531b1eaca52958e673790bd4cc26d859eeece61f,poses/A71EV2A-x4456a/A71EV2A-x4456a_best-RMSD.posebusters.csv,d56bada4743bcf796d1cadd8c84a65636eca15891b225feaafa4008faec70f7c
A71EV2A-x4606_A_201_0_1_A71EV2A-x0526+A+147+0+1__LIG,NC(=O)[C@H]1CCCN(C(=O)[C@@H]2SCc3cccnc32)C1,C009,3,lowest-energy,poses/A71EV2A-x4606a/A71EV2A-x4606a_lowest-energy.sdf,A71EV2A-x4606a,4,0.245,1.000,-108.502,-33.790,TRUE,92e38921c2271fa49b4c28c8ab6b75974cbd175c3d0eea77942d55931d62a25e,poses/A71EV2A-x4606a/A71EV2A-x4606a_lowest-energy.openstructure.json,0c8ef0a2880d550fbe05439b2089f59dcfdd598756c7e6d7d9c04cd1e4b222b1,poses/A71EV2A-x4606a/A71EV2A-x4606a_lowest-energy.posebusters.csv,d32ad1a3a0f8b9d184cf7523723b268989955275cc840555e6530ce5f19d0802
A71EV2A-x4606_A_201_0_1_A71EV2A-x0526+A+147+0+1__LIG,NC(=O)[C@H]1CCCN(C(=O)[C@@H]2SCc3cccnc32)C1,C009,3,best-RMSD,poses/A71EV2A-x4606a/A71EV2A-x4606a_best-RMSD.sdf,A71EV2A-x4606a,9,0.202,1.000,-108.300,-33.390,TRUE,78aa72c17fe8cc52fd4be58da439ac1346f55aec0cc18af68cbeccaa34230680,poses/A71EV2A-x4606a/A71EV2A-x4606a_best-RMSD.openstructure.json,52955a404f70d356ab6ea3768a0dfd6c97cd156e189a3dda8cb96746d091ec39,poses/A71EV2A-x4606a/A71EV2A-x4606a_best-RMSD.posebusters.csv,01aba57f0844adade4693aaf5b17c42f2b4cf8db01f39b9978a87bde9c64b125
A71EV2A-x3968_A_201_0_1_A71EV2A-x0526+A+147+0+1__LIG,NC(=O)[C@H]1CCCN(C(=O)[C@H](OCC2CCCC2)c2ccccc2)C1,C008,7,lowest-energy,poses/A71EV2A-x3968a/A71EV2A-x3968a_lowest-energy.sdf,A71EV2A-x3968a,3,3.636,0.740,-94.391,-32.620,TRUE,75841e51df7dd5738221cfc51884b98056f682e607198df02112b91ab157e2f7,poses/A71EV2A-x3968a/A71EV2A-x3968a_lowest-energy.openstructure.json,6d446fe54a0708eb50ad198481e9225fc9d333d66eb8efd428413b9510852bc7,poses/A71EV2A-x3968a/A71EV2A-x3968a_lowest-energy.posebusters.csv,a9f47bab24ac8bae285f6d7145a1e84467496820996449c977c8ebdfb9e3ce2a
A71EV2A-x3968_A_201_0_1_A71EV2A-x0526+A+147+0+1__LIG,NC(=O)[C@H]1CCCN(C(=O)[C@H](OCC2CCCC2)c2ccccc2)C1,C008,7,best-RMSD,poses/A71EV2A-x3968a/A71EV2A-x3968a_best-RMSD.sdf,A71EV2A-x3968a,2,3.041,0.751,-91.440,-32.910,TRUE,6ca1032ec902280bfe16961b0ca056178853be518fbacf68baecfbf52e4e9dbf,poses/A71EV2A-x3968a/A71EV2A-x3968a_best-RMSD.openstructure.json,55a1b33f61d055078ffa344612c18ff928bbe09283e7ae71d42e34c0de2951b9,poses/A71EV2A-x3968a/A71EV2A-x3968a_best-RMSD.posebusters.csv,16fedbd25ebea295441e795156559aaf228d6f8c6297021064c1c3fb6c839c10
A71EV2A-x4451_A_201_0_1_A71EV2A-x0526+A+147+0+1__LIG,NC(=O)[C@H]1CCCN(C(=O)[C@H](c2ccccc2)n2cccn2)C1,C008,5,lowest-energy,poses/A71EV2A-x4451b/A71EV2A-x4451b_lowest-energy.sdf,A71EV2A-x4451b,9,2.873,0.683,-90.947,-31.570,TRUE,7be754d8edd6eee2a40ecfa07c04bef34976099e64af7ca45388218aa2d945fe,poses/A71EV2A-x4451b/A71EV2A-x4451b_lowest-energy.openstructure.json,c2368ff375cbccafd32974d12fc948e8003a616250d78a1cca3ca389c0f9fbab,poses/A71EV2A-x4451b/A71EV2A-x4451b_lowest-energy.posebusters.csv,30420312a06017b8c5b1b5b400841e0bdeb70bc4223c30ea54b6430f15983bfd
A71EV2A-x4451_A_201_0_1_A71EV2A-x0526+A+147+0+1__LIG,NC(=O)[C@H]1CCCN(C(=O)[C@H](c2ccccc2)n2cccn2)C1,C008,5,best-RMSD,poses/A71EV2A-x4451b/A71EV2A-x4451b_best-RMSD.sdf,A71EV2A-x4451b,3,0.989,0.879,-85.070,-35.190,TRUE,e9392870aff379b7e870896f9e1e193101db4c0a16f9e3bb0bd4a0f88bcf044a,poses/A71EV2A-x4451b/A71EV2A-x4451b_best-RMSD.openstructure.json,47ce588a4b3304ad4af7f871f5dce17213bfc94c873b384356c636de71942de3,poses/A71EV2A-x4451b/A71EV2A-x4451b_best-RMSD.posebusters.csv,9a22f0399de013b2f2d51ef998c11f7d6a687e07638aac1ea206a95d2bf70a27
A71EV2A-x4260_A_201_0_1_A71EV2A-x0526+A+147+0+1__LIG,NC(=O)[C@H]1CCCN(C(=O)[C@H]2CCOc3ccc(Cl)cc32)C1,C009,3,lowest-energy,poses/A71EV2A-x4260a/A71EV2A-x4260a_lowest-energy.sdf,A71EV2A-x4260a,10,0.767,0.916,-98.008,-28.310,TRUE,738309d917918e04d911a31f2e12ac1af88c8d7b1be6c1a3505b6aec0e5b413a,poses/A71EV2A-x4260a/A71EV2A-x4260a_lowest-energy.openstructure.json,2246ba446c17499729b1a4e666651fb95c3a89b2e21029395b536afc0ae1f755,poses/A71EV2A-x4260a/A71EV2A-x4260a_lowest-energy.posebusters.csv,3c832b134621348f59cad66ada805c38305c3114704d8eef11390614d5f924f9
A71EV2A-x4260_A_201_0_1_A71EV2A-x0526+A+147+0+1__LIG,NC(=O)[C@H]1CCCN(C(=O)[C@H]2CCOc3ccc(Cl)cc32)C1,C009,3,best-RMSD,poses/A71EV2A-x4260a/A71EV2A-x4260a_best-RMSD.sdf,A71EV2A-x4260a,10,0.767,0.916,-98.008,-28.310,TRUE,b071db902824444c2cbb670150882f2e3390d1cae55684d2d4461e59abacd019,poses/A71EV2A-x4260a/A71EV2A-x4260a_best-RMSD.openstructure.json,2246ba446c17499729b1a4e666651fb95c3a89b2e21029395b536afc0ae1f755,poses/A71EV2A-x4260a/A71EV2A-x4260a_best-RMSD.posebusters.csv,3c832b134621348f59cad66ada805c38305c3114704d8eef11390614d5f924f9
A71EV2A-x4943_A_201_0_1_A71EV2A-x0526+A+147+0+1__LIG,NC(=O)[C@H]1CCCN(C(=O)[C@H]2CCSc3ccccc32)C1,C009,3,lowest-energy,poses/A71EV2A-x4943b/A71EV2A-x4943b_lowest-energy.sdf,A71EV2A-x4943b,1,0.391,0.993,-115.498,-40.860,TRUE,b6cd9675a23fb33f76f5ef6e592931b38d0d4b72d32229a7dbcdf920eed6acb8,poses/A71EV2A-x4943b/A71EV2A-x4943b_lowest-energy.openstructure.json,ebe670d0dc2577ae5e870f3bd8e860d885ee305bef1aa756792d0c5d09305e21,poses/A71EV2A-x4943b/A71EV2A-x4943b_lowest-energy.posebusters.csv,0d99cb7f5ed77d8bd2689d1193f8f0ae680f9b49089e070c840818783678a9d0
A71EV2A-x4943_A_201_0_1_A71EV2A-x0526+A+147+0+1__LIG,NC(=O)[C@H]1CCCN(C(=O)[C@H]2CCSc3ccccc32)C1,C009,3,best-RMSD,poses/A71EV2A-x4943a/A71EV2A-x4943a_best-RMSD.sdf,A71EV2A-x4943a,6,0.360,0.998,-111.369,-37.050,TRUE,d3d22055b5b9b168a845425532423db1a54cb936c1a700bf86db40045fae49e8,poses/A71EV2A-x4943a/A71EV2A-x4943a_best-RMSD.openstructure.json,7793e1c63721376bd6193df045d9c145b9772fd62886f82f891a095c510dc330,poses/A71EV2A-x4943a/A71EV2A-x4943a_best-RMSD.posebusters.csv,d2b571d92eef4eb060346e9a8c121b432a0101a56ce3b2925e563a56135e277a
A71EV2A-x5550_A_201_0_1_A71EV2A-x0526+A+147+0+1__LIG,NC(=O)[C@H]1CCCN(C(=O)[C@H]2CC[C@H]2c2ccc(Cl)cc2)C1,C009,4,lowest-energy,poses/A71EV2A-x5550a/A71EV2A-x5550a_lowest-energy.sdf,A71EV2A-x5550a,3,0.245,1.000,-76.389,-33.090,TRUE,b49e09e08cce4edee3f6476bc5601db00732f61767b4b934b513aa7e48d64bb1,poses/A71EV2A-x5550a/A71EV2A-x5550a_lowest-energy.openstructure.json,a671dce40c8397bd48b8d46a80dd90280597608417eb0659587adf5a9eef8405,poses/A71EV2A-x5550a/A71EV2A-x5550a_lowest-energy.posebusters.csv,b397c774c3d37801e9e742811073fe73c558a32051b90224a3c8236cb9cadfb1
A71EV2A-x5550_A_201_0_1_A71EV2A-x0526+A+147+0+1__LIG,NC(=O)[C@H]1CCCN(C(=O)[C@H]2CC[C@H]2c2ccc(Cl)cc2)C1,C009,4,best-RMSD,poses/A71EV2A-x5550a/A71EV2A-x5550a_best-RMSD.sdf,A71EV2A-x5550a,4,0.189,1.000,-75.558,-32.900,TRUE,6188cebc80229f01f9127602164f83e22372a7678fdbafb756b2356f8509f45d,poses/A71EV2A-x5550a/A71EV2A-x5550a_best-RMSD.openstructure.json,787ba3be83e74f03a10dcd6c60c306c93b9f9d208c4819fa85bdfc1729dd8ff8,poses/A71EV2A-x5550a/A71EV2A-x5550a_best-RMSD.posebusters.csv,bd9cb1d1cae02a8f878ab273865aafa4e4d1ee78566cad66de1bf0a54c2d795b
A71EV2A-x4202_A_201_0_1_A71EV2A-x0526+A+147+0+1__LIG,NC(=O)[C@H]1CCCN(C(=O)[C@H]2CCc3cccc(Br)c32)C1,C009,3,lowest-energy,poses/A71EV2A-x4202a/A71EV2A-x4202a_lowest-energy.sdf,A71EV2A-x4202a,1,0.244,1.000,-101.588,-33.430,TRUE,3f5fe4cc288446ba35c3ee592b295659cf59508a1dd1866202de627e654c417f,poses/A71EV2A-x4202a/A71EV2A-x4202a_lowest-energy.openstructure.json,a9bdfe7fb0808abcafdd9257efd909a2d0e76f2286e0cd469cac4c107477c547,poses/A71EV2A-x4202a/A71EV2A-x4202a_lowest-energy.posebusters.csv,03fb032607de139eb84661f5ce2bf8733035390db8c48c6617bf90911485a21d
A71EV2A-x4202_A_201_0_1_A71EV2A-x0526+A+147+0+1__LIG,NC(=O)[C@H]1CCCN(C(=O)[C@H]2CCc3cccc(Br)c32)C1,C009,3,best-RMSD,poses/A71EV2A-x4202a/A71EV2A-x4202a_best-RMSD.sdf,A71EV2A-x4202a,4,0.229,1.000,-101.105,-33.220,TRUE,bb4cd4be8e0a8ff7ca0414312aec6ee1864b6c1671d4c932bb76d37f52c83c6d,poses/A71EV2A-x4202a/A71EV2A-x4202a_best-RMSD.openstructure.json,3602c27a8f7b3829a879f5b1b3df6b51d96ce2bddfb88fd11a19cb5223d1294a,poses/A71EV2A-x4202a/A71EV2A-x4202a_best-RMSD.posebusters.csv,d524399ea635211f37a0d4116c158cc5e0d0a2d82eed2db57855284a5a97594d
A71EV2A-x4472_A_201_0_1_A71EV2A-x0526+A+147+0+1__LIG,NC(=O)[C@H]1CCCN(C(=O)[C@H]2CCc3snnc32)C1,C014,3,lowest-energy,poses/A71EV2A-x4472a/A71EV2A-x4472a_lowest-energy.sdf,A71EV2A-x4472a,8,0.198,1.000,-78.542,-29.070,TRUE,1f17f28465454bdc9b1599907f7a24f8f7960865b9e13cb6fb03817180e83617,poses/A71EV2A-x4472a/A71EV2A-x4472a_lowest-energy.openstructure.json,eda37f720390a8c94d184919d14ca80d192c31a1041410c55dafe8be3e718019,poses/A71EV2A-x4472a/A71EV2A-x4472a_lowest-energy.posebusters.csv,43daf3759851cc658751b21ed621d5455f2c0f4ff150ea24f7eeb8809992902b
A71EV2A-x4472_A_201_0_1_A71EV2A-x0526+A+147+0+1__LIG,NC(=O)[C@H]1CCCN(C(=O)[C@H]2CCc3snnc32)C1,C014,3,best-RMSD,poses/A71EV2A-x4472a/A71EV2A-x4472a_best-RMSD.sdf,A71EV2A-x4472a,9,0.182,1.000,-77.751,-28.350,TRUE,dbff740b952bbb5e38f2d4b056169d0a7c80911996bd205a97578400116ef078,poses/A71EV2A-x4472a/A71EV2A-x4472a_best-RMSD.openstructure.json,271d10d8dce4b57a7db4d96bdd1fcd3b1e7b3ae9fc7c40e830fc4091ef8467cf,poses/A71EV2A-x4472a/A71EV2A-x4472a_best-RMSD.posebusters.csv,1becf3ce6acc5901b1d2982dc99569263cdc744d662b49c02e8eea1513745bf7
A71EV2A-x4806_A_201_0_1_A71EV2A-x0526+A+147+0+1__LIG,NC(=O)[C@H]1CCCN(C(=O)[C@H]2CSc3ccccc32)C1,C008,3,lowest-energy,poses/A71EV2A-x4806a/A71EV2A-x4806a_lowest-energy.sdf,A71EV2A-x4806a,5,0.327,1.000,-105.823,-37.060,TRUE,cb219251b8ee437edd3a52a9baab055d7c796088f42ca56b742c8b45491a6c3a,poses/A71EV2A-x4806a/A71EV2A-x4806a_lowest-energy.openstructure.json,358ee30787a2f65c3c096d1877241c821c26c5a4336c1c3755e4c7ddd1309fb2,poses/A71EV2A-x4806a/A71EV2A-x4806a_lowest-energy.posebusters.csv,991fb543b08c6642e43f25b3065839ece371c2172c0ca3388ef7d62132351019
A71EV2A-x4806_A_201_0_1_A71EV2A-x0526+A+147+0+1__LIG,NC(=O)[C@H]1CCCN(C(=O)[C@H]2CSc3ccccc32)C1,C008,3,best-RMSD,poses/A71EV2A-x4806a/A71EV2A-x4806a_best-RMSD.sdf,A71EV2A-x4806a,7,0.318,1.000,-104.974,-36.330,TRUE,b7c8c6524479306ff2aeceb28a95f0145e61c0971f877c1dee177e2a7c0997f2,poses/A71EV2A-x4806a/A71EV2A-x4806a_best-RMSD.openstructure.json,01c4d092aa61afab6f9196dcbf9aa296aef214d868455ccbac4d1e4ae19861b3,poses/A71EV2A-x4806a/A71EV2A-x4806a_best-RMSD.posebusters.csv,d69f0e9e72a2f9fb7e303ad62d5c0ed588222ed71e1f0a2a3c51a904230fd5bb
A71EV2A-x4254_A_201_0_1_A71EV2A-x0526+A+147+0+1__LIG,NC(=O)[C@H]1CCCN(C(=O)[C@H]2Cc3cccc(Cl)c32)C1,C009,3,lowest-energy,poses/A71EV2A-x4254a/A71EV2A-x4254a_lowest-energy.sdf,A71EV2A-x4254a,6,0.455,0.984,-82.983,-29.640,TRUE,8651cd7d8f807b1d6ae14b40c76f4768b588e0c3eef3ce3857827d773f89d21e,poses/A71EV2A-x4254a/A71EV2A-x4254a_lowest-energy.openstructure.json,645be1773160bc1632f32417171172b00efa6739e9725911373fc978558b1018,poses/A71EV2A-x4254a/A71EV2A-x4254a_lowest-energy.posebusters.csv,7e4494961d176443d112e8c97f2011a98317d432df66ad7b163b9ad99c5d5808
A71EV2A-x4254_A_201_0_1_A71EV2A-x0526+A+147+0+1__LIG,NC(=O)[C@H]1CCCN(C(=O)[C@H]2Cc3cccc(Cl)c32)C1,C009,3,best-RMSD,poses/A71EV2A-x4254a/A71EV2A-x4254a_best-RMSD.sdf,A71EV2A-x4254a,8,0.286,1.000,-78.765,-29.680,TRUE,ec6f37ceb5ec284835d16d928f4dcb1bcae42660a9167c5891d45b4904e20354,poses/A71EV2A-x4254a/A71EV2A-x4254a_best-RMSD.openstructure.json,891b4518d1b9c46f19bbbf0e72c2f9031f51b1e7e812f7fbbd3e27b7199aefa7,poses/A71EV2A-x4254a/A71EV2A-x4254a_best-RMSD.posebusters.csv,c1acd29fda6b261b06ea12c8b7070ec2b86859b9415f604a5b981b3ea2d15189
A71EV2A-x4877_A_201_0_1_A71EV2A-x0526+A+147+0+1__LIG,NC(=O)[C@H]1CCCN(C(=O)[C@H]2SCCc3sccc32)C1,C014,3,lowest-energy,poses/A71EV2A-x4877b/A71EV2A-x4877b_lowest-energy.sdf,A71EV2A-x4877b,6,0.489,0.974,-105.242,-35.660,TRUE,c436224f223aba4445602f1b6eb74d9fcdcbdcf4f5666c20b38f69286558ba99,poses/A71EV2A-x4877b/A71EV2A-x4877b_lowest-energy.openstructure.json,6299180d51ee83042e2cc947dd3c2a5af299f4bb0ebaace04a65d118ab5f2e03,poses/A71EV2A-x4877b/A71EV2A-x4877b_lowest-energy.posebusters.csv,f5f2ab8e5731cd10e95deb9e6b415c0653ae5a7dcbf589d71f60128443e8ac65
A71EV2A-x4877_A_201_0_1_A71EV2A-x0526+A+147+0+1__LIG,NC(=O)[C@H]1CCCN(C(=O)[C@H]2SCCc3sccc32)C1,C014,3,best-RMSD,poses/A71EV2A-x4877a/A71EV2A-x4877a_best-RMSD.sdf,A71EV2A-x4877a,3,0.276,0.997,-100.333,-33.400,TRUE,e40e3fce3f755d22d5bae4fc53695cadff374a747d021cf76baace13e5188d87,poses/A71EV2A-x4877a/A71EV2A-x4877a_best-RMSD.openstructure.json,351e2ce7be0ec1702068d8cd06712b03d4580a33f1e20dc256c274775557afe8,poses/A71EV2A-x4877a/A71EV2A-x4877a_best-RMSD.posebusters.csv,63c6e57a89b34d86fc7b727268a8fe870da4f687acf07bfeab7c415d2158413d
A71EV2A-x4416_A_201_0_1_A71EV2A-x0526+A+147+0+1__LIG,NC(=O)[C@H]1CCCN(C(=O)[C@]2(Cc3ccc(F)cc3)CCCCO2)C1,C032,5,lowest-energy,poses/A71EV2A-x4416a/A71EV2A-x4416a_lowest-energy.sdf,A71EV2A-x4416a,9,0.470,0.978,-99.676,-32.580,TRUE,081dd3c18764f64ee93942ea038d6abc97f01a91877bf3186852322303c9eaac,poses/A71EV2A-x4416a/A71EV2A-x4416a_lowest-energy.openstructure.json,313c13098f015241915433777a3ee975a539387a24656f47e01a985b0d5247b1,poses/A71EV2A-x4416a/A71EV2A-x4416a_lowest-energy.posebusters.csv,a0eef008ef5b2b6f032b20ea4e69aff1fcc1f62a0a5818b02a761ba0438a5da9
A71EV2A-x4416_A_201_0_1_A71EV2A-x0526+A+147+0+1__LIG,NC(=O)[C@H]1CCCN(C(=O)[C@]2(Cc3ccc(F)cc3)CCCCO2)C1,C032,5,best-RMSD,poses/A71EV2A-x4416a/A71EV2A-x4416a_best-RMSD.sdf,A71EV2A-x4416a,9,0.470,0.978,-99.676,-32.580,TRUE,a7b0fdf35af8bca535ef4a28aea3653837bb72bf459daeee03de4aa1aecdf435,poses/A71EV2A-x4416a/A71EV2A-x4416a_best-RMSD.openstructure.json,313c13098f015241915433777a3ee975a539387a24656f47e01a985b0d5247b1,poses/A71EV2A-x4416a/A71EV2A-x4416a_best-RMSD.posebusters.csv,a0eef008ef5b2b6f032b20ea4e69aff1fcc1f62a0a5818b02a761ba0438a5da9
A71EV2A-x3222_E_201_0_1_A71EV2A-x0526+A+147+0+1__LIG,NC(=O)[C@H]1CCCN(C(=O)c2[nH]ncc2Br)C1,C022,3,lowest-energy,poses/A71EV2A-x3222a/A71EV2A-x3222a_lowest-energy.sdf,A71EV2A-x3222a,3,2.089,0.778,-66.882,-27.880,TRUE,718ee8a5bba404a0f8500fcea6f046519392bc226fce44c39dc00ed88a42b774,poses/A71EV2A-x3222a/A71EV2A-x3222a_lowest-energy.openstructure.json,e9ffd3f20454ebb2671c28b2fccdcc496a387feeedcc81c633cbc5cdb327b3d6,poses/A71EV2A-x3222a/A71EV2A-x3222a_lowest-energy.posebusters.csv,2095e87574d0fb45a7db86feeeb7e4de1bf0927dde2655553c0d9f9435efd4b9
A71EV2A-x3222_E_201_0_1_A71EV2A-x0526+A+147+0+1__LIG,NC(=O)[C@H]1CCCN(C(=O)c2[nH]ncc2Br)C1,C022,3,best-RMSD,poses/A71EV2A-x3222a/A71EV2A-x3222a_best-RMSD.sdf,A71EV2A-x3222a,9,0.334,0.998,-64.867,-29.520,TRUE,4a61316a93d377ac4afa0b5f33edfd6fb4ecf804e8cdcc5adf907b80b2e6adaa,poses/A71EV2A-x3222a/A71EV2A-x3222a_best-RMSD.openstructure.json,27c8a13dbac1ebcc4da1a6646ec945eebbd3eaf4888cce01f90039f665bed5e7,poses/A71EV2A-x3222a/A71EV2A-x3222a_best-RMSD.posebusters.csv,70cb6c3d0ea99b5bb208a6a032b125b7256523d2b9cfbb54d30bf87eb7f4db61
A71EV2A-x3223_D_301_0_1_A71EV2A-x0526+A+147+0+1__LIG,NC(=O)[C@H]1CCCN(C(=O)c2ccnc3[nH]ncc23)C1,C022,3,lowest-energy,poses/A71EV2A-x3223a/A71EV2A-x3223a_lowest-energy.sdf,A71EV2A-x3223a,5,2.275,0.787,-64.403,-31.280,TRUE,f927b02f265e5edf965bc58b8d81f31140621ebf7155103dee8d62da2f556d24,poses/A71EV2A-x3223a/A71EV2A-x3223a_lowest-energy.openstructure.json,c376bbdc582c425acfea2d10af81c0a4aeee7b8f50aa824ac519dfe6af8da48a,poses/A71EV2A-x3223a/A71EV2A-x3223a_lowest-energy.posebusters.csv,ee01b7b2313e85a0f3e74bc1a5dd15c7330edef4d50908ccb160155e729aeb18
A71EV2A-x3223_D_301_0_1_A71EV2A-x0526+A+147+0+1__LIG,NC(=O)[C@H]1CCCN(C(=O)c2ccnc3[nH]ncc23)C1,C022,3,best-RMSD,poses/A71EV2A-x3223a/A71EV2A-x3223a_best-RMSD.sdf,A71EV2A-x3223a,8,0.392,0.986,-59.752,-30.260,TRUE,39774bb4c208bd0240f4e98bf3fbc950649189900edc37fda1963d2ef9c8c536,poses/A71EV2A-x3223a/A71EV2A-x3223a_best-RMSD.openstructure.json,ba83396281564984a7531430de7c7ed334144048b30ca1ab1c38b40e23514e43,poses/A71EV2A-x3223a/A71EV2A-x3223a_best-RMSD.posebusters.csv,208175d0d8e235811ebf1e0a4dbbe12e9927742a538a2b32ea19e7b5df03eae3
A71EV2A-x5822_A_201_0_1_A71EV2A-x0526+A+147+0+1__LIG,NC(=O)[C@H]1CCN(C(=O)C2(c3ccc4c(c3)OCO4)CCOCC2)C1,C087,4,lowest-energy,poses/A71EV2A-x5822a/A71EV2A-x5822a_lowest-energy.sdf,A71EV2A-x5822a,4,0.238,1.000,-76.402,-31.820,TRUE,a8aae91e014f5f632f6deb585b9c52d7596ec48975ca73931aab9726a44cd2b6,poses/A71EV2A-x5822a/A71EV2A-x5822a_lowest-energy.openstructure.json,41ce4e18a7274011c06364556e09dfb2964840bfb88629fc61c647b654192e9f,poses/A71EV2A-x5822a/A71EV2A-x5822a_lowest-energy.posebusters.csv,25c2505f7b129999b9bde901285cc233712ed3c61fa1eef20150989f599787ea
A71EV2A-x5822_A_201_0_1_A71EV2A-x0526+A+147+0+1__LIG,NC(=O)[C@H]1CCN(C(=O)C2(c3ccc4c(c3)OCO4)CCOCC2)C1,C087,4,best-RMSD,poses/A71EV2A-x5822a/A71EV2A-x5822a_best-RMSD.sdf,A71EV2A-x5822a,4,0.238,1.000,-76.402,-31.820,TRUE,045f584667deefc72d68e6fa2864f4d2dcf51fdb3bb52bab4e302259cd63f0df,poses/A71EV2A-x5822a/A71EV2A-x5822a_best-RMSD.openstructure.json,41ce4e18a7274011c06364556e09dfb2964840bfb88629fc61c647b654192e9f,poses/A71EV2A-x5822a/A71EV2A-x5822a_best-RMSD.posebusters.csv,25c2505f7b129999b9bde901285cc233712ed3c61fa1eef20150989f599787ea
A71EV2A-x5427_A_201_0_1_A71EV2A-x0526+A+147+0+1__LIG,NC(=O)[C@H]1CCN(C(=O)Cc2c(Cl)cccc2Cl)C1,C001,4,lowest-energy,poses/A71EV2A-x5427a/A71EV2A-x5427a_lowest-energy.sdf,A71EV2A-x5427a,3,1.026,0.912,-101.312,-32.580,TRUE,5e9697e562f0d763e402a885211ecade4aa07125b408239b6c6cc56b0f83dd39,poses/A71EV2A-x5427a/A71EV2A-x5427a_lowest-energy.openstructure.json,59047e7c60286467896963ee44bbf3dcf7f65c81f24fb5f9eb1e042c3ac8988b,poses/A71EV2A-x5427a/A71EV2A-x5427a_lowest-energy.posebusters.csv,e0f204238c0cc0d121b052a4920ee3644e09db7badd9291e154594da9f19baea
A71EV2A-x5427_A_201_0_1_A71EV2A-x0526+A+147+0+1__LIG,NC(=O)[C@H]1CCN(C(=O)Cc2c(Cl)cccc2Cl)C1,C001,4,best-RMSD,poses/A71EV2A-x5427a/A71EV2A-x5427a_best-RMSD.sdf,A71EV2A-x5427a,4,0.605,0.966,-100.064,-30.470,TRUE,9fd159dc31207d864184eb85b62791a1570cb86d2567c51ee5f665fb597ec872,poses/A71EV2A-x5427a/A71EV2A-x5427a_best-RMSD.openstructure.json,5e7c6e6d66e617acf5c1648916c4ae20b4a429a9a2fd54a92929f13ae02a7979,poses/A71EV2A-x5427a/A71EV2A-x5427a_best-RMSD.posebusters.csv,73ea7148576a8ab424d72d7b48c70564388a07a076e6dde53b2a25ab0189fc16
A71EV2A-x3989_A_201_0_1_A71EV2A-x0526+A+147+0+1__LIG,NC(=O)[C@H]1CCN(C(=O)Cc2cc(C(F)(F)F)ccc2Cl)C1,C033,5,lowest-energy,poses/A71EV2A-x4838a/A71EV2A-x4838a_lowest-energy.sdf,A71EV2A-x4838a,1,0.450,0.991,-103.624,-32.530,TRUE,b4cfa7eb326f4584aa703c2c396515586dd95e673eaf30e013d4c2efa06f6c0f,poses/A71EV2A-x4838a/A71EV2A-x4838a_lowest-energy.openstructure.json,72495694e62b4f3cd0a8e4da212ea587b0d1d8ef8e3e3284b514fb6515302a08,poses/A71EV2A-x4838a/A71EV2A-x4838a_lowest-energy.posebusters.csv,74193d43759c65ef2abc119d9b381ae3a4e001e8bcd7682fb5c6fe77456a37c4
A71EV2A-x3989_A_201_0_1_A71EV2A-x0526+A+147+0+1__LIG,NC(=O)[C@H]1CCN(C(=O)Cc2cc(C(F)(F)F)ccc2Cl)C1,C033,5,best-RMSD,poses/A71EV2A-x3989a/A71EV2A-x3989a_best-RMSD.sdf,A71EV2A-x3989a,9,0.404,0.992,-100.569,-32.550,TRUE,f35d818d4e034d8effeb26423ad1dc7c5def30cf0f0d73327adbf7898fcb994c,poses/A71EV2A-x3989a/A71EV2A-x3989a_best-RMSD.openstructure.json,d4f9b46dfbffd5b349413cee62df50ae1745538d550a4721d93cedaaba7a945c,poses/A71EV2A-x3989a/A71EV2A-x3989a_best-RMSD.posebusters.csv,88b475fb7118c37bdb6c05cd6f157b8cf32f9a8c36ddbf4c1da3eda6f63d4d09
A71EV2A-x5824_A_4000_0_1_A71EV2A-x0526+A+147+0+1__LIG,NC(=O)[C@H]1CCN(C(=O)Cn2c(=O)sc3ccc(Cl)cc32)C1,C088,4,lowest-energy,poses/A71EV2A-x5824a/A71EV2A-x5824a_lowest-energy.sdf,A71EV2A-x5824a,9,0.303,1.000,-122.617,-31.420,TRUE,3cd6db0599ee2558cf25625758e45d00a36f2b91ecc401b6d4918f6d577abc89,poses/A71EV2A-x5824a/A71EV2A-x5824a_lowest-energy.openstructure.json,ffb02722b357ce844d19b289888afc3effc3c0d4d8e587fff3c4d6c784a60f31,poses/A71EV2A-x5824a/A71EV2A-x5824a_lowest-energy.posebusters.csv,11ff2f614f7130e31981ad76146223eb69e6e50c015e4c1fc689c289cc62ae50
A71EV2A-x5824_A_4000_0_1_A71EV2A-x0526+A+147+0+1__LIG,NC(=O)[C@H]1CCN(C(=O)Cn2c(=O)sc3ccc(Cl)cc32)C1,C088,4,best-RMSD,poses/A71EV2A-x5824a/A71EV2A-x5824a_best-RMSD.sdf,A71EV2A-x5824a,3,0.174,1.000,-122.097,-31.110,TRUE,d24c7796d0094d31e3764ba4b9c4bb0e7958bb607b5936bb67328d7584258340,poses/A71EV2A-x5824a/A71EV2A-x5824a_best-RMSD.openstructure.json,723544e16662931bff35d5420a654e51def19c67a66fd8859f6220794318e12e,poses/A71EV2A-x5824a/A71EV2A-x5824a_best-RMSD.posebusters.csv,eca119abdbdbbbb9941d40ae13fcf3ce513193cfaaabb188d38ea9d9c5d57871
A71EV2A-x5779_A_4000_0_1_A71EV2A-x0526+A+147+0+1__LIG,NC(=O)[C@H]1CCN(C(=O)Cn2cc(Br)cc(Cl)c2=O)C1,C031,4,lowest-energy,poses/A71EV2A-x5779a/A71EV2A-x5779a_lowest-energy.sdf,A71EV2A-x5779a,5,0.257,1.000,-121.593,-30.300,TRUE,66ff1915d46279b68f08d5016eb064d4fdf4de6ea1b7bd464bfaf8fb9fe968e9,poses/A71EV2A-x5779a/A71EV2A-x5779a_lowest-energy.openstructure.json,742ccc45696bbc4ba1a114e117d6e87f004c1794ad482f56f1b7dd6d6549bb3d,poses/A71EV2A-x5779a/A71EV2A-x5779a_lowest-energy.posebusters.csv,b946c10c539aba54bc3f5b1532ef9319f3fb1b747d50ddcdcd7c7567a1862625
A71EV2A-x5779_A_4000_0_1_A71EV2A-x0526+A+147+0+1__LIG,NC(=O)[C@H]1CCN(C(=O)Cn2cc(Br)cc(Cl)c2=O)C1,C031,4,best-RMSD,poses/A71EV2A-x5779a/A71EV2A-x5779a_best-RMSD.sdf,A71EV2A-x5779a,7,0.254,0.997,-121.107,-29.830,TRUE,d1e493b56cb3d4d6c09a19aca35611ea42e055169119f6266d6baad554ef976f,poses/A71EV2A-x5779a/A71EV2A-x5779a_best-RMSD.openstructure.json,434cde6b716b900e15efa3bc66f054ecd3628f0bce978c9e3564c791f8955224,poses/A71EV2A-x5779a/A71EV2A-x5779a_best-RMSD.posebusters.csv,56594f86d6d15ac3c8e19318050954eeb2c5f40df6e2405b975082b766925b02
A71EV2A-x5705_A_4000_0_1_A71EV2A-x0526+A+147+0+1__LIG,NC(=O)[C@H]1CCN(C(=O)[C@@H]2CCCN2C(=O)c2cccs2)C1,C089,5,lowest-energy,poses/A71EV2A-x5705b/A71EV2A-x5705b_lowest-energy.sdf,A71EV2A-x5705b,2,0.967,0.910,-118.607,-32.620,TRUE,e79c64f3f666778587ca170d8f876091238b60fe357b2509d13ac29b6f96ec58,poses/A71EV2A-x5705b/A71EV2A-x5705b_lowest-energy.openstructure.json,9aac6a5308be53950089225c5c9b872c36029bb19134c86b3bc1bd489027204f,poses/A71EV2A-x5705b/A71EV2A-x5705b_lowest-energy.posebusters.csv,babf5bba669665d271329d7cf39cee90b42b5ed1abba588bf87f7c5e4b043d67
A71EV2A-x5705_A_4000_0_1_A71EV2A-x0526+A+147+0+1__LIG,NC(=O)[C@H]1CCN(C(=O)[C@@H]2CCCN2C(=O)c2cccs2)C1,C089,5,best-RMSD,poses/A71EV2A-x5705a/A71EV2A-x5705a_best-RMSD.sdf,A71EV2A-x5705a,8,0.355,0.992,-115.189,-32.040,TRUE,970d1362c0d4883856cc061004a9ea24f75f3a71f71fa89d2aba02d838a3b5ef,poses/A71EV2A-x5705a/A71EV2A-x5705a_best-RMSD.openstructure.json,7ef5c5170d2a3adfceb1caa86274d77f0e9a7e24931eda56ee4c84107c76a3f9,poses/A71EV2A-x5705a/A71EV2A-x5705a_best-RMSD.posebusters.csv,1ded7f5ff17f871611331ffa116750d20173478d29dda3fac7fc153e8d48f6e0
A71EV2A-x5728_A_4000_0_1_A71EV2A-x0526+A+147+0+1__LIG,NC(=O)[C@H]1CCN(C(=O)[C@@H]2CCOc3ccc(Cl)cc32)C1,C023,3,lowest-energy,poses/A71EV2A-x5728a/A71EV2A-x5728a_lowest-energy.sdf,A71EV2A-x5728a,3,0.230,1.000,-103.681,-32.880,TRUE,97f41edbaaede773a9aaa9e96e600b5d2eb00fcd5256345365aee1f591b7103b,poses/A71EV2A-x5728a/A71EV2A-x5728a_lowest-energy.openstructure.json,ed618628ae536364d66916d1096236f941f379d9df191efeed4e650692140752,poses/A71EV2A-x5728a/A71EV2A-x5728a_lowest-energy.posebusters.csv,e5de30e8293d8ca91b57f73b6343fcc311e8b21e747fda02e0286df71875feec
A71EV2A-x5728_A_4000_0_1_A71EV2A-x0526+A+147+0+1__LIG,NC(=O)[C@H]1CCN(C(=O)[C@@H]2CCOc3ccc(Cl)cc32)C1,C023,3,best-RMSD,poses/A71EV2A-x5728a/A71EV2A-x5728a_best-RMSD.sdf,A71EV2A-x5728a,3,0.230,1.000,-103.681,-32.880,TRUE,847b92fe595656cb001c7f9ad3dc871b9b7c899aa432513b88a1f8618c0ac1b2,poses/A71EV2A-x5728a/A71EV2A-x5728a_best-RMSD.openstructure.json,ed618628ae536364d66916d1096236f941f379d9df191efeed4e650692140752,poses/A71EV2A-x5728a/A71EV2A-x5728a_best-RMSD.posebusters.csv,e5de30e8293d8ca91b57f73b6343fcc311e8b21e747fda02e0286df71875feec
A71EV2A-x5764_A_4000_0_1_A71EV2A-x0526+A+147+0+1__LIG,NC(=O)[C@H]1CCN(C(=O)[C@@H]2CCc3cccc(Br)c32)C1,C009,3,lowest-energy,poses/A71EV2A-x5764a/A71EV2A-x5764a_lowest-energy.sdf,A71EV2A-x5764a,1,0.892,0.917,-86.303,-27.990,TRUE,950bc4c56fd8c216df71b7fcad657d51b12a59c83ad3b1673c252e295d341a46,poses/A71EV2A-x5764a/A71EV2A-x5764a_lowest-energy.openstructure.json,902c9ee16fa65afdc0250fb9a4bec889f6175b71491c405e63039e5a88313f6f,poses/A71EV2A-x5764a/A71EV2A-x5764a_lowest-energy.posebusters.csv,64c0d6e38ac83a9ec5eb9fbb9e0cb72326777d87da5563093a130260aa91a57c
A71EV2A-x5764_A_4000_0_1_A71EV2A-x0526+A+147+0+1__LIG,NC(=O)[C@H]1CCN(C(=O)[C@@H]2CCc3cccc(Br)c32)C1,C009,3,best-RMSD,poses/A71EV2A-x5764b/A71EV2A-x5764b_best-RMSD.sdf,A71EV2A-x5764b,4,0.329,0.996,-83.898,-27.590,TRUE,fd3e839705cef96b7c3ff28b77d9f2ece219a129d7c5854d3ea9489182fb1742,poses/A71EV2A-x5764b/A71EV2A-x5764b_best-RMSD.openstructure.json,9707a8d87233434e0c8bd0f0966607ad32a29497f821641fe885ead6f630cbcf,poses/A71EV2A-x5764b/A71EV2A-x5764b_best-RMSD.posebusters.csv,ec12e6d69815ad01e4535a26dbfb2730f4c4d469b80b7c918b38fdbcab92d37f
A71EV2A-x5570_A_4000_0_1_A71EV2A-x0526+A+147+0+1__LIG,NC(=O)[C@H]1CCN(C(=O)[C@@H]2CSc3ccccc32)C1,C090,3,lowest-energy,poses/A71EV2A-x5570a/A71EV2A-x5570a_lowest-energy.sdf,A71EV2A-x5570a,4,0.211,1.000,-93.362,-35.250,TRUE,c586750def9341530aae1a02b7a6efe8f26efb8245f41c4ac8cb0a4e3e33148f,poses/A71EV2A-x5570a/A71EV2A-x5570a_lowest-energy.openstructure.json,eb8f148b169d55f85ead31fa96f5ba238aba687d8c74c762e5ac28a29bccbdc4,poses/A71EV2A-x5570a/A71EV2A-x5570a_lowest-energy.posebusters.csv,7c08a2eb47e8e9292b6963682921cc89733bf24587ec942b07d643fdc36252db
A71EV2A-x5570_A_4000_0_1_A71EV2A-x0526+A+147+0+1__LIG,NC(=O)[C@H]1CCN(C(=O)[C@@H]2CSc3ccccc32)C1,C090,3,best-RMSD,poses/A71EV2A-x5570a/A71EV2A-x5570a_best-RMSD.sdf,A71EV2A-x5570a,4,0.211,1.000,-93.362,-35.250,TRUE,7f7a8cb39b002351086db0531ccce4ed090b4d006645f809be16e0c0c44f9a6d,poses/A71EV2A-x5570a/A71EV2A-x5570a_best-RMSD.openstructure.json,eb8f148b169d55f85ead31fa96f5ba238aba687d8c74c762e5ac28a29bccbdc4,poses/A71EV2A-x5570a/A71EV2A-x5570a_best-RMSD.posebusters.csv,7c08a2eb47e8e9292b6963682921cc89733bf24587ec942b07d643fdc36252db
A71EV2A-x5431_A_4000_0_1_A71EV2A-x0526+A+147+0+1__LIG,NC(=O)[C@H]1CCN(C(=O)[C@@H]2SCCc3sccc32)C1,C091,3,lowest-energy,poses/A71EV2A-x5431a/A71EV2A-x5431a_lowest-energy.sdf,A71EV2A-x5431a,3,0.262,1.000,-99.561,-30.900,TRUE,25e46518b11a6c0428f9ed6c2aa440f809212c31379a0a91bd9fa6a327ecc4ce,poses/A71EV2A-x5431a/A71EV2A-x5431a_lowest-energy.openstructure.json,c4d79bb2050f78a9235b67af614b3689d7c126ba59c402d0826cc89bf4c8b31d,poses/A71EV2A-x5431a/A71EV2A-x5431a_lowest-energy.posebusters.csv,aaa9fd332640b2e873a310ef352886ab289dfef74c36d529569ffbe3fdff2978
A71EV2A-x5431_A_4000_0_1_A71EV2A-x0526+A+147+0+1__LIG,NC(=O)[C@H]1CCN(C(=O)[C@@H]2SCCc3sccc32)C1,C091,3,best-RMSD,poses/A71EV2A-x5431a/A71EV2A-x5431a_best-RMSD.sdf,A71EV2A-x5431a,10,0.217,1.000,-98.870,-30.770,TRUE,1dc7223c59e4309799249f8e7f72d2fa0e981ab28cdbfd7fc336bdc3c2a53e1b,poses/A71EV2A-x5431a/A71EV2A-x5431a_best-RMSD.openstructure.json,5835bd2ac7ee385986d953389e0ffb2a32877af1e28c6e37b7e16ee669a3fd02,poses/A71EV2A-x5431a/A71EV2A-x5431a_best-RMSD.posebusters.csv,df2564e04b980ee0c71ad848bd6921bc47d932231f79eefabcf666163097fe6d
A71EV2A-x5802_A_4000_0_1_A71EV2A-x0526+A+147+0+1__LIG,NC(=O)[C@H]1C[C@@H]2C[C@@H]2N(C(=O)Cc2ccccc2Cl)C1,C034,4,lowest-energy,poses/A71EV2A-x5802a/A71EV2A-x5802a_lowest-energy.sdf,A71EV2A-x5802a,4,0.485,0.978,-84.516,-33.280,TRUE,8741f6b9453f018cf736347154cced9066b77b6ff4b606fa8434c5d41f17c771,poses/A71EV2A-x5802a/A71EV2A-x5802a_lowest-energy.openstructure.json,43b3a4490a9a004c10e303b7d0db1245ba55d3ee62e050118f2286ae4db3c5bf,poses/A71EV2A-x5802a/A71EV2A-x5802a_lowest-energy.posebusters.csv,4776e4c462fec46998a70a2f2c66f8916c2b0b0b7bd900ccf2c4fd3803410a57
A71EV2A-x5802_A_4000_0_1_A71EV2A-x0526+A+147+0+1__LIG,NC(=O)[C@H]1C[C@@H]2C[C@@H]2N(C(=O)Cc2ccccc2Cl)C1,C034,4,best-RMSD,poses/A71EV2A-x5802b/A71EV2A-x5802b_best-RMSD.sdf,A71EV2A-x5802b,6,0.273,1.000,-18.977,-33.820,TRUE,e515e31785e2d830426731692d9777cd5ea5f991cafb40b9dbda4b317852cd76,poses/A71EV2A-x5802b/A71EV2A-x5802b_best-RMSD.openstructure.json,2340f4f5ca06c824787b328e05441f59a7935df050237a4a64d807356affc44f,poses/A71EV2A-x5802b/A71EV2A-x5802b_best-RMSD.posebusters.csv,c3d58d46927dda2f1a9cfe7965328d8266bba5c3da2beea82375f8449d3f41e9
A71EV2A-x5798_A_4000_0_1_A71EV2A-x0526+A+147+0+1__LIG,NC(=O)[C@H]1C[C@H]2C[C@H]2N(C(=O)Cc2ccccc2Cl)C1,C034,4,lowest-energy,poses/A71EV2A-x5798b/A71EV2A-x5798b_lowest-energy.sdf,A71EV2A-x5798b,3,3.519,0.598,-9.797,-20.850,TRUE,8e21f3fa730ddce03d45bf2a31b628a4bf95009f630551c9ba7bb3c508b5ccdf,poses/A71EV2A-x5798b/A71EV2A-x5798b_lowest-energy.openstructure.json,3f843fc54c42e2d8730965c97f5d4db890f4408ffa1510313452bfb4ed2d333f,poses/A71EV2A-x5798b/A71EV2A-x5798b_lowest-energy.posebusters.csv,bc3f196fcab5e33c34470ec98fd3746119bf8e8f4264fdf05a9ea348afbc7954
A71EV2A-x5798_A_4000_0_1_A71EV2A-x0526+A+147+0+1__LIG,NC(=O)[C@H]1C[C@H]2C[C@H]2N(C(=O)Cc2ccccc2Cl)C1,C034,4,best-RMSD,poses/A71EV2A-x5798b/A71EV2A-x5798b_best-RMSD.sdf,A71EV2A-x5798b,5,0.210,1.000,-1.066,-33.580,TRUE,541952c1b8b55b12cd0d887c3ab6c02c8d61171e17ebe1defec58eefb8155c79,poses/A71EV2A-x5798b/A71EV2A-x5798b_best-RMSD.openstructure.json,dc8b750525ffee1419a16b34bc082624c40835805feb4127d990bc3799cd6c2f,poses/A71EV2A-x5798b/A71EV2A-x5798b_best-RMSD.posebusters.csv,586c1f2ecfce2a8ac84680a1625b319eb260ba3fbc62fa1eeb10dd9b298cb7ee
A71EV2A-x5277_A_201_0_1_A71EV2A-x0526+A+147+0+1__LIG,NC(=O)[C@]12CN(C(=O)Cc3ccccc3Cl)C[C@H](C1)C2,C045,4,lowest-energy,poses/A71EV2A-x5277a/A71EV2A-x5277a_lowest-energy.sdf,A71EV2A-x5277a,6,0.552,0.981,-56.949,-27.000,TRUE,de06b67c7aec322487586f01799fb735f6b5718db8f023dd89a51cb7965c8691,poses/A71EV2A-x5277a/A71EV2A-x5277a_lowest-energy.openstructure.json,debca5aee8c4bb619b89614a6b7f6b3f3e021e0038d4dd203bf83bb3a2865b03,poses/A71EV2A-x5277a/A71EV2A-x5277a_lowest-energy.posebusters.csv,568b5ecf686bbd929448433b888d2be97f9911d0904cdf4f370a59fd7a271fcb
A71EV2A-x5277_A_201_0_1_A71EV2A-x0526+A+147+0+1__LIG,NC(=O)[C@]12CN(C(=O)Cc3ccccc3Cl)C[C@H](C1)C2,C045,4,best-RMSD,poses/A71EV2A-x5277a/A71EV2A-x5277a_best-RMSD.sdf,A71EV2A-x5277a,5,0.395,0.984,-55.598,-27.840,TRUE,871b9be04b6683332a73bcdf988a923847db13b0e59d5b9857164a175057c82a,poses/A71EV2A-x5277a/A71EV2A-x5277a_best-RMSD.openstructure.json,60a170f50d5c64f06aca9621c6be934fefe542ffcade203c1f55bc1802fa6f04,poses/A71EV2A-x5277a/A71EV2A-x5277a_best-RMSD.posebusters.csv,91b16cadb17cb5da3cd58da5030b23cc9ca25d33781ecdbac209ddc2b9c3a52b
A71EV2A-x4840_A_201_0_1_A71EV2A-x0526+A+147+0+1__LIG,NC(=O)c1ccccc1CC(=O)N1CCC[C@H](C(N)=O)C1,C001,5,lowest-energy,poses/A71EV2A-x4840a/A71EV2A-x4840a_lowest-energy.sdf,A71EV2A-x4840a,7,0.365,0.988,-105.503,-31.820,TRUE,f65c0a33bbe613c0edd16ccb8e745e052da3d7a5f6b19eee0c623a1ea62674a1,poses/A71EV2A-x4840a/A71EV2A-x4840a_lowest-energy.openstructure.json,a8a8f12c0be8219da36c50d5358e2dc9b217bfd934fc9d4652ceab3f6b04396f,poses/A71EV2A-x4840a/A71EV2A-x4840a_lowest-energy.posebusters.csv,bbf85bf239262835b3dfa53edd0227f41f3c8548ed4cc339dba15dde13316780
A71EV2A-x4840_A_201_0_1_A71EV2A-x0526+A+147+0+1__LIG,NC(=O)c1ccccc1CC(=O)N1CCC[C@H](C(N)=O)C1,C001,5,best-RMSD,poses/A71EV2A-x4840a/A71EV2A-x4840a_best-RMSD.sdf,A71EV2A-x4840a,2,0.354,0.990,-105.316,-31.410,TRUE,814105e093d01bd742682cb4d95b34986a2692290ac04f639dd59499d2e47e9e,poses/A71EV2A-x4840a/A71EV2A-x4840a_best-RMSD.openstructure.json,e892a3a2718b01d5a001d29a149794c0ecd480ac0eae6d7dd7c7cda8fa1291a6,poses/A71EV2A-x4840a/A71EV2A-x4840a_best-RMSD.posebusters.csv,257dcc1c12957a61d25ca2fa1c449459eedbd340e6718d2574986ae62f786193
A71EV2A-x3392_A_201_0_1_A71EV2A-x0526+A+147+0+1__LIG,O=C(NCCc1cocn1)N1CCc2ccccc21,C092,5,lowest-energy,poses/A71EV2A-x3392a/A71EV2A-x3392a_lowest-energy.sdf,A71EV2A-x3392a,6,0.315,1.000,-86.522,-28.340,TRUE,815fd3579089b76217de38c18048e785b4d55d25b949f3bd36748b8534637d5b,poses/A71EV2A-x3392a/A71EV2A-x3392a_lowest-energy.openstructure.json,cf25134b9f777912043317b90133ba290eddaf0d296bb8c81275179346ee67c5,poses/A71EV2A-x3392a/A71EV2A-x3392a_lowest-energy.posebusters.csv,ffb26f69d855616999aece3298ca1d86a0288175cc223bf1cc6bc55fc50a19d5
A71EV2A-x3392_A_201_0_1_A71EV2A-x0526+A+147+0+1__LIG,O=C(NCCc1cocn1)N1CCc2ccccc21,C092,5,best-RMSD,poses/A71EV2A-x3392a/A71EV2A-x3392a_best-RMSD.sdf,A71EV2A-x3392a,8,0.254,1.000,-86.497,-28.330,TRUE,ba6c8cf7edd3b3b15b14b3346393c97995f0d15162c8a55a40cb134c68cc558e,poses/A71EV2A-x3392a/A71EV2A-x3392a_best-RMSD.openstructure.json,f6158481d5e185f2eb7168f88b240b910dc9227f0e8d6b1f2f27a785635037b5,poses/A71EV2A-x3392a/A71EV2A-x3392a_best-RMSD.posebusters.csv,b20653af7d443e08579f098a4e6c3ed2a1bcaa510a8f62a3bc9de15c727b59ca
A71EV2A-x3435_A_201_0_1_A71EV2A-x0526+A+147+0+1__LIG,O=C(NCCc1cocn1)c1ccccc1,C007,5,lowest-energy,poses/A71EV2A-x3435a/A71EV2A-x3435a_lowest-energy.sdf,A71EV2A-x3435a,1,0.468,0.980,-72.455,-31.940,TRUE,86e7cecdda06062ca5a4d5e16ef458b5ae2ae04aec1d985ee14ca7ebae4370f2,poses/A71EV2A-x3435a/A71EV2A-x3435a_lowest-energy.openstructure.json,5604011d3bf8589308a926a211777f127f339e91693b000487d314d1ad7b14da,poses/A71EV2A-x3435a/A71EV2A-x3435a_lowest-energy.posebusters.csv,e6a836804baa2b8c633eac2e2c91e8000beea3e26da0c98cc0dfbaf699e232e9
A71EV2A-x3435_A_201_0_1_A71EV2A-x0526+A+147+0+1__LIG,O=C(NCCc1cocn1)c1ccccc1,C007,5,best-RMSD,poses/A71EV2A-x3435a/A71EV2A-x3435a_best-RMSD.sdf,A71EV2A-x3435a,1,0.468,0.980,-72.455,-31.940,TRUE,562804f987032222e3e997d41b48bace6692ce8fc34dde767eb322022f6e9ee3,poses/A71EV2A-x3435a/A71EV2A-x3435a_best-RMSD.openstructure.json,5604011d3bf8589308a926a211777f127f339e91693b000487d314d1ad7b14da,poses/A71EV2A-x3435a/A71EV2A-x3435a_best-RMSD.posebusters.csv,e6a836804baa2b8c633eac2e2c91e8000beea3e26da0c98cc0dfbaf699e232e9
